{"start_time":1451305626000,"end_time":1451310600000,"created_at":1451310603000,"updated_at":1451310605000,"start_time_timezone_offset":3600000,"end_time_timezone_offset":3600000,"distance":4340,"duration":4973349,"elevation_gain":28,"elevation_loss":31,"average_speed":3.141545,"calories":903,"longitude":17.675833,"latitude":48.367924,"max_speed":5.2499995,"pause_duration":0,"duration_per_km":1145933,"temperature":2.0,"pulse_avg":0,"pulse_max":0,"avg_cadence":0,"max_cadence":0,"manual":false,"edited":false,"completed":true,"live_tracking_active":false,"live_tracking_enabled":false,"cheering_enabled":false,"indoor":false,"id":"56813e0bdc3377d38856454b","weather_condition_id":"2","sport_type_id":"1"}