{"start_time":1451478324000,"end_time":1451480375000,"created_at":1451480376000,"updated_at":1451480380000,"start_time_timezone_offset":3600000,"end_time_timezone_offset":3600000,"distance":2048,"duration":1802418,"elevation_gain":12,"elevation_loss":10,"average_speed":4.090505,"calories":328,"longitude":17.675674,"latitude":48.367958,"max_speed":7.5000005,"pause_duration":247144,"duration_per_km":880087,"temperature":3.0,"pulse_avg":0,"pulse_max":0,"avg_cadence":0,"max_cadence":0,"manual":false,"edited":false,"completed":true,"live_tracking_active":false,"live_tracking_enabled":false,"cheering_enabled":false,"indoor":false,"id":"5683d538cfc81e7f6a1d5250","weather_condition_id":"1","sport_type_id":"1"}