{"start_time":1451480432000,"end_time":1451482237000,"created_at":1451482271000,"updated_at":1451482273000,"start_time_timezone_offset":3600000,"end_time_timezone_offset":3600000,"distance":1909,"duration":1652353,"elevation_gain":5,"elevation_loss":10,"average_speed":4.159159,"calories":301,"longitude":17.672638,"latitude":48.368103,"max_speed":7.5000005,"pause_duration":152163,"duration_per_km":865559,"temperature":3.0,"pulse_avg":0,"pulse_max":0,"avg_cadence":0,"max_cadence":0,"manual":false,"edited":false,"completed":true,"live_tracking_active":false,"live_tracking_enabled":false,"cheering_enabled":false,"indoor":false,"id":"5683dc9fcfc81ee17b1dda6d","weather_condition_id":"1","sport_type_id":"1"}