{"start_time":1475263048000,"end_time":1475263828000,"created_at":1475263828000,"updated_at":1475263828000,"start_time_timezone_offset":7200000,"end_time_timezone_offset":7200000,"distance":0,"duration":780000,"calories":52,"pause_duration":0,"manual":false,"completed":true,"fitness":{"additional_repetitions_in_last_set":20,"max_repetitions":34,"sets":[{"duration":47000,"repetitions":34,"repetitions_goal":34},{"duration":47000,"repetitions":18,"repetitions_goal":18},{"duration":32000,"repetitions":20,"repetitions_goal":20},{"duration":124000,"repetitions":16,"repetitions_goal":16},{"duration":44000,"repetitions":32,"repetitions_goal":12}]},"training_plan":{"Key":"pushup_100","Level":2,"LevelDay":13,"LevelOverallDays":19},"id":"57eebd5471c40c27381e090c","sport_type_id":"63"}