{"start_time":1478665028000,"end_time":1478665921000,"created_at":1478665934000,"updated_at":1478665934000,"start_time_timezone_offset":3600000,"end_time_timezone_offset":3600000,"distance":0,"duration":893000,"calories":73,"pause_duration":0,"manual":false,"completed":true,"fitness":{"additional_repetitions_in_last_set":12,"max_repetitions":52,"sets":[{"duration":92000,"repetitions":52,"repetitions_goal":52},{"duration":27000,"repetitions":26,"repetitions_goal":26},{"duration":29000,"repetitions":26,"repetitions_goal":26},{"duration":22000,"repetitions":22,"repetitions_goal":22},{"duration":34000,"repetitions":30,"repetitions_goal":18}]},"training_plan":{"Key":"pushup_100","Level":3,"LevelDay":12,"LevelOverallDays":25},"id":"5822a6ce34f12c2ca8704957","sport_type_id":"63"}