{"start_time":1478062454000,"end_time":1478063568000,"created_at":1478063578000,"updated_at":1478063578000,"start_time_timezone_offset":3600000,"end_time_timezone_offset":3600000,"distance":0,"duration":1114000,"calories":83,"pause_duration":0,"manual":false,"completed":true,"fitness":{"additional_repetitions_in_last_set":6,"max_repetitions":48,"sets":[{"duration":107000,"repetitions":48,"repetitions_goal":48},{"duration":58000,"repetitions":26,"repetitions_goal":26},{"duration":36000,"repetitions":26,"repetitions_goal":26},{"duration":36000,"repetitions":20,"repetitions_goal":20},{"duration":31000,"repetitions":22,"repetitions_goal":16}]},"training_plan":{"Key":"pushup_100","Level":3,"LevelDay":9,"LevelOverallDays":25},"id":"581975da5f19b18bc3de0880","sport_type_id":"63"}