{"start_time":1476378689000,"end_time":1476380516000,"created_at":1476380526000,"updated_at":1476380526000,"start_time_timezone_offset":7200000,"end_time_timezone_offset":7200000,"distance":0,"duration":1826714,"calories":223,"pause_duration":286,"pulse_avg":0,"manual":false,"edited":false,"completed":true,"live_tracking_active":false,"live_tracking_enabled":false,"cheering_enabled":false,"indoor":true,"workout":{"training_plan":{"key":"sixpack.basic-male.1","level":3,"level_day":8,"level_overall_days":25},"extra_mile":true,"avatar_key":"daniel","exercises":[{"current_set":1,"duration":154261,"key":"sixpack.4","repetitions":32,"repetitions_goal":32,"sets_goal":3,"timestamp":1476378689035,"type":"exercise"},{"duration":60131,"timestamp":1476378843296,"type":"pause"},{"current_set":2,"duration":154193,"key":"sixpack.4","repetitions":32,"repetitions_goal":32,"sets_goal":3,"timestamp":1476378903427,"type":"exercise"},{"duration":60128,"timestamp":1476379057620,"type":"pause"},{"current_set":3,"duration":154265,"key":"sixpack.4","repetitions":32,"repetitions_goal":32,"sets_goal":3,"timestamp":1476379117748,"type":"exercise"},{"duration":27049,"timestamp":1476379272013,"type":"pause"},{"current_set":1,"duration":365,"key":"sixpack.13","repetitions":0,"repetitions_goal":32,"sets_goal":3,"timestamp":1476379299062,"type":"exercise"},{"duration":12480,"timestamp":1476379299427,"type":"pause"},{"current_set":1,"duration":103026,"key":"sixpack.13","repetitions":32,"repetitions_goal":32,"sets_goal":3,"timestamp":1476379311907,"type":"exercise"},{"duration":30139,"timestamp":1476379414933,"type":"pause"},{"current_set":2,"duration":103088,"key":"sixpack.13","repetitions":32,"repetitions_goal":32,"sets_goal":3,"timestamp":1476379445072,"type":"exercise"},{"duration":30147,"timestamp":1476379548161,"type":"pause"},{"current_set":3,"duration":103036,"key":"sixpack.13","repetitions":32,"repetitions_goal":32,"sets_goal":3,"timestamp":1476379578308,"type":"exercise"},{"duration":30771,"timestamp":1476379681344,"type":"pause"},{"current_set":1,"duration":77404,"key":"sixpack.33","repetitions":32,"repetitions_goal":32,"sets_goal":3,"timestamp":1476379712115,"type":"exercise"},{"duration":30207,"timestamp":1476379789519,"type":"pause"},{"current_set":2,"duration":77361,"key":"sixpack.33","repetitions":32,"repetitions_goal":32,"sets_goal":3,"timestamp":1476379819726,"type":"exercise"},{"duration":30262,"timestamp":1476379897087,"type":"pause"},{"current_set":3,"duration":77427,"key":"sixpack.33","repetitions":32,"repetitions_goal":32,"sets_goal":3,"timestamp":1476379927349,"type":"exercise"},{"duration":30696,"timestamp":1476380004776,"type":"pause"},{"current_set":1,"duration":77449,"key":"sixpack.21","repetitions":32,"repetitions_goal":32,"sets_goal":3,"timestamp":1476380035472,"type":"exercise"},{"duration":30172,"timestamp":1476380112921,"type":"pause"},{"current_set":2,"duration":77421,"key":"sixpack.21","repetitions":32,"repetitions_goal":32,"sets_goal":3,"timestamp":1476380143093,"type":"exercise"},{"duration":30154,"timestamp":1476380220514,"type":"pause"},{"current_set":3,"duration":77421,"key":"sixpack.21","repetitions":32,"repetitions_goal":32,"sets_goal":3,"timestamp":1476380250668,"type":"exercise"},{"duration":33438,"timestamp":1476380328089,"type":"pause"},{"current_set":1,"duration":154223,"extra_mile":true,"key":"sixpack.4","repetitions":32,"repetitions_goal":32,"sets_goal":1,"timestamp":1476380361527,"type":"exercise"}]},"training_plan":{"key":"sixpack.basic-male.1","level":3,"level_day":8,"level_overall_days":25},"id":"57ffc76e7fa48d2e3025e8b8","subjective_feeling_id":"5","sport_type_id":"77"}