{"start_time":1477849257000,"end_time":1477851498000,"created_at":1477851530000,"updated_at":1477851531000,"start_time_timezone_offset":3600000,"end_time_timezone_offset":3600000,"distance":0,"duration":1860548,"calories":226,"pause_duration":380452,"pulse_avg":0,"manual":false,"edited":false,"completed":true,"live_tracking_active":false,"live_tracking_enabled":false,"cheering_enabled":false,"indoor":true,"workout":{"training_plan":{"key":"sixpack.basic-male.1","level":3,"level_day":15,"level_overall_days":25},"extra_mile":false,"avatar_key":"daniel","exercises":[{"current_set":1,"duration":128953,"key":"sixpack.17","repetitions":40,"repetitions_goal":40,"sets_goal":2,"timestamp":1477849257163,"type":"exercise"},{"duration":60131,"timestamp":1477849386116,"type":"pause"},{"current_set":2,"duration":128693,"key":"sixpack.17","repetitions":40,"repetitions_goal":40,"sets_goal":2,"timestamp":1477849446247,"type":"exercise"},{"duration":60666,"timestamp":1477849606881,"type":"pause"},{"current_set":1,"duration":128933,"key":"sixpack.40","repetitions":40,"repetitions_goal":40,"sets_goal":2,"timestamp":1477849667547,"type":"exercise"},{"duration":30166,"timestamp":1477849864994,"type":"pause"},{"current_set":2,"duration":122344,"key":"sixpack.40","repetitions":40,"repetitions_goal":40,"sets_goal":2,"timestamp":1477849895160,"type":"exercise"},{"duration":30698,"timestamp":1477850051350,"type":"pause"},{"current_set":1,"duration":128942,"key":"sixpack.51","repetitions":40,"repetitions_goal":40,"sets_goal":2,"timestamp":1477850082048,"type":"exercise"},{"duration":60133,"timestamp":1477850259355,"type":"pause"},{"current_set":2,"duration":125713,"key":"sixpack.51","repetitions":40,"repetitions_goal":40,"sets_goal":2,"timestamp":1477850319488,"type":"exercise"},{"duration":30637,"timestamp":1477850526726,"type":"pause"},{"current_set":1,"duration":192967,"key":"sixpack.36","repetitions":40,"repetitions_goal":40,"sets_goal":2,"timestamp":1477850557363,"type":"exercise"},{"duration":60060,"timestamp":1477850804499,"type":"pause"},{"current_set":2,"duration":192888,"key":"sixpack.36","repetitions":40,"repetitions_goal":40,"sets_goal":2,"timestamp":1477850864559,"type":"exercise"},{"duration":60667,"timestamp":1477851101233,"type":"pause"},{"current_set":1,"duration":128934,"key":"sixpack.1","repetitions":40,"repetitions_goal":40,"sets_goal":2,"timestamp":1477851161900,"type":"exercise"},{"duration":60109,"timestamp":1477851290834,"type":"pause"},{"current_set":2,"duration":128914,"key":"sixpack.1","repetitions":40,"repetitions_goal":40,"sets_goal":2,"timestamp":1477851350943,"type":"exercise"}]},"training_plan":{"key":"sixpack.basic-male.1","level":3,"level_day":15,"level_overall_days":25},"id":"5816398a8a28a1df2737ec06","subjective_feeling_id":"5","sport_type_id":"77"}