{"start_time":1477281445000,"end_time":1477282533000,"created_at":1477282540000,"updated_at":1477282540000,"start_time_timezone_offset":7200000,"end_time_timezone_offset":7200000,"distance":0,"duration":1088000,"calories":62,"pause_duration":0,"manual":false,"completed":true,"fitness":{"additional_repetitions_in_last_set":0,"max_repetitions":40,"sets":[{"duration":62000,"repetitions":40,"repetitions_goal":40},{"duration":92000,"repetitions":26,"repetitions_goal":26},{"duration":314000,"repetitions":24,"repetitions_goal":24},{"duration":23000,"repetitions":18,"repetitions_goal":18},{"duration":20000,"repetitions":16,"repetitions_goal":16}]},"training_plan":{"Key":"pushup_100","Level":3,"LevelDay":4,"LevelOverallDays":25},"id":"580d8aecf454bae655e0920b","sport_type_id":"63"}