{"start_time":1477714274000,"end_time":1477715465000,"created_at":1477715477000,"updated_at":1477715477000,"start_time_timezone_offset":7200000,"end_time_timezone_offset":7200000,"distance":0,"duration":1191000,"calories":82,"pause_duration":0,"manual":false,"completed":true,"fitness":{"additional_repetitions_in_last_set":14,"max_repetitions":46,"sets":[{"duration":79000,"repetitions":46,"repetitions_goal":46},{"duration":111000,"repetitions":26,"repetitions_goal":26},{"duration":79000,"repetitions":24,"repetitions_goal":24},{"duration":42000,"repetitions":20,"repetitions_goal":20},{"duration":35000,"repetitions":30,"repetitions_goal":16}]},"training_plan":{"Key":"pushup_100","Level":3,"LevelDay":7,"LevelOverallDays":25},"id":"581426157fa48d95d70eb09c","sport_type_id":"63"}