{"start_time":1473303288000,"end_time":1473304186000,"created_at":1473304194000,"updated_at":1473304194000,"start_time_timezone_offset":0,"end_time_timezone_offset":0,"distance":0,"duration":872807,"calories":84,"pause_duration":25193,"pulse_avg":0,"manual":false,"edited":false,"completed":true,"live_tracking_active":false,"live_tracking_enabled":false,"cheering_enabled":false,"indoor":true,"workout":{"training_plan":{"key":"sixpack.basic-male.1","level":1,"level_day":10,"level_overall_days":10},"extra_mile":false,"avatar_key":"daniel","exercises":[{"current_set":1,"duration":82278,"key":"sixpack.27","repetitions":26,"repetitions_goal":26,"sets_goal":2,"timestamp":1473303288356,"type":"exercise"},{"duration":29879,"timestamp":1473303370634,"type":"pause"},{"current_set":2,"duration":82347,"key":"sixpack.27","repetitions":26,"repetitions_goal":26,"sets_goal":2,"timestamp":1473303400513,"type":"exercise"},{"duration":30204,"timestamp":1473303482860,"type":"pause"},{"current_set":1,"duration":82345,"key":"sixpack.15","repetitions":26,"repetitions_goal":26,"sets_goal":2,"timestamp":1473303513064,"type":"exercise"},{"duration":29852,"timestamp":1473303595409,"type":"pause"},{"current_set":2,"duration":82334,"key":"sixpack.15","repetitions":26,"repetitions_goal":26,"sets_goal":2,"timestamp":1473303625261,"type":"exercise"},{"duration":30287,"timestamp":1473303707595,"type":"pause"},{"current_set":1,"duration":82169,"key":"sixpack.23","repetitions":26,"repetitions_goal":26,"sets_goal":2,"timestamp":1473303737882,"type":"exercise"},{"duration":29851,"timestamp":1473303820052,"type":"pause"},{"current_set":2,"duration":82315,"key":"sixpack.23","repetitions":26,"repetitions_goal":26,"sets_goal":2,"timestamp":1473303849903,"type":"exercise"},{"duration":30160,"timestamp":1473303932218,"type":"pause"},{"current_set":1,"duration":82327,"key":"sixpack.48","repetitions":26,"repetitions_goal":26,"sets_goal":2,"timestamp":1473303962378,"type":"exercise"},{"duration":29823,"timestamp":1473304044705,"type":"pause"},{"current_set":2,"duration":82267,"key":"sixpack.48","repetitions":26,"repetitions_goal":26,"sets_goal":2,"timestamp":1473304074528,"type":"exercise"},{"duration":4369,"timestamp":1473304156796,"type":"pause"}]},"training_plan":{"key":"sixpack.basic-male.1","level":1,"level_day":10,"level_overall_days":10},"id":"57d0d6820c95015a5c8405fb","sport_type_id":"77"}