{"start_time":1475957568000,"end_time":1475959543000,"created_at":1475959549000,"updated_at":1475959549000,"start_time_timezone_offset":7200000,"end_time_timezone_offset":7200000,"distance":0,"duration":1878894,"calories":208,"pause_duration":96106,"pulse_avg":0,"manual":false,"edited":false,"completed":true,"live_tracking_active":false,"live_tracking_enabled":false,"cheering_enabled":false,"indoor":true,"workout":{"training_plan":{"key":"sixpack.basic-male.1","level":3,"level_day":4,"level_overall_days":25},"extra_mile":true,"avatar_key":"daniel","exercises":[{"current_set":1,"duration":90175,"key":"sixpack.16","repetitions":28,"repetitions_goal":28,"sets_goal":3,"timestamp":1475957568424,"type":"exercise"},{"duration":30140,"timestamp":1475957658599,"type":"pause"},{"current_set":2,"duration":90161,"key":"sixpack.16","repetitions":28,"repetitions_goal":28,"sets_goal":3,"timestamp":1475957688739,"type":"exercise"},{"duration":60136,"timestamp":1475957778900,"type":"pause"},{"current_set":3,"duration":90162,"key":"sixpack.16","repetitions":28,"repetitions_goal":28,"sets_goal":3,"timestamp":1475957839036,"type":"exercise"},{"duration":29082,"timestamp":1475957929198,"type":"pause"},{"current_set":1,"duration":8175,"key":"sixpack.45","repetitions":3,"repetitions_goal":28,"sets_goal":3,"timestamp":1475957958280,"type":"exercise"},{"duration":14118,"timestamp":1475957966455,"type":"pause"},{"current_set":1,"duration":90160,"key":"sixpack.45","repetitions":28,"repetitions_goal":28,"sets_goal":3,"timestamp":1475957980573,"type":"exercise"},{"duration":90150,"timestamp":1475958070733,"type":"pause"},{"current_set":2,"duration":90070,"key":"sixpack.45","repetitions":28,"repetitions_goal":28,"sets_goal":3,"timestamp":1475958160883,"type":"exercise"},{"duration":90169,"timestamp":1475958264406,"type":"pause"},{"current_set":3,"duration":90122,"key":"sixpack.45","repetitions":28,"repetitions_goal":28,"sets_goal":3,"timestamp":1475958354575,"type":"exercise"},{"duration":51388,"timestamp":1475958479028,"type":"pause"},{"current_set":1,"duration":67799,"key":"sixpack.10","repetitions":28,"repetitions_goal":28,"sets_goal":3,"timestamp":1475958530416,"type":"exercise"},{"duration":19332,"timestamp":1475958598216,"type":"pause"},{"current_set":2,"duration":67724,"key":"sixpack.10","repetitions":28,"repetitions_goal":28,"sets_goal":3,"timestamp":1475958617548,"type":"exercise"},{"duration":60253,"timestamp":1475958685272,"type":"pause"},{"current_set":3,"duration":67745,"key":"sixpack.10","repetitions":28,"repetitions_goal":28,"sets_goal":3,"timestamp":1475958745525,"type":"exercise"},{"duration":60736,"timestamp":1475958813270,"type":"pause"},{"current_set":1,"duration":86848,"key":"sixpack.3","repetitions":28,"repetitions_goal":28,"sets_goal":3,"timestamp":1475958874006,"type":"exercise"},{"duration":80260,"timestamp":1475958978703,"type":"pause"},{"current_set":2,"duration":46122,"key":"sixpack.3","repetitions":15,"repetitions_goal":28,"sets_goal":3,"timestamp":1475959058963,"type":"exercise"},{"duration":12000,"timestamp":1475959105085,"type":"pause"},{"current_set":1,"duration":90176,"key":"sixpack.3","repetitions":28,"repetitions_goal":28,"sets_goal":3,"timestamp":1475959117085,"type":"exercise"},{"duration":17460,"timestamp":1475959207261,"type":"pause"},{"current_set":2,"duration":90127,"key":"sixpack.3","repetitions":28,"repetitions_goal":28,"sets_goal":3,"timestamp":1475959224721,"type":"exercise"},{"duration":3621,"timestamp":1475959344497,"type":"pause"},{"current_set":3,"duration":89364,"key":"sixpack.3","repetitions":28,"repetitions_goal":28,"sets_goal":3,"timestamp":1475959348118,"type":"exercise"},{"duration":14959,"timestamp":1475959437482,"type":"pause"},{"current_set":1,"duration":90160,"extra_mile":true,"key":"sixpack.16","repetitions":28,"repetitions_goal":28,"sets_goal":1,"timestamp":1475959452441,"type":"exercise"}]},"training_plan":{"key":"sixpack.basic-male.1","level":3,"level_day":4,"level_overall_days":25},"id":"57f95afd7fa48dd6558369f5","subjective_feeling_id":"2","sport_type_id":"77"}