{"start_time":1475119832000,"end_time":1475120427000,"created_at":1475120429000,"updated_at":1475120429000,"start_time_timezone_offset":7200000,"end_time_timezone_offset":7200000,"distance":0,"duration":595000,"calories":43,"pause_duration":0,"manual":false,"completed":true,"fitness":{"additional_repetitions_in_last_set":24,"max_repetitions":34,"sets":[{"duration":43000,"repetitions":32,"repetitions_goal":32},{"duration":53000,"repetitions":22,"repetitions_goal":22},{"duration":50000,"repetitions":18,"repetitions_goal":18},{"duration":35000,"repetitions":14,"repetitions_goal":14},{"duration":32000,"repetitions":34,"repetitions_goal":10}]},"training_plan":{"Key":"pushup_100","Level":2,"LevelDay":12,"LevelOverallDays":19},"id":"57ec8d2d8a28a116db5529e2","sport_type_id":"63"}