{"start_time":1478025138000,"end_time":1478025595000,"created_at":1478025607000,"updated_at":1478025607000,"start_time_timezone_offset":3600000,"end_time_timezone_offset":3600000,"distance":0,"duration":457000,"calories":23,"pause_duration":0,"manual":false,"completed":true,"fitness":{"additional_repetitions_in_last_set":1,"max_repetitions":10,"sets":[{"duration":57000,"repetitions":10,"repetitions_goal":10},{"duration":47000,"repetitions":6,"repetitions_goal":6},{"duration":30000,"repetitions":4,"repetitions_goal":4},{"duration":48000,"repetitions":7,"repetitions_goal":6}]},"training_plan":{"Key":"pullup_20","Level":2,"LevelDay":7,"LevelOverallDays":19},"id":"5818e1877acb15247d74d147","sport_type_id":"65"}