{"start_time":1477075353000,"end_time":1477075785000,"created_at":1477075792000,"updated_at":1477075792000,"start_time_timezone_offset":7200000,"end_time_timezone_offset":7200000,"distance":0,"duration":432000,"calories":22,"pause_duration":0,"manual":false,"completed":true,"fitness":{"additional_repetitions_in_last_set":1,"max_repetitions":8,"sets":[{"duration":52000,"repetitions":8,"repetitions_goal":8},{"duration":42000,"repetitions":5,"repetitions_goal":5},{"duration":27000,"repetitions":3,"repetitions_goal":3},{"duration":36000,"repetitions":5,"repetitions_goal":4}]},"training_plan":{"Key":"pullup_20","Level":2,"LevelDay":3,"LevelOverallDays":19},"id":"580a63507fa48d2ed815cab8","sport_type_id":"65"}