{"start_time":1475298994000,"end_time":1475304211000,"created_at":1475430539000,"updated_at":1475430541000,"start_time_timezone_offset":7200000,"end_time_timezone_offset":7200000,"distance":17152,"duration":5216042,"elevation_gain":29,"elevation_loss":32,"average_speed":11.837941,"calories":1182,"longitude":17.67595,"latitude":48.367702,"max_speed":13.8,"pause_duration":0,"duration_per_km":304107,"temperature":10.0,"pulse_avg":0,"pulse_max":0,"avg_cadence":0,"max_cadence":0,"manual":false,"edited":false,"completed":true,"live_tracking_active":false,"live_tracking_enabled":false,"cheering_enabled":false,"indoor":false,"id":"57f1488bcfc81ebb9b0201cc","weather_condition_id":"1","surface_id":"2","subjective_feeling_id":"1","sport_type_id":"1","user_equipment_ids":["57d716bd77877324cacaecbc"]}