{"start_time":1475918061000,"end_time":1475918982000,"created_at":1475918985000,"updated_at":1475918985000,"start_time_timezone_offset":7200000,"end_time_timezone_offset":7200000,"distance":0,"duration":921000,"calories":63,"pause_duration":0,"manual":false,"completed":true,"fitness":{"additional_repetitions_in_last_set":14,"max_repetitions":38,"sets":[{"duration":45000,"repetitions":38,"repetitions_goal":38},{"duration":87000,"repetitions":24,"repetitions_goal":24},{"duration":36000,"repetitions":18,"repetitions_goal":18},{"duration":20000,"repetitions":14,"repetitions_goal":14},{"duration":102000,"repetitions":26,"repetitions_goal":12}]},"training_plan":{"Key":"pushup_100","Level":2,"LevelDay":16,"LevelOverallDays":19},"id":"57f8bc89dc3377b53c7ad608","sport_type_id":"63"}