{"start_time":1477203480000,"end_time":1477206526000,"created_at":1477207989000,"updated_at":1477207991000,"start_time_timezone_offset":7200000,"end_time_timezone_offset":7200000,"distance":10234,"duration":3045525,"elevation_gain":8,"elevation_loss":23,"average_speed":12.097225,"calories":704,"longitude":17.675863,"latitude":48.36781,"max_speed":13.65,"pause_duration":0,"duration_per_km":297589,"temperature":7.0,"pulse_avg":0,"pulse_max":0,"avg_cadence":0,"max_cadence":0,"manual":false,"edited":false,"completed":true,"live_tracking_active":false,"live_tracking_enabled":false,"cheering_enabled":false,"indoor":false,"id":"580c67b5dcd33b4667c7d269","weather_condition_id":"2","surface_id":"2","subjective_feeling_id":"1","sport_type_id":"1","user_equipment_ids":["57d716bd77877324cacaecbc"]}