{"start_time":1475993510000,"end_time":1475998390000,"created_at":1476033527000,"updated_at":1476033529000,"start_time_timezone_offset":7200000,"end_time_timezone_offset":7200000,"distance":15622,"duration":4878970,"elevation_gain":21,"elevation_loss":23,"average_speed":11.526858,"calories":1078,"longitude":17.67564,"latitude":48.367756,"max_speed":15.449999,"pause_duration":0,"duration_per_km":312314,"temperature":6.0,"pulse_avg":0,"pulse_max":0,"avg_cadence":0,"max_cadence":0,"manual":false,"edited":false,"completed":true,"live_tracking_active":false,"live_tracking_enabled":false,"cheering_enabled":false,"indoor":false,"id":"57fa7bf771c40c7d40921847","weather_condition_id":"2","surface_id":"2","subjective_feeling_id":"1","sport_type_id":"1","user_equipment_ids":["57d716bd77877324cacaecbc"]}