{"start_time":1467133783000,"end_time":1467134330000,"created_at":1467135967000,"updated_at":1467135968000,"start_time_timezone_offset":0,"end_time_timezone_offset":0,"distance":0,"duration":546826,"calories":33,"pause_duration":174,"pulse_avg":0,"manual":false,"edited":false,"completed":true,"live_tracking_active":false,"live_tracking_enabled":false,"cheering_enabled":false,"indoor":true,"workout":{"training_plan":{"key":"sixpack.basic-male.1","level":1,"level_day":1,"level_overall_days":10},"extra_mile":true,"avatar_key":"daniel","exercises":[{"current_set":1,"duration":25625,"key":"sixpack.20","repetitions":8,"repetitions_goal":8,"sets_goal":3,"timestamp":1467133782731,"type":"exercise"},{"duration":29957,"timestamp":1467133808356,"type":"pause"},{"current_set":2,"duration":25502,"key":"sixpack.20","repetitions":8,"repetitions_goal":8,"sets_goal":3,"timestamp":1467133838313,"type":"exercise"},{"duration":30055,"timestamp":1467133863815,"type":"pause"},{"current_set":3,"duration":25448,"key":"sixpack.20","repetitions":8,"repetitions_goal":8,"sets_goal":3,"timestamp":1467133893870,"type":"exercise"},{"duration":31016,"timestamp":1467133919318,"type":"pause"},{"current_set":1,"duration":38373,"key":"sixpack.11","repetitions":8,"repetitions_goal":8,"sets_goal":3,"timestamp":1467133950334,"type":"exercise"},{"duration":29961,"timestamp":1467133988707,"type":"pause"},{"current_set":2,"duration":38460,"key":"sixpack.11","repetitions":8,"repetitions_goal":8,"sets_goal":3,"timestamp":1467134018668,"type":"exercise"},{"duration":29999,"timestamp":1467134057128,"type":"pause"},{"current_set":3,"duration":38384,"key":"sixpack.11","repetitions":8,"repetitions_goal":8,"sets_goal":3,"timestamp":1467134087127,"type":"exercise"},{"duration":30963,"timestamp":1467134125511,"type":"pause"},{"current_set":1,"duration":19201,"key":"sixpack.7","repetitions":8,"repetitions_goal":8,"sets_goal":3,"timestamp":1467134156474,"type":"exercise"},{"duration":30049,"timestamp":1467134175675,"type":"pause"},{"current_set":2,"duration":19169,"key":"sixpack.7","repetitions":8,"repetitions_goal":8,"sets_goal":3,"timestamp":1467134205724,"type":"exercise"},{"duration":29921,"timestamp":1467134224893,"type":"pause"},{"current_set":3,"duration":19284,"key":"sixpack.7","repetitions":8,"repetitions_goal":8,"sets_goal":3,"timestamp":1467134254814,"type":"exercise"},{"duration":31103,"timestamp":1467134274098,"type":"pause"},{"current_set":1,"duration":24356,"extra_mile":true,"key":"sixpack.20","repetitions":8,"repetitions_goal":8,"sets_goal":1,"timestamp":1467134305201,"type":"exercise"}]},"training_plan":{"key":"sixpack.basic-male.1","level":1,"level_day":1,"level_overall_days":10},"id":"5772b7df9ad6986bdb6b2268","subjective_feeling_id":"1","sport_type_id":"77"}