{"start_time":1473653704000,"end_time":1473654177000,"created_at":1473654184000,"updated_at":1473654184000,"start_time_timezone_offset":0,"end_time_timezone_offset":0,"distance":0,"duration":473000,"calories":21,"pause_duration":0,"manual":false,"completed":true,"fitness":{"additional_repetitions_in_last_set":47,"max_repetitions":57,"sets":[{"duration":18000,"repetitions":16,"repetitions_goal":16},{"duration":13000,"repetitions":16,"repetitions_goal":16},{"duration":13000,"repetitions":12,"repetitions_goal":12},{"duration":9000,"repetitions":11,"repetitions_goal":11},{"duration":263000,"repetitions":57,"repetitions_goal":10}]},"training_plan":{"Key":"pushup_100","Level":2,"LevelDay":2,"LevelOverallDays":19},"id":"57d62da85f19b1f0f9f8ef72","sport_type_id":"63"}