{"start_time":1474986254000,"end_time":1474991009000,"created_at":1474991078000,"updated_at":1474991080000,"start_time_timezone_offset":7200000,"end_time_timezone_offset":7200000,"distance":15594,"duration":4753968,"elevation_gain":70,"elevation_loss":65,"average_speed":11.808746,"calories":1074,"longitude":17.676516,"latitude":48.367558,"max_speed":16.05,"pause_duration":0,"duration_per_km":304859,"temperature":20.0,"pulse_avg":0,"pulse_max":0,"avg_cadence":0,"max_cadence":0,"manual":false,"edited":false,"completed":true,"live_tracking_active":false,"live_tracking_enabled":false,"cheering_enabled":false,"indoor":false,"id":"57ea93e6dcd33b7954b76996","weather_condition_id":"1","surface_id":"1","subjective_feeling_id":"1","sport_type_id":"1","user_equipment_ids":["57d716bd77877324cacaecbc"]}