{"start_time":1477454754000,"end_time":1477455674000,"created_at":1477455683000,"updated_at":1477455683000,"start_time_timezone_offset":7200000,"end_time_timezone_offset":7200000,"distance":0,"duration":920000,"calories":63,"pause_duration":0,"manual":false,"completed":true,"fitness":{"additional_repetitions_in_last_set":4,"max_repetitions":40,"sets":[{"duration":191000,"repetitions":40,"repetitions_goal":40},{"duration":71000,"repetitions":28,"repetitions_goal":28},{"duration":27000,"repetitions":24,"repetitions_goal":24},{"duration":18000,"repetitions":18,"repetitions_goal":18},{"duration":25000,"repetitions":20,"repetitions_goal":16}]},"training_plan":{"Key":"pushup_100","Level":3,"LevelDay":5,"LevelOverallDays":25},"id":"58102f435f19b1a3adc844f8","sport_type_id":"63"}