{"start_time":1475408400000,"end_time":1475409549000,"created_at":1475409552000,"updated_at":1475409553000,"start_time_timezone_offset":7200000,"end_time_timezone_offset":7200000,"distance":0,"duration":1149000,"calories":68,"pause_duration":0,"manual":false,"completed":true,"fitness":{"additional_repetitions_in_last_set":20,"max_repetitions":34,"sets":[{"duration":55000,"repetitions":34,"repetitions_goal":34},{"duration":27000,"repetitions":20,"repetitions_goal":20},{"duration":71000,"repetitions":18,"repetitions_goal":18},{"duration":174000,"repetitions":16,"repetitions_goal":16},{"duration":96000,"repetitions":32,"repetitions_goal":12}]},"training_plan":{"Key":"pushup_100","Level":2,"LevelDay":14,"LevelOverallDays":19},"id":"57f0f690cfc81e8c03af118f","sport_type_id":"63"}