{"start_time":1474393868000,"end_time":1474395034000,"created_at":1474395039000,"updated_at":1474395039000,"start_time_timezone_offset":7200000,"end_time_timezone_offset":7200000,"distance":0,"duration":1165640,"calories":116,"pause_duration":360,"pulse_avg":0,"manual":false,"edited":false,"completed":true,"live_tracking_active":false,"live_tracking_enabled":false,"cheering_enabled":false,"indoor":true,"workout":{"training_plan":{"key":"sixpack.basic-male.1","level":2,"level_day":7,"level_overall_days":15},"extra_mile":true,"avatar_key":"daniel","exercises":[{"current_set":1,"duration":133393,"key":"sixpack.41","repetitions":28,"repetitions_goal":28,"sets_goal":2,"timestamp":1474393868474,"type":"exercise"},{"duration":29932,"timestamp":1474394001867,"type":"pause"},{"current_set":2,"duration":133436,"key":"sixpack.41","repetitions":28,"repetitions_goal":28,"sets_goal":2,"timestamp":1474394031799,"type":"exercise"},{"duration":30196,"timestamp":1474394165235,"type":"pause"},{"current_set":1,"duration":66259,"key":"sixpack.24","repetitions":28,"repetitions_goal":28,"sets_goal":2,"timestamp":1474394195431,"type":"exercise"},{"duration":29819,"timestamp":1474394261690,"type":"pause"},{"current_set":2,"duration":66229,"key":"sixpack.24","repetitions":28,"repetitions_goal":28,"sets_goal":2,"timestamp":1474394291509,"type":"exercise"},{"duration":30229,"timestamp":1474394357738,"type":"pause"},{"current_set":1,"duration":88657,"key":"sixpack.27","repetitions":28,"repetitions_goal":28,"sets_goal":2,"timestamp":1474394387967,"type":"exercise"},{"duration":29902,"timestamp":1474394476624,"type":"pause"},{"current_set":2,"duration":88557,"key":"sixpack.27","repetitions":28,"repetitions_goal":28,"sets_goal":2,"timestamp":1474394506526,"type":"exercise"},{"duration":30231,"timestamp":1474394595083,"type":"pause"},{"current_set":1,"duration":88594,"key":"sixpack.28","repetitions":28,"repetitions_goal":28,"sets_goal":2,"timestamp":1474394625314,"type":"exercise"},{"duration":59904,"timestamp":1474394713908,"type":"pause"},{"current_set":2,"duration":88565,"key":"sixpack.28","repetitions":28,"repetitions_goal":28,"sets_goal":2,"timestamp":1474394773812,"type":"exercise"},{"duration":38291,"timestamp":1474394862377,"type":"pause"},{"current_set":1,"duration":133446,"extra_mile":true,"key":"sixpack.41","repetitions":28,"repetitions_goal":28,"sets_goal":1,"timestamp":1474394900668,"type":"exercise"}]},"training_plan":{"key":"sixpack.basic-male.1","level":2,"level_day":7,"level_overall_days":15},"id":"57e17b9fda3113e72c64db23","sport_type_id":"77"}