{"start_time":1473692058000,"end_time":1473692243000,"created_at":1473692243000,"updated_at":1473692243000,"start_time_timezone_offset":0,"end_time_timezone_offset":0,"distance":0,"duration":185000,"calories":8,"pause_duration":0,"manual":false,"completed":true,"fitness":{"additional_repetitions_in_last_set":1,"max_repetitions":3,"sets":[{"duration":5000,"repetitions":2,"repetitions_goal":2},{"duration":17000,"repetitions":2,"repetitions_goal":2},{"duration":13000,"repetitions":1,"repetitions_goal":1},{"duration":41000,"repetitions":3,"repetitions_goal":2}]},"training_plan":{"Key":"pullup_20","Level":1,"LevelDay":3,"LevelOverallDays":19},"id":"57d6c253ae8cbef454794c06","sport_type_id":"65"}