{"start_time":1472967591000,"end_time":1472968405000,"created_at":1472968420000,"updated_at":1472968420000,"start_time_timezone_offset":0,"end_time_timezone_offset":0,"distance":0,"duration":814322,"calories":73,"pause_duration":-322,"pulse_avg":0,"manual":false,"edited":false,"completed":true,"live_tracking_active":false,"live_tracking_enabled":false,"cheering_enabled":false,"indoor":true,"workout":{"training_plan":{"key":"sixpack.basic-male.1","level":1,"level_day":7,"level_overall_days":10},"extra_mile":true,"avatar_key":"daniel","exercises":[{"current_set":1,"duration":63273,"key":"sixpack.15","repetitions":20,"repetitions_goal":20,"sets_goal":2,"timestamp":1472967590947,"type":"exercise"},{"duration":29934,"timestamp":1472967654220,"type":"pause"},{"current_set":2,"duration":63300,"key":"sixpack.15","repetitions":20,"repetitions_goal":20,"sets_goal":2,"timestamp":1472967684154,"type":"exercise"},{"duration":30162,"timestamp":1472967747454,"type":"pause"},{"current_set":1,"duration":63319,"key":"sixpack.23","repetitions":20,"repetitions_goal":20,"sets_goal":2,"timestamp":1472967777616,"type":"exercise"},{"duration":29922,"timestamp":1472967840935,"type":"pause"},{"current_set":2,"duration":63216,"key":"sixpack.23","repetitions":20,"repetitions_goal":20,"sets_goal":2,"timestamp":1472967870857,"type":"exercise"},{"duration":30199,"timestamp":1472967934073,"type":"pause"},{"current_set":1,"duration":63245,"key":"sixpack.48","repetitions":20,"repetitions_goal":20,"sets_goal":2,"timestamp":1472967964272,"type":"exercise"},{"duration":29921,"timestamp":1472968027517,"type":"pause"},{"current_set":2,"duration":63273,"key":"sixpack.48","repetitions":20,"repetitions_goal":20,"sets_goal":2,"timestamp":1472968057438,"type":"exercise"},{"duration":30214,"timestamp":1472968120711,"type":"pause"},{"current_set":1,"duration":63290,"key":"sixpack.27","repetitions":20,"repetitions_goal":20,"sets_goal":2,"timestamp":1472968150925,"type":"exercise"},{"duration":29930,"timestamp":1472968214215,"type":"pause"},{"current_set":2,"duration":63205,"key":"sixpack.27","repetitions":20,"repetitions_goal":20,"sets_goal":2,"timestamp":1472968244145,"type":"exercise"},{"duration":34624,"timestamp":1472968307350,"type":"pause"},{"current_set":1,"duration":63295,"extra_mile":true,"key":"sixpack.15","repetitions":20,"repetitions_goal":20,"sets_goal":1,"timestamp":1472968341974,"type":"exercise"}]},"training_plan":{"key":"sixpack.basic-male.1","level":1,"level_day":7,"level_overall_days":10},"id":"57cbb6e40c9501cbe1caf4f8","subjective_feeling_id":"5","sport_type_id":"77"}