{"start_time":1473826323000,"end_time":1473826805000,"created_at":1473826806000,"updated_at":1473826806000,"start_time_timezone_offset":7200000,"end_time_timezone_offset":7200000,"distance":0,"duration":482000,"calories":27,"pause_duration":0,"manual":false,"completed":true,"fitness":{"additional_repetitions_in_last_set":51,"max_repetitions":63,"sets":[{"duration":31000,"repetitions":20,"repetitions_goal":20},{"duration":21000,"repetitions":16,"repetitions_goal":16},{"duration":20000,"repetitions":14,"repetitions_goal":14},{"duration":20000,"repetitions":12,"repetitions_goal":12},{"duration":166000,"repetitions":63,"repetitions_goal":12}]},"training_plan":{"Key":"pushup_100","Level":2,"LevelDay":4,"LevelOverallDays":19},"id":"57d8cff67fa48d1741264982","sport_type_id":"63"}