{"start_time":1478881831000,"end_time":1478882572000,"created_at":1478882585000,"updated_at":1478882585000,"start_time_timezone_offset":3600000,"end_time_timezone_offset":3600000,"distance":0,"duration":741000,"calories":24,"pause_duration":0,"manual":false,"completed":true,"fitness":{"additional_repetitions_in_last_set":0,"max_repetitions":12,"sets":[{"duration":122000,"repetitions":12,"repetitions_goal":12},{"duration":49000,"repetitions":8,"repetitions_goal":8},{"duration":89000,"repetitions":6,"repetitions_goal":6},{"duration":205000,"repetitions":6,"repetitions_goal":6}]},"training_plan":{"Key":"pullup_20","Level":2,"LevelDay":10,"LevelOverallDays":19},"id":"5825f51934f12c05f5c38870","sport_type_id":"65"}