{"start_time":1478375636000,"end_time":1478376826000,"created_at":1478376838000,"updated_at":1478376838000,"start_time_timezone_offset":3600000,"end_time_timezone_offset":3600000,"distance":0,"duration":1190000,"calories":84,"pause_duration":0,"manual":false,"completed":true,"fitness":{"additional_repetitions_in_last_set":0,"max_repetitions":50,"sets":[{"duration":85000,"repetitions":50,"repetitions_goal":50},{"duration":35000,"repetitions":28,"repetitions_goal":28},{"duration":30000,"repetitions":24,"repetitions_goal":24},{"duration":62000,"repetitions":20,"repetitions_goal":20},{"duration":114000,"repetitions":18,"repetitions_goal":18}]},"training_plan":{"Key":"pushup_100","Level":3,"LevelDay":10,"LevelOverallDays":25},"id":"581e3d8608dad1bf37b84557","sport_type_id":"63"}