{"start_time":1478540950000,"end_time":1478541559000,"created_at":1478541571000,"updated_at":1478541571000,"start_time_timezone_offset":3600000,"end_time_timezone_offset":3600000,"distance":0,"duration":609000,"calories":24,"pause_duration":0,"manual":false,"completed":true,"fitness":{"additional_repetitions_in_last_set":1,"max_repetitions":12,"sets":[{"duration":107000,"repetitions":12,"repetitions_goal":12},{"duration":109000,"repetitions":8,"repetitions_goal":8},{"duration":37000,"repetitions":6,"repetitions_goal":6},{"duration":80000,"repetitions":7,"repetitions_goal":6}]},"training_plan":{"Key":"pullup_20","Level":2,"LevelDay":9,"LevelOverallDays":19},"id":"5820c1031e7255e715a21ac8","sport_type_id":"65"}