{"start_time":1474550072000,"end_time":1474555022000,"created_at":1474555061000,"updated_at":1474555061000,"start_time_timezone_offset":7200000,"end_time_timezone_offset":7200000,"distance":14800,"duration":4950000,"elevation_gain":0,"elevation_loss":0,"average_speed":10.763636,"calories":1031,"max_speed":0.0,"pause_duration":0,"duration_per_km":334459,"pulse_avg":0,"pulse_max":0,"avg_cadence":0,"max_cadence":0,"manual":true,"edited":false,"completed":true,"live_tracking_active":false,"live_tracking_enabled":false,"cheering_enabled":false,"indoor":false,"id":"57e3ecb5da311371c8de1acc","surface_id":"1","subjective_feeling_id":"5","sport_type_id":"1","user_equipment_ids":["57d716bd77877324cacaecbc"]}