{"start_time":1473486829000,"end_time":1473487679000,"created_at":1473487694000,"updated_at":1473487694000,"start_time_timezone_offset":0,"end_time_timezone_offset":0,"distance":0,"duration":849950,"calories":85,"pause_duration":50,"pulse_avg":0,"manual":false,"edited":false,"completed":true,"live_tracking_active":false,"live_tracking_enabled":false,"cheering_enabled":false,"indoor":true,"workout":{"training_plan":{"key":"sixpack.basic-male.1","level":2,"level_day":1,"level_overall_days":15},"extra_mile":true,"avatar_key":"daniel","exercises":[{"current_set":1,"duration":57057,"key":"sixpack.14","repetitions":18,"repetitions_goal":18,"sets_goal":3,"timestamp":1473486829412,"type":"exercise"},{"duration":29836,"timestamp":1473486886469,"type":"pause"},{"current_set":2,"duration":56966,"key":"sixpack.14","repetitions":18,"repetitions_goal":18,"sets_goal":3,"timestamp":1473486916305,"type":"exercise"},{"duration":29947,"timestamp":1473486973271,"type":"pause"},{"current_set":3,"duration":56960,"key":"sixpack.14","repetitions":18,"repetitions_goal":18,"sets_goal":3,"timestamp":1473487003218,"type":"exercise"},{"duration":30279,"timestamp":1473487060178,"type":"pause"},{"current_set":1,"duration":34860,"key":"sixpack.6","repetitions":11,"repetitions_goal":18,"sets_goal":3,"timestamp":1473487090457,"type":"exercise"},{"duration":12611,"timestamp":1473487125317,"type":"pause"},{"current_set":1,"duration":56979,"key":"sixpack.6","repetitions":18,"repetitions_goal":18,"sets_goal":3,"timestamp":1473487137928,"type":"exercise"},{"duration":29912,"timestamp":1473487194907,"type":"pause"},{"current_set":2,"duration":56895,"key":"sixpack.6","repetitions":18,"repetitions_goal":18,"sets_goal":3,"timestamp":1473487224819,"type":"exercise"},{"duration":29948,"timestamp":1473487281714,"type":"pause"},{"current_set":3,"duration":56960,"key":"sixpack.6","repetitions":18,"repetitions_goal":18,"sets_goal":3,"timestamp":1473487311662,"type":"exercise"},{"duration":30166,"timestamp":1473487368622,"type":"pause"},{"current_set":1,"duration":42625,"key":"sixpack.18","repetitions":18,"repetitions_goal":18,"sets_goal":3,"timestamp":1473487398788,"type":"exercise"},{"duration":29833,"timestamp":1473487441413,"type":"pause"},{"current_set":2,"duration":42572,"key":"sixpack.18","repetitions":18,"repetitions_goal":18,"sets_goal":3,"timestamp":1473487471246,"type":"exercise"},{"duration":29855,"timestamp":1473487513818,"type":"pause"},{"current_set":3,"duration":42518,"key":"sixpack.18","repetitions":18,"repetitions_goal":18,"sets_goal":3,"timestamp":1473487543673,"type":"exercise"},{"duration":36210,"timestamp":1473487586191,"type":"pause"},{"current_set":1,"duration":56961,"extra_mile":true,"key":"sixpack.14","repetitions":18,"repetitions_goal":18,"sets_goal":1,"timestamp":1473487622401,"type":"exercise"}]},"training_plan":{"key":"sixpack.basic-male.1","level":2,"level_day":1,"level_overall_days":15},"id":"57d3a34ef454baa309428275","subjective_feeling_id":"1","sport_type_id":"77"}