{"start_time":1475589776000,"end_time":1475591727000,"created_at":1475591749000,"updated_at":1475591749000,"start_time_timezone_offset":7200000,"end_time_timezone_offset":7200000,"distance":0,"duration":1838962,"calories":201,"pause_duration":112038,"pulse_avg":0,"manual":false,"edited":false,"completed":true,"live_tracking_active":false,"live_tracking_enabled":false,"cheering_enabled":false,"indoor":true,"workout":{"training_plan":{"key":"sixpack.basic-male.1","level":3,"level_day":1,"level_overall_days":25},"extra_mile":true,"avatar_key":"daniel","exercises":[{"current_set":1,"duration":83660,"key":"sixpack.45","repetitions":26,"repetitions_goal":26,"sets_goal":3,"timestamp":1475589775819,"type":"exercise"},{"duration":60152,"timestamp":1475589859479,"type":"pause"},{"current_set":2,"duration":10843,"key":"sixpack.45","repetitions":3,"repetitions_goal":26,"sets_goal":3,"timestamp":1475589919631,"type":"exercise"},{"duration":15267,"timestamp":1475589930474,"type":"pause"},{"current_set":1,"duration":80748,"key":"sixpack.45","repetitions":26,"repetitions_goal":26,"sets_goal":3,"timestamp":1475589945741,"type":"exercise"},{"duration":2035,"timestamp":1475590026489,"type":"pause"},{"current_set":2,"duration":82725,"key":"sixpack.45","repetitions":26,"repetitions_goal":26,"sets_goal":3,"timestamp":1475590028524,"type":"exercise"},{"duration":22918,"timestamp":1475590111249,"type":"pause"},{"current_set":1,"duration":1662,"key":"sixpack.10","repetitions":1,"repetitions_goal":26,"sets_goal":3,"timestamp":1475590134167,"type":"exercise"},{"duration":11461,"timestamp":1475590135830,"type":"pause"},{"current_set":1,"duration":2106,"key":"sixpack.10","repetitions":1,"repetitions_goal":26,"sets_goal":3,"timestamp":1475590147291,"type":"exercise"},{"duration":9990,"timestamp":1475590149397,"type":"pause"},{"current_set":1,"duration":62943,"key":"sixpack.10","repetitions":26,"repetitions_goal":26,"sets_goal":3,"timestamp":1475590159387,"type":"exercise"},{"duration":30146,"timestamp":1475590222330,"type":"pause"},{"current_set":2,"duration":62908,"key":"sixpack.10","repetitions":26,"repetitions_goal":26,"sets_goal":3,"timestamp":1475590252476,"type":"exercise"},{"duration":30078,"timestamp":1475590315384,"type":"pause"},{"current_set":1,"duration":5531,"key":"sixpack.45","repetitions":2,"repetitions_goal":26,"sets_goal":3,"timestamp":1475590345462,"type":"exercise"},{"duration":990,"timestamp":1475590350993,"type":"pause"},{"current_set":1,"duration":21538,"key":"sixpack.45","repetitions":7,"repetitions_goal":26,"sets_goal":3,"timestamp":1475590351983,"type":"exercise"},{"duration":3987,"timestamp":1475590373521,"type":"pause"},{"current_set":1,"duration":81458,"key":"sixpack.45","repetitions":26,"repetitions_goal":26,"sets_goal":3,"timestamp":1475590377508,"type":"exercise"},{"duration":34291,"timestamp":1475590458966,"type":"pause"},{"current_set":1,"duration":972,"key":"sixpack.10","repetitions":0,"repetitions_goal":26,"sets_goal":3,"timestamp":1475590493257,"type":"exercise"},{"duration":11065,"timestamp":1475590494229,"type":"pause"},{"current_set":1,"duration":62957,"key":"sixpack.10","repetitions":26,"repetitions_goal":26,"sets_goal":3,"timestamp":1475590505294,"type":"exercise"},{"duration":48030,"timestamp":1475590568251,"type":"pause"},{"current_set":1,"duration":12592,"key":"sixpack.3","repetitions":4,"repetitions_goal":26,"sets_goal":3,"timestamp":1475590616281,"type":"exercise"},{"duration":9842,"timestamp":1475590628873,"type":"pause"},{"current_set":1,"duration":83782,"key":"sixpack.3","repetitions":26,"repetitions_goal":26,"sets_goal":3,"timestamp":1475590638715,"type":"exercise"},{"duration":60146,"timestamp":1475590722497,"type":"pause"},{"current_set":2,"duration":22390,"key":"sixpack.3","repetitions":7,"repetitions_goal":26,"sets_goal":3,"timestamp":1475590782643,"type":"exercise"},{"duration":5705,"timestamp":1475590805033,"type":"pause"},{"current_set":1,"duration":83742,"key":"sixpack.3","repetitions":26,"repetitions_goal":26,"sets_goal":3,"timestamp":1475590810738,"type":"exercise"},{"duration":90143,"timestamp":1475590894480,"type":"pause"},{"current_set":2,"duration":83694,"key":"sixpack.3","repetitions":26,"repetitions_goal":26,"sets_goal":3,"timestamp":1475590984623,"type":"exercise"},{"duration":19189,"timestamp":1475591068317,"type":"pause"},{"current_set":1,"duration":3285,"key":"sixpack.16","repetitions":2,"repetitions_goal":26,"sets_goal":3,"timestamp":1475591087506,"type":"exercise"},{"duration":704,"timestamp":1475591092101,"type":"pause"},{"current_set":1,"duration":4609,"key":"sixpack.16","repetitions":1,"repetitions_goal":26,"sets_goal":3,"timestamp":1475591092805,"type":"exercise"},{"duration":11323,"timestamp":1475591133251,"type":"pause"},{"current_set":1,"duration":12408,"key":"sixpack.16","repetitions":4,"repetitions_goal":26,"sets_goal":3,"timestamp":1475591144574,"type":"exercise"},{"duration":10046,"timestamp":1475591156982,"type":"pause"},{"current_set":1,"duration":83695,"key":"sixpack.16","repetitions":26,"repetitions_goal":26,"sets_goal":3,"timestamp":1475591167028,"type":"exercise"},{"duration":30097,"timestamp":1475591250723,"type":"pause"},{"current_set":2,"duration":83666,"key":"sixpack.16","repetitions":26,"repetitions_goal":26,"sets_goal":3,"timestamp":1475591280820,"type":"exercise"},{"duration":90118,"timestamp":1475591411853,"type":"pause"},{"current_set":3,"duration":80484,"key":"sixpack.16","repetitions":26,"repetitions_goal":26,"sets_goal":3,"timestamp":1475591501971,"type":"exercise"},{"duration":33122,"timestamp":1475591610209,"type":"pause"},{"current_set":1,"duration":83719,"extra_mile":true,"key":"sixpack.45","repetitions":26,"repetitions_goal":26,"sets_goal":1,"timestamp":1475591643331,"type":"exercise"}]},"training_plan":{"key":"sixpack.basic-male.1","level":3,"level_day":1,"level_overall_days":25},"id":"57f3be4571c40cac9a2f042d","subjective_feeling_id":"4","sport_type_id":"77"}