{"start_time":1478543538000,"end_time":1478545078000,"created_at":1478545112000,"updated_at":1478545112000,"start_time_timezone_offset":3600000,"end_time_timezone_offset":3600000,"distance":0,"duration":1144980,"calories":199,"pause_duration":395020,"pulse_avg":0,"manual":false,"edited":false,"completed":true,"live_tracking_active":false,"live_tracking_enabled":false,"cheering_enabled":false,"indoor":true,"workout":{"training_plan":{"key":"sixpack.basic-male.1","level":3,"level_day":19,"level_overall_days":25},"extra_mile":true,"avatar_key":"daniel","exercises":[{"current_set":1,"duration":12527,"key":"sixpack.30","repetitions":31,"repetitions_goal":44,"sets_goal":3,"timestamp":1478543537997,"type":"exercise"},{"duration":5191,"timestamp":1478543560059,"type":"pause"},{"current_set":1,"duration":24211,"key":"sixpack.30","repetitions":44,"repetitions_goal":44,"sets_goal":3,"timestamp":1478543565670,"type":"exercise"},{"duration":8865,"timestamp":1478543599647,"type":"pause"},{"current_set":2,"duration":141549,"key":"sixpack.30","repetitions":44,"repetitions_goal":44,"sets_goal":3,"timestamp":1478543608512,"type":"exercise"},{"duration":45134,"timestamp":1478543750061,"type":"pause"},{"current_set":3,"duration":141620,"key":"sixpack.30","repetitions":44,"repetitions_goal":44,"sets_goal":3,"timestamp":1478543795195,"type":"exercise"},{"duration":15353,"timestamp":1478543936815,"type":"pause"},{"current_set":1,"duration":212059,"key":"sixpack.38","repetitions":44,"repetitions_goal":44,"sets_goal":3,"timestamp":1478543952168,"type":"exercise"},{"duration":795,"timestamp":1478544164227,"type":"pause"},{"current_set":2,"duration":206988,"key":"sixpack.38","repetitions":44,"repetitions_goal":44,"sets_goal":3,"timestamp":1478544165022,"type":"exercise"},{"duration":737,"timestamp":1478544552867,"type":"pause"},{"current_set":3,"duration":202233,"key":"sixpack.38","repetitions":44,"repetitions_goal":44,"sets_goal":3,"timestamp":1478544553604,"type":"exercise"},{"duration":21274,"timestamp":1478544950551,"type":"pause"},{"current_set":1,"duration":106444,"extra_mile":true,"key":"sixpack.19","repetitions":44,"repetitions_goal":44,"sets_goal":1,"timestamp":1478544971825,"type":"exercise"}]},"training_plan":{"key":"sixpack.basic-male.1","level":3,"level_day":19,"level_overall_days":25},"id":"5820ced879a463bf3ceddc9d","subjective_feeling_id":"5","sport_type_id":"77"}