{"start_time":1474296612000,"end_time":1474296986000,"created_at":1474296987000,"updated_at":1474296987000,"start_time_timezone_offset":7200000,"end_time_timezone_offset":7200000,"distance":0,"duration":374000,"calories":21,"pause_duration":0,"manual":false,"completed":true,"fitness":{"additional_repetitions_in_last_set":3,"max_repetitions":5,"sets":[{"duration":9000,"repetitions":4,"repetitions_goal":4},{"duration":21000,"repetitions":3,"repetitions_goal":3},{"duration":31000,"repetitions":3,"repetitions_goal":3},{"duration":38000,"repetitions":5,"repetitions_goal":2}]},"training_plan":{"Key":"pullup_20","Level":1,"LevelDay":9,"LevelOverallDays":19},"id":"57dffc9b71c40c5f96c0d4d4","sport_type_id":"65"}