{"start_time":1472969837000,"end_time":1472969951000,"created_at":1472969952000,"updated_at":1472969952000,"start_time_timezone_offset":0,"end_time_timezone_offset":0,"distance":0,"duration":114000,"calories":10,"pause_duration":0,"manual":false,"completed":true,"fitness":{"additional_repetitions_in_last_set":0,"max_repetitions":7,"sets":[{"duration":11000,"repetitions":7,"repetitions_goal":7},{"duration":10000,"repetitions":6,"repetitions_goal":6},{"duration":9000,"repetitions":6,"repetitions_goal":6},{"duration":10000,"repetitions":5,"repetitions_goal":5},{"duration":14000,"repetitions":3,"repetitions_goal":3}]},"training_plan":{"Key":"pushup_100","Level":1,"LevelDay":5,"LevelOverallDays":10},"id":"57cbbce0cfc81e673b0b887b","sport_type_id":"63"}