{"start_time":1474113011000,"end_time":1474113667000,"created_at":1474113669000,"updated_at":1474113669000,"start_time_timezone_offset":7200000,"end_time_timezone_offset":7200000,"distance":0,"duration":656000,"calories":47,"pause_duration":0,"manual":false,"completed":true,"fitness":{"additional_repetitions_in_last_set":42,"max_repetitions":52,"sets":[{"duration":37000,"repetitions":26,"repetitions_goal":26},{"duration":27000,"repetitions":20,"repetitions_goal":20},{"duration":19000,"repetitions":14,"repetitions_goal":14},{"duration":19000,"repetitions":12,"repetitions_goal":12},{"duration":69000,"repetitions":52,"repetitions_goal":10}]},"training_plan":{"Key":"pushup_100","Level":2,"LevelDay":7,"LevelOverallDays":19},"id":"57dd3085dc337724be788600","sport_type_id":"63"}