{"start_time":1472798039000,"end_time":1472798206000,"created_at":1472798207000,"updated_at":1472798207000,"start_time_timezone_offset":0,"end_time_timezone_offset":0,"distance":0,"duration":167000,"calories":8,"pause_duration":0,"manual":false,"completed":true,"fitness":{"additional_repetitions_in_last_set":29,"max_repetitions":33,"sets":[{"duration":8000,"repetitions":4,"repetitions_goal":4},{"duration":6000,"repetitions":4,"repetitions_goal":4},{"duration":6000,"repetitions":3,"repetitions_goal":3},{"duration":10000,"repetitions":5,"repetitions_goal":5},{"duration":76000,"repetitions":33,"repetitions_goal":4}]},"training_plan":{"Key":"pushup_100","Level":1,"LevelDay":3,"LevelOverallDays":10},"id":"57c91dff5f19b12620879300","sport_type_id":"63"}