{"start_time":1473305305000,"end_time":1473305348000,"created_at":1473305350000,"updated_at":1473305350000,"start_time_timezone_offset":0,"end_time_timezone_offset":0,"distance":0,"duration":43000,"calories":0,"pause_duration":0,"manual":false,"completed":true,"fitness":{"additional_repetitions_in_last_set":0,"max_repetitions":20,"sets":[{"duration":38000,"repetitions":20,"repetitions_goal":20}]},"training_plan":{"Key":"pushup_100","Level":1,"LevelDay":10,"LevelOverallDays":10},"id":"57d0db067f280e1147404ba3","sport_type_id":"63"}