{"start_time":1473709571000,"end_time":1473713651000,"created_at":1473713862000,"updated_at":1473714313000,"start_time_timezone_offset":0,"end_time_timezone_offset":0,"distance":14700,"duration":4080000,"elevation_gain":0,"elevation_loss":0,"average_speed":12.970589,"calories":999,"max_speed":0.0,"pause_duration":0,"duration_per_km":277551,"temperature":31.0,"pulse_avg":0,"pulse_max":0,"avg_cadence":0,"max_cadence":0,"manual":true,"edited":false,"completed":true,"live_tracking_active":false,"live_tracking_enabled":false,"cheering_enabled":false,"indoor":false,"id":"57d716c6dcd33b005ece2b5e","weather_condition_id":"1","surface_id":"1","subjective_feeling_id":"2","sport_type_id":"1","user_equipment_ids":["57d716bd77877324cacaecbc"]}