{"start_time":1476367683000,"end_time":1476371990000,"created_at":1476377357000,"updated_at":1476377359000,"start_time_timezone_offset":7200000,"end_time_timezone_offset":7200000,"distance":14789,"duration":4305876,"elevation_gain":16,"elevation_loss":18,"average_speed":12.364592,"calories":1018,"longitude":17.675793,"latitude":48.36794,"max_speed":15.6,"pause_duration":0,"duration_per_km":291154,"temperature":11.0,"pulse_avg":0,"pulse_max":0,"avg_cadence":0,"max_cadence":0,"manual":false,"edited":false,"completed":true,"live_tracking_active":false,"live_tracking_enabled":false,"cheering_enabled":false,"indoor":false,"id":"57ffbb0d1e72558f440818d9","weather_condition_id":"2","surface_id":"2","subjective_feeling_id":"1","sport_type_id":"1","user_equipment_ids":["57d716bd77877324cacaecbc"]}