{"start_time":1476294120000,"end_time":1476295056000,"created_at":1476295062000,"updated_at":1476295062000,"start_time_timezone_offset":7200000,"end_time_timezone_offset":7200000,"distance":0,"duration":936000,"calories":70,"pause_duration":0,"manual":false,"completed":true,"fitness":{"additional_repetitions_in_last_set":6,"max_repetitions":40,"sets":[{"duration":54000,"repetitions":40,"repetitions_goal":40},{"duration":41000,"repetitions":18,"repetitions_goal":18},{"duration":38000,"repetitions":24,"repetitions_goal":24},{"duration":29000,"repetitions":16,"repetitions_goal":16},{"duration":48000,"repetitions":22,"repetitions_goal":16}]},"training_plan":{"Key":"pushup_100","Level":2,"LevelDay":18,"LevelOverallDays":19},"id":"57fe79967acb159cfd85a0e3","sport_type_id":"63"}