{"start_time":1474795000000,"end_time":1474800010000,"created_at":1474882828000,"updated_at":1474882899000,"start_time_timezone_offset":7200000,"end_time_timezone_offset":7200000,"distance":15700,"duration":5010000,"elevation_gain":0,"elevation_loss":0,"average_speed":11.281437,"calories":1086,"max_speed":0.0,"pause_duration":0,"duration_per_km":319108,"temperature":18.0,"pulse_avg":0,"pulse_max":0,"avg_cadence":0,"max_cadence":0,"manual":true,"edited":false,"completed":true,"live_tracking_active":false,"live_tracking_enabled":false,"cheering_enabled":false,"indoor":false,"id":"57e8ed0c08cd12cc41dfc465","weather_condition_id":"1","surface_id":"1","subjective_feeling_id":"1","sport_type_id":"1","user_equipment_ids":["57d716bd77877324cacaecbc"]}