{"start_time":1474800681000,"end_time":1474801114000,"created_at":1474801115000,"updated_at":1474801115000,"start_time_timezone_offset":7200000,"end_time_timezone_offset":7200000,"distance":0,"duration":433000,"calories":21,"pause_duration":0,"manual":false,"completed":true,"fitness":{"additional_repetitions_in_last_set":2,"max_repetitions":5,"sets":[{"duration":41000,"repetitions":4,"repetitions_goal":4},{"duration":36000,"repetitions":4,"repetitions_goal":4},{"duration":37000,"repetitions":4,"repetitions_goal":4},{"duration":44000,"repetitions":5,"repetitions_goal":3}]},"training_plan":{"Key":"pullup_20","Level":1,"LevelDay":12,"LevelOverallDays":19},"id":"57e7addbda311311e318ba97","sport_type_id":"65"}