{"start_time":1478631245000,"end_time":1478631882000,"created_at":1478631907000,"updated_at":1478631907000,"start_time_timezone_offset":3600000,"end_time_timezone_offset":3600000,"distance":0,"duration":636402,"calories":93,"pause_duration":598,"pulse_avg":0,"manual":false,"edited":false,"completed":true,"live_tracking_active":false,"live_tracking_enabled":false,"cheering_enabled":false,"indoor":true,"workout":{"training_plan":{"key":"sixpack.basic-male.1","level":3,"level_day":20,"level_overall_days":25},"extra_mile":true,"avatar_key":"daniel","exercises":[{"current_set":1,"duration":3319,"key":"sixpack.19","repetitions":1,"repetitions_goal":44,"sets_goal":3,"timestamp":1478631245401,"type":"exercise"},{"duration":11457,"timestamp":1478631248720,"type":"pause"},{"current_set":1,"duration":106592,"key":"sixpack.19","repetitions":44,"repetitions_goal":44,"sets_goal":3,"timestamp":1478631260177,"type":"exercise"},{"duration":15135,"timestamp":1478631366769,"type":"pause"},{"current_set":2,"duration":106677,"key":"sixpack.19","repetitions":44,"repetitions_goal":44,"sets_goal":3,"timestamp":1478631381904,"type":"exercise"},{"duration":45148,"timestamp":1478631488581,"type":"pause"},{"current_set":3,"duration":106669,"key":"sixpack.19","repetitions":44,"repetitions_goal":44,"sets_goal":3,"timestamp":1478631533729,"type":"exercise"},{"duration":29002,"timestamp":1478631640398,"type":"pause"},{"current_set":1,"duration":212403,"extra_mile":true,"key":"sixpack.12","repetitions":44,"repetitions_goal":44,"sets_goal":1,"timestamp":1478631669400,"type":"exercise"}]},"training_plan":{"key":"sixpack.basic-male.1","level":3,"level_day":20,"level_overall_days":25},"id":"582221e308cd12da4cdb29e3","sport_type_id":"77"}