{"start_time":1475264878000,"end_time":1475266213000,"created_at":1475266219000,"updated_at":1475266219000,"start_time_timezone_offset":7200000,"end_time_timezone_offset":7200000,"distance":0,"duration":1255093,"calories":171,"pause_duration":79907,"pulse_avg":0,"manual":false,"edited":false,"completed":true,"live_tracking_active":false,"live_tracking_enabled":false,"cheering_enabled":false,"indoor":true,"workout":{"training_plan":{"key":"sixpack.basic-male.1","level":2,"level_day":14,"level_overall_days":15},"extra_mile":true,"avatar_key":"daniel","exercises":[{"current_set":1,"duration":103017,"key":"sixpack.53","repetitions":32,"repetitions_goal":32,"sets_goal":2,"timestamp":1475264877842,"type":"exercise"},{"duration":30143,"timestamp":1475264980859,"type":"pause"},{"current_set":2,"duration":102886,"key":"sixpack.53","repetitions":32,"repetitions_goal":32,"sets_goal":2,"timestamp":1475265011002,"type":"exercise"},{"duration":30687,"timestamp":1475265113888,"type":"pause"},{"current_set":1,"duration":77410,"key":"sixpack.29","repetitions":32,"repetitions_goal":32,"sets_goal":2,"timestamp":1475265144575,"type":"exercise"},{"duration":30188,"timestamp":1475265221985,"type":"pause"},{"current_set":2,"duration":77370,"key":"sixpack.29","repetitions":32,"repetitions_goal":32,"sets_goal":2,"timestamp":1475265252173,"type":"exercise"},{"duration":30777,"timestamp":1475265329543,"type":"pause"},{"current_set":1,"duration":77341,"key":"sixpack.22","repetitions":32,"repetitions_goal":32,"sets_goal":2,"timestamp":1475265360320,"type":"exercise"},{"duration":30252,"timestamp":1475265437662,"type":"pause"},{"current_set":2,"duration":77388,"key":"sixpack.22","repetitions":32,"repetitions_goal":32,"sets_goal":2,"timestamp":1475265467914,"type":"exercise"},{"duration":30701,"timestamp":1475265574890,"type":"pause"},{"current_set":1,"duration":62856,"key":"sixpack.47","repetitions":26,"repetitions_goal":26,"sets_goal":2,"timestamp":1475265605591,"type":"exercise"},{"duration":30136,"timestamp":1475265686531,"type":"pause"},{"current_set":2,"duration":60410,"key":"sixpack.47","repetitions":26,"repetitions_goal":26,"sets_goal":2,"timestamp":1475265716667,"type":"exercise"},{"duration":30695,"timestamp":1475265809479,"type":"pause"},{"current_set":1,"duration":102985,"key":"sixpack.31","repetitions":32,"repetitions_goal":32,"sets_goal":2,"timestamp":1475265840174,"type":"exercise"},{"duration":30168,"timestamp":1475265943159,"type":"pause"},{"current_set":2,"duration":102911,"key":"sixpack.31","repetitions":32,"repetitions_goal":32,"sets_goal":2,"timestamp":1475265973327,"type":"exercise"},{"duration":33792,"timestamp":1475266076238,"type":"pause"},{"current_set":1,"duration":102980,"extra_mile":true,"key":"sixpack.53","repetitions":32,"repetitions_goal":32,"sets_goal":1,"timestamp":1475266110030,"type":"exercise"}]},"training_plan":{"key":"sixpack.basic-male.1","level":2,"level_day":14,"level_overall_days":15},"id":"57eec6ab7f280e606f0ce62e","sport_type_id":"77"}