{"start_time":1474616860000,"end_time":1474618240000,"created_at":1474618263000,"updated_at":1474618263000,"start_time_timezone_offset":7200000,"end_time_timezone_offset":7200000,"distance":0,"duration":1379958,"calories":149,"pause_duration":42,"pulse_avg":0,"manual":false,"edited":false,"completed":true,"live_tracking_active":false,"live_tracking_enabled":false,"cheering_enabled":false,"indoor":true,"workout":{"training_plan":{"key":"sixpack.basic-male.1","level":2,"level_day":9,"level_overall_days":15},"extra_mile":true,"avatar_key":"daniel","exercises":[{"current_set":1,"duration":101317,"key":"sixpack.28","repetitions":32,"repetitions_goal":32,"sets_goal":2,"timestamp":1474616860006,"type":"exercise"},{"duration":29849,"timestamp":1474616961323,"type":"pause"},{"current_set":2,"duration":101327,"key":"sixpack.28","repetitions":32,"repetitions_goal":32,"sets_goal":2,"timestamp":1474616991172,"type":"exercise"},{"duration":30246,"timestamp":1474617092499,"type":"pause"},{"current_set":1,"duration":152397,"key":"sixpack.41","repetitions":32,"repetitions_goal":32,"sets_goal":2,"timestamp":1474617122745,"type":"exercise"},{"duration":29925,"timestamp":1474617275142,"type":"pause"},{"current_set":2,"duration":152473,"key":"sixpack.41","repetitions":32,"repetitions_goal":32,"sets_goal":2,"timestamp":1474617305067,"type":"exercise"},{"duration":30181,"timestamp":1474617457540,"type":"pause"},{"current_set":1,"duration":75721,"key":"sixpack.24","repetitions":32,"repetitions_goal":32,"sets_goal":2,"timestamp":1474617487721,"type":"exercise"},{"duration":29751,"timestamp":1474617563442,"type":"pause"},{"current_set":2,"duration":75694,"key":"sixpack.24","repetitions":32,"repetitions_goal":32,"sets_goal":2,"timestamp":1474617593193,"type":"exercise"},{"duration":30177,"timestamp":1474617668887,"type":"pause"},{"current_set":1,"duration":101293,"key":"sixpack.27","repetitions":32,"repetitions_goal":32,"sets_goal":2,"timestamp":1474617699064,"type":"exercise"},{"duration":33075,"timestamp":1474617800357,"type":"pause"},{"current_set":1,"duration":29625,"key":"sixpack.27","repetitions":9,"repetitions_goal":32,"sets_goal":2,"timestamp":1474617833432,"type":"exercise"},{"duration":11471,"timestamp":1474617863057,"type":"pause"},{"current_set":1,"duration":101141,"key":"sixpack.27","repetitions":32,"repetitions_goal":32,"sets_goal":2,"timestamp":1474617874528,"type":"exercise"},{"duration":29864,"timestamp":1474617975669,"type":"pause"},{"current_set":2,"duration":101198,"key":"sixpack.27","repetitions":32,"repetitions_goal":32,"sets_goal":2,"timestamp":1474618005533,"type":"exercise"},{"duration":32023,"timestamp":1474618106731,"type":"pause"},{"current_set":1,"duration":101210,"extra_mile":true,"key":"sixpack.28","repetitions":32,"repetitions_goal":32,"sets_goal":1,"timestamp":1474618138754,"type":"exercise"}]},"training_plan":{"key":"sixpack.basic-male.1","level":2,"level_day":9,"level_overall_days":15},"id":"57e4e39772b0caabb234d099","sport_type_id":"77"}