{"start_time":1473536585000,"end_time":1473541085000,"created_at":1473713904000,"updated_at":1473714252000,"start_time_timezone_offset":0,"end_time_timezone_offset":0,"distance":14700,"duration":4500000,"elevation_gain":0,"elevation_loss":0,"average_speed":11.759999,"calories":999,"max_speed":0.0,"pause_duration":0,"duration_per_km":306122,"temperature":28.0,"pulse_avg":0,"pulse_max":0,"avg_cadence":0,"max_cadence":0,"manual":true,"edited":false,"completed":true,"live_tracking_active":false,"live_tracking_enabled":false,"cheering_enabled":false,"indoor":false,"id":"57d716f05f19b14e7680b45d","weather_condition_id":"1","surface_id":"1","subjective_feeling_id":"5","sport_type_id":"1","user_equipment_ids":["57d716bd77877324cacaecbc"]}