{"start_time":1475954356000,"end_time":1475954891000,"created_at":1475954892000,"updated_at":1475954892000,"start_time_timezone_offset":7200000,"end_time_timezone_offset":7200000,"distance":0,"duration":535000,"calories":28,"pause_duration":0,"manual":false,"completed":true,"fitness":{"additional_repetitions_in_last_set":2,"max_repetitions":6,"sets":[{"duration":53000,"repetitions":6,"repetitions_goal":6},{"duration":36000,"repetitions":6,"repetitions_goal":6},{"duration":24000,"repetitions":4,"repetitions_goal":4},{"duration":57000,"repetitions":6,"repetitions_goal":4}]},"training_plan":{"Key":"pullup_20","Level":1,"LevelDay":17,"LevelOverallDays":19},"id":"57f948cc7acb15dc522e117b","sport_type_id":"65"}