{"start_time":1473944614000,"end_time":1473945588000,"created_at":1473945598000,"updated_at":1473945598000,"start_time_timezone_offset":7200000,"end_time_timezone_offset":7200000,"distance":0,"duration":974205,"calories":107,"pause_duration":-205,"pulse_avg":0,"manual":false,"edited":false,"completed":true,"live_tracking_active":false,"live_tracking_enabled":false,"cheering_enabled":false,"indoor":true,"workout":{"training_plan":{"key":"sixpack.basic-male.1","level":2,"level_day":4,"level_overall_days":15},"extra_mile":true,"avatar_key":"daniel","exercises":[{"current_set":1,"duration":75937,"key":"sixpack.14","repetitions":24,"repetitions_goal":24,"sets_goal":3,"timestamp":1473944614005,"type":"exercise"},{"duration":29917,"timestamp":1473944689942,"type":"pause"},{"current_set":2,"duration":75992,"key":"sixpack.14","repetitions":24,"repetitions_goal":24,"sets_goal":3,"timestamp":1473944719859,"type":"exercise"},{"duration":29851,"timestamp":1473944795851,"type":"pause"},{"current_set":3,"duration":75955,"key":"sixpack.14","repetitions":24,"repetitions_goal":24,"sets_goal":3,"timestamp":1473944825702,"type":"exercise"},{"duration":30225,"timestamp":1473944901657,"type":"pause"},{"current_set":1,"duration":75922,"key":"sixpack.6","repetitions":24,"repetitions_goal":24,"sets_goal":3,"timestamp":1473944931882,"type":"exercise"},{"duration":29860,"timestamp":1473945007804,"type":"pause"},{"current_set":2,"duration":75914,"key":"sixpack.6","repetitions":24,"repetitions_goal":24,"sets_goal":3,"timestamp":1473945037664,"type":"exercise"},{"duration":29911,"timestamp":1473945113578,"type":"pause"},{"current_set":3,"duration":75836,"key":"sixpack.6","repetitions":24,"repetitions_goal":24,"sets_goal":3,"timestamp":1473945143489,"type":"exercise"},{"duration":30161,"timestamp":1473945219325,"type":"pause"},{"current_set":1,"duration":56759,"key":"sixpack.18","repetitions":24,"repetitions_goal":24,"sets_goal":3,"timestamp":1473945249486,"type":"exercise"},{"duration":29808,"timestamp":1473945306245,"type":"pause"},{"current_set":2,"duration":56791,"key":"sixpack.18","repetitions":24,"repetitions_goal":24,"sets_goal":3,"timestamp":1473945336053,"type":"exercise"},{"duration":29838,"timestamp":1473945392844,"type":"pause"},{"current_set":3,"duration":56756,"key":"sixpack.18","repetitions":24,"repetitions_goal":24,"sets_goal":3,"timestamp":1473945422682,"type":"exercise"},{"duration":32870,"timestamp":1473945479438,"type":"pause"},{"current_set":1,"duration":75902,"extra_mile":true,"key":"sixpack.14","repetitions":24,"repetitions_goal":24,"sets_goal":1,"timestamp":1473945512308,"type":"exercise"}]},"training_plan":{"key":"sixpack.basic-male.1","level":2,"level_day":4,"level_overall_days":15},"id":"57da9ffe1e725599143a0cc0","subjective_feeling_id":"1","sport_type_id":"77"}