{"start_time":1474622314000,"end_time":1474622720000,"created_at":1474622721000,"updated_at":1474622721000,"start_time_timezone_offset":7200000,"end_time_timezone_offset":7200000,"distance":0,"duration":406000,"calories":21,"pause_duration":0,"manual":false,"completed":true,"fitness":{"additional_repetitions_in_last_set":2,"max_repetitions":5,"sets":[{"duration":37000,"repetitions":4,"repetitions_goal":4},{"duration":25000,"repetitions":4,"repetitions_goal":4},{"duration":31000,"repetitions":3,"repetitions_goal":3},{"duration":38000,"repetitions":5,"repetitions_goal":3}]},"training_plan":{"Key":"pullup_20","Level":1,"LevelDay":11,"LevelOverallDays":19},"id":"57e4f5017fa48d98d49e6e82","sport_type_id":"65"}