{"start_time":1477754668000,"end_time":1477756627000,"created_at":1477756637000,"updated_at":1477756637000,"start_time_timezone_offset":7200000,"end_time_timezone_offset":7200000,"distance":0,"duration":1959000,"calories":23,"pause_duration":0,"manual":false,"completed":true,"fitness":{"additional_repetitions_in_last_set":2,"max_repetitions":9,"sets":[{"duration":10000,"repetitions":9,"repetitions_goal":9},{"duration":52000,"repetitions":6,"repetitions_goal":6},{"duration":36000,"repetitions":4,"repetitions_goal":4},{"duration":1586000,"repetitions":6,"repetitions_goal":4}]},"training_plan":{"Key":"pullup_20","Level":2,"LevelDay":6,"LevelOverallDays":19},"id":"5814c6dd0c9501713bf2141d","sport_type_id":"65"}