{"start_time":1477420296000,"end_time":1477422567000,"created_at":1477422584000,"updated_at":1477422584000,"start_time_timezone_offset":7200000,"end_time_timezone_offset":7200000,"distance":0,"duration":1809512,"calories":225,"pause_duration":461488,"pulse_avg":0,"manual":false,"edited":false,"completed":true,"live_tracking_active":false,"live_tracking_enabled":false,"cheering_enabled":false,"indoor":true,"workout":{"training_plan":{"key":"sixpack.basic-male.1","level":3,"level_day":12,"level_overall_days":25},"extra_mile":true,"avatar_key":"daniel","exercises":[{"current_set":1,"duration":116030,"key":"sixpack.51","repetitions":36,"repetitions_goal":36,"sets_goal":2,"timestamp":1477420295787,"type":"exercise"},{"duration":30225,"timestamp":1477420447275,"type":"pause"},{"current_set":2,"duration":112788,"key":"sixpack.51","repetitions":36,"repetitions_goal":36,"sets_goal":2,"timestamp":1477420477500,"type":"exercise"},{"duration":30640,"timestamp":1477420637150,"type":"pause"},{"current_set":1,"duration":168730,"key":"sixpack.36","repetitions":36,"repetitions_goal":36,"sets_goal":2,"timestamp":1477420667790,"type":"exercise"},{"duration":60068,"timestamp":1477420871696,"type":"pause"},{"current_set":2,"duration":173638,"key":"sixpack.36","repetitions":36,"repetitions_goal":36,"sets_goal":2,"timestamp":1477420931764,"type":"exercise"},{"duration":30704,"timestamp":1477421218106,"type":"pause"},{"current_set":1,"duration":116012,"key":"sixpack.1","repetitions":36,"repetitions_goal":36,"sets_goal":2,"timestamp":1477421248810,"type":"exercise"},{"duration":60149,"timestamp":1477421364825,"type":"pause"},{"current_set":2,"duration":116022,"key":"sixpack.1","repetitions":36,"repetitions_goal":36,"sets_goal":2,"timestamp":1477421424974,"type":"exercise"},{"duration":30738,"timestamp":1477421540996,"type":"pause"},{"current_set":1,"duration":115969,"key":"sixpack.17","repetitions":36,"repetitions_goal":36,"sets_goal":2,"timestamp":1477421571734,"type":"exercise"},{"duration":60132,"timestamp":1477421716540,"type":"pause"},{"current_set":2,"duration":115916,"key":"sixpack.17","repetitions":36,"repetitions_goal":36,"sets_goal":2,"timestamp":1477421776672,"type":"exercise"},{"duration":60561,"timestamp":1477421978907,"type":"pause"},{"current_set":1,"duration":115875,"key":"sixpack.40","repetitions":36,"repetitions_goal":36,"sets_goal":2,"timestamp":1477422039468,"type":"exercise"},{"duration":30088,"timestamp":1477422210128,"type":"pause"},{"current_set":2,"duration":115893,"key":"sixpack.40","repetitions":36,"repetitions_goal":36,"sets_goal":2,"timestamp":1477422240216,"type":"exercise"},{"duration":33409,"timestamp":1477422405749,"type":"pause"},{"current_set":1,"duration":115925,"extra_mile":true,"key":"sixpack.51","repetitions":36,"repetitions_goal":36,"sets_goal":1,"timestamp":1477422439158,"type":"exercise"}]},"training_plan":{"key":"sixpack.basic-male.1","level":3,"level_day":12,"level_overall_days":25},"id":"580fadf85f19b1f488c529a0","subjective_feeling_id":"3","sport_type_id":"77"}