{"start_time":1477336053000,"end_time":1477338241000,"created_at":1477338257000,"updated_at":1477338257000,"start_time_timezone_offset":7200000,"end_time_timezone_offset":7200000,"distance":0,"duration":1868167,"calories":225,"pause_duration":319833,"pulse_avg":0,"manual":false,"edited":false,"completed":true,"live_tracking_active":false,"live_tracking_enabled":false,"cheering_enabled":false,"indoor":true,"workout":{"training_plan":{"key":"sixpack.basic-male.1","level":3,"level_day":11,"level_overall_days":25},"extra_mile":true,"avatar_key":"daniel","exercises":[{"current_set":1,"duration":115974,"key":"sixpack.40","repetitions":36,"repetitions_goal":36,"sets_goal":2,"timestamp":1477336053183,"type":"exercise"},{"duration":60094,"timestamp":1477336169157,"type":"pause"},{"current_set":2,"duration":115952,"key":"sixpack.40","repetitions":36,"repetitions_goal":36,"sets_goal":2,"timestamp":1477336229251,"type":"exercise"},{"duration":30657,"timestamp":1477336402527,"type":"pause"},{"current_set":1,"duration":115938,"key":"sixpack.51","repetitions":36,"repetitions_goal":36,"sets_goal":2,"timestamp":1477336433184,"type":"exercise"},{"duration":60127,"timestamp":1477336570972,"type":"pause"},{"current_set":2,"duration":109473,"key":"sixpack.51","repetitions":36,"repetitions_goal":36,"sets_goal":2,"timestamp":1477336631099,"type":"exercise"},{"duration":30627,"timestamp":1477336825457,"type":"pause"},{"current_set":1,"duration":168729,"key":"sixpack.36","repetitions":36,"repetitions_goal":36,"sets_goal":2,"timestamp":1477336856084,"type":"exercise"},{"duration":60084,"timestamp":1477337090194,"type":"pause"},{"current_set":2,"duration":173541,"key":"sixpack.36","repetitions":36,"repetitions_goal":36,"sets_goal":2,"timestamp":1477337150278,"type":"exercise"},{"duration":60662,"timestamp":1477337355070,"type":"pause"},{"current_set":1,"duration":116075,"key":"sixpack.1","repetitions":36,"repetitions_goal":36,"sets_goal":2,"timestamp":1477337415732,"type":"exercise"},{"duration":30086,"timestamp":1477337531807,"type":"pause"},{"current_set":2,"duration":116046,"key":"sixpack.1","repetitions":36,"repetitions_goal":36,"sets_goal":2,"timestamp":1477337561893,"type":"exercise"},{"duration":60701,"timestamp":1477337677939,"type":"pause"},{"current_set":1,"duration":115916,"key":"sixpack.17","repetitions":36,"repetitions_goal":36,"sets_goal":2,"timestamp":1477337738640,"type":"exercise"},{"duration":60129,"timestamp":1477337878872,"type":"pause"},{"current_set":2,"duration":116003,"key":"sixpack.17","repetitions":36,"repetitions_goal":36,"sets_goal":2,"timestamp":1477337939001,"type":"exercise"},{"duration":35336,"timestamp":1477338077279,"type":"pause"},{"current_set":1,"duration":116017,"extra_mile":true,"key":"sixpack.40","repetitions":36,"repetitions_goal":36,"sets_goal":1,"timestamp":1477338112615,"type":"exercise"}]},"training_plan":{"key":"sixpack.basic-male.1","level":3,"level_day":11,"level_overall_days":25},"id":"580e64918a28a1a773148713","subjective_feeling_id":"4","sport_type_id":"77"}