{"start_time":1474389618000,"end_time":1474394178000,"created_at":1474401514000,"updated_at":1474401514000,"start_time_timezone_offset":7200000,"end_time_timezone_offset":7200000,"distance":15900,"duration":4560000,"elevation_gain":0,"elevation_loss":0,"average_speed":12.552631,"calories":1086,"max_speed":0.0,"pause_duration":0,"duration_per_km":286792,"temperature":15.0,"pulse_avg":0,"pulse_max":0,"avg_cadence":0,"max_cadence":0,"manual":true,"edited":false,"completed":true,"live_tracking_active":false,"live_tracking_enabled":false,"cheering_enabled":false,"indoor":false,"id":"57e194ea9ad6987030520590","weather_condition_id":"1","surface_id":"1","subjective_feeling_id":"5","sport_type_id":"1","user_equipment_ids":["57d716bd77877324cacaecbc"]}