{"start_time":1477657761000,"end_time":1477662081000,"created_at":1477662945000,"updated_at":1477662947000,"start_time_timezone_offset":7200000,"end_time_timezone_offset":7200000,"distance":14796,"duration":4318754,"elevation_gain":16,"elevation_loss":19,"average_speed":12.333557,"calories":1018,"longitude":17.675728,"latitude":48.36811,"max_speed":14.4,"pause_duration":0,"duration_per_km":291887,"temperature":11.0,"pulse_avg":0,"pulse_max":0,"avg_cadence":0,"max_cadence":0,"manual":false,"edited":false,"completed":true,"live_tracking_active":false,"live_tracking_enabled":false,"cheering_enabled":false,"indoor":false,"id":"581358e1da3113ab37a29b73","weather_condition_id":"1","surface_id":"2","subjective_feeling_id":"1","sport_type_id":"1","user_equipment_ids":["57d716bd77877324cacaecbc"]}