{"start_time":1472796425000,"end_time":1472797366000,"created_at":1472797385000,"updated_at":1472797385000,"start_time_timezone_offset":0,"end_time_timezone_offset":0,"distance":0,"duration":818157,"calories":70,"pause_duration":122843,"pulse_avg":0,"manual":false,"edited":false,"completed":true,"live_tracking_active":false,"live_tracking_enabled":false,"cheering_enabled":false,"indoor":true,"workout":{"training_plan":{"key":"sixpack.basic-male.1","level":1,"level_day":6,"level_overall_days":10},"extra_mile":true,"avatar_key":"daniel","exercises":[{"current_set":1,"duration":17082,"key":"sixpack.27","repetitions":5,"repetitions_goal":18,"sets_goal":2,"timestamp":1472796424932,"type":"exercise"},{"duration":11397,"timestamp":1472796442014,"type":"pause"},{"current_set":1,"duration":13980,"key":"sixpack.27","repetitions":4,"repetitions_goal":18,"sets_goal":2,"timestamp":1472796453411,"type":"exercise"},{"duration":11310,"timestamp":1472796467391,"type":"pause"},{"current_set":1,"duration":56966,"key":"sixpack.27","repetitions":18,"repetitions_goal":18,"sets_goal":2,"timestamp":1472796512764,"type":"exercise"},{"duration":29954,"timestamp":1472796569731,"type":"pause"},{"current_set":2,"duration":56895,"key":"sixpack.27","repetitions":18,"repetitions_goal":18,"sets_goal":2,"timestamp":1472796599685,"type":"exercise"},{"duration":30184,"timestamp":1472796656580,"type":"pause"},{"current_set":1,"duration":56947,"key":"sixpack.15","repetitions":18,"repetitions_goal":18,"sets_goal":2,"timestamp":1472796686764,"type":"exercise"},{"duration":29856,"timestamp":1472796743711,"type":"pause"},{"current_set":2,"duration":56942,"key":"sixpack.15","repetitions":18,"repetitions_goal":18,"sets_goal":2,"timestamp":1472796773567,"type":"exercise"},{"duration":30181,"timestamp":1472796919373,"type":"pause"},{"current_set":1,"duration":1156,"key":"sixpack.23","repetitions":0,"repetitions_goal":18,"sets_goal":2,"timestamp":1472796949554,"type":"exercise"},{"duration":11554,"timestamp":1472796950710,"type":"pause"},{"current_set":1,"duration":56970,"key":"sixpack.23","repetitions":18,"repetitions_goal":18,"sets_goal":2,"timestamp":1472796962264,"type":"exercise"},{"duration":29831,"timestamp":1472797019234,"type":"pause"},{"current_set":2,"duration":56882,"key":"sixpack.23","repetitions":18,"repetitions_goal":18,"sets_goal":2,"timestamp":1472797049065,"type":"exercise"},{"duration":25488,"timestamp":1472797105947,"type":"pause"},{"current_set":1,"duration":56963,"key":"sixpack.48","repetitions":18,"repetitions_goal":18,"sets_goal":2,"timestamp":1472797131435,"type":"exercise"},{"duration":29859,"timestamp":1472797188398,"type":"pause"},{"current_set":2,"duration":56996,"key":"sixpack.48","repetitions":18,"repetitions_goal":18,"sets_goal":2,"timestamp":1472797218257,"type":"exercise"},{"duration":33882,"timestamp":1472797275253,"type":"pause"},{"current_set":1,"duration":56882,"extra_mile":true,"key":"sixpack.27","repetitions":18,"repetitions_goal":18,"sets_goal":1,"timestamp":1472797309135,"type":"exercise"}]},"training_plan":{"key":"sixpack.basic-male.1","level":1,"level_day":6,"level_overall_days":10},"id":"57c91ac98a28a1aad7b9c3c4","subjective_feeling_id":"2","sport_type_id":"77"}