{"start_time":1474295591000,"end_time":1474296272000,"created_at":1474296274000,"updated_at":1474296274000,"start_time_timezone_offset":7200000,"end_time_timezone_offset":7200000,"distance":0,"duration":681000,"calories":48,"pause_duration":0,"manual":false,"completed":true,"fitness":{"additional_repetitions_in_last_set":34,"max_repetitions":44,"sets":[{"duration":67000,"repetitions":28,"repetitions_goal":28},{"duration":30000,"repetitions":22,"repetitions_goal":22},{"duration":28000,"repetitions":14,"repetitions_goal":14},{"duration":16000,"repetitions":12,"repetitions_goal":12},{"duration":55000,"repetitions":44,"repetitions_goal":10}]},"training_plan":{"Key":"pushup_100","Level":2,"LevelDay":8,"LevelOverallDays":19},"id":"57dff9d27fa48d21af2180ee","sport_type_id":"63"}