{"start_time":1474618591000,"end_time":1474619225000,"created_at":1474619226000,"updated_at":1474619226000,"start_time_timezone_offset":7200000,"end_time_timezone_offset":7200000,"distance":0,"duration":634000,"calories":44,"pause_duration":0,"manual":false,"completed":true,"fitness":{"additional_repetitions_in_last_set":30,"max_repetitions":40,"sets":[{"duration":41000,"repetitions":30,"repetitions_goal":30},{"duration":62000,"repetitions":20,"repetitions_goal":20},{"duration":65000,"repetitions":20,"repetitions_goal":20},{"duration":12000,"repetitions":10,"repetitions_goal":10},{"duration":44000,"repetitions":40,"repetitions_goal":10}]},"training_plan":{"Key":"pushup_100","Level":2,"LevelDay":10,"LevelOverallDays":19},"id":"57e4e75acfc81eec061c1d3d","sport_type_id":"63"}