{"start_time":1473946590000,"end_time":1473946971000,"created_at":1473946972000,"updated_at":1473946972000,"start_time_timezone_offset":7200000,"end_time_timezone_offset":7200000,"distance":0,"duration":381000,"calories":15,"pause_duration":0,"manual":false,"completed":true,"fitness":{"additional_repetitions_in_last_set":3,"max_repetitions":5,"sets":[{"duration":32000,"repetitions":3,"repetitions_goal":3},{"duration":54000,"repetitions":3,"repetitions_goal":3},{"duration":47000,"repetitions":3,"repetitions_goal":3},{"duration":63000,"repetitions":5,"repetitions_goal":2}]},"training_plan":{"Key":"pullup_20","Level":1,"LevelDay":7,"LevelOverallDays":19},"id":"57daa55c7fa48d33253fad69","sport_type_id":"65"}