{"start_time":1473652402000,"end_time":1473653259000,"created_at":1473653265000,"updated_at":1473653265000,"start_time_timezone_offset":0,"end_time_timezone_offset":0,"distance":0,"duration":857014,"calories":87,"pause_duration":-14,"pulse_avg":0,"manual":false,"edited":false,"completed":true,"live_tracking_active":false,"live_tracking_enabled":false,"cheering_enabled":false,"indoor":true,"workout":{"training_plan":{"key":"sixpack.basic-male.1","level":2,"level_day":2,"level_overall_days":15},"extra_mile":true,"avatar_key":"daniel","exercises":[{"current_set":1,"duration":63271,"key":"sixpack.6","repetitions":20,"repetitions_goal":20,"sets_goal":3,"timestamp":1473652402203,"type":"exercise"},{"duration":29930,"timestamp":1473652465474,"type":"pause"},{"current_set":2,"duration":63217,"key":"sixpack.6","repetitions":20,"repetitions_goal":20,"sets_goal":3,"timestamp":1473652495404,"type":"exercise"},{"duration":29943,"timestamp":1473652558621,"type":"pause"},{"current_set":3,"duration":63242,"key":"sixpack.6","repetitions":20,"repetitions_goal":20,"sets_goal":3,"timestamp":1473652588564,"type":"exercise"},{"duration":30171,"timestamp":1473652651806,"type":"pause"},{"current_set":1,"duration":47366,"key":"sixpack.18","repetitions":20,"repetitions_goal":20,"sets_goal":3,"timestamp":1473652681977,"type":"exercise"},{"duration":29823,"timestamp":1473652729343,"type":"pause"},{"current_set":2,"duration":47256,"key":"sixpack.18","repetitions":20,"repetitions_goal":20,"sets_goal":3,"timestamp":1473652759166,"type":"exercise"},{"duration":29838,"timestamp":1473652806422,"type":"pause"},{"current_set":3,"duration":47307,"key":"sixpack.18","repetitions":20,"repetitions_goal":20,"sets_goal":3,"timestamp":1473652836260,"type":"exercise"},{"duration":30233,"timestamp":1473652883567,"type":"pause"},{"current_set":1,"duration":63307,"key":"sixpack.14","repetitions":20,"repetitions_goal":20,"sets_goal":3,"timestamp":1473652913800,"type":"exercise"},{"duration":29839,"timestamp":1473652977107,"type":"pause"},{"current_set":2,"duration":63334,"key":"sixpack.14","repetitions":20,"repetitions_goal":20,"sets_goal":3,"timestamp":1473653006946,"type":"exercise"},{"duration":29799,"timestamp":1473653070280,"type":"pause"},{"current_set":3,"duration":63308,"key":"sixpack.14","repetitions":20,"repetitions_goal":20,"sets_goal":3,"timestamp":1473653100079,"type":"exercise"},{"duration":32501,"timestamp":1473653163387,"type":"pause"},{"current_set":1,"duration":63329,"extra_mile":true,"key":"sixpack.6","repetitions":20,"repetitions_goal":20,"sets_goal":1,"timestamp":1473653195888,"type":"exercise"}]},"training_plan":{"key":"sixpack.basic-male.1","level":2,"level_day":2,"level_overall_days":15},"id":"57d62a11ae8cbe66ce466896","subjective_feeling_id":"2","sport_type_id":"77"}