{"start_time":1476203682000,"end_time":1476205554000,"created_at":1476205566000,"updated_at":1476205566000,"start_time_timezone_offset":7200000,"end_time_timezone_offset":7200000,"distance":0,"duration":1805280,"calories":206,"pause_duration":66720,"pulse_avg":0,"manual":false,"edited":false,"completed":true,"live_tracking_active":false,"live_tracking_enabled":false,"cheering_enabled":false,"indoor":true,"workout":{"training_plan":{"key":"sixpack.basic-male.1","level":3,"level_day":6,"level_overall_days":25},"extra_mile":true,"avatar_key":"daniel","exercises":[{"current_set":1,"duration":72563,"key":"sixpack.33","repetitions":30,"repetitions_goal":30,"sets_goal":3,"timestamp":1476203681688,"type":"exercise"},{"duration":30159,"timestamp":1476203754252,"type":"pause"},{"current_set":2,"duration":72548,"key":"sixpack.33","repetitions":30,"repetitions_goal":30,"sets_goal":3,"timestamp":1476203784411,"type":"exercise"},{"duration":30174,"timestamp":1476203856959,"type":"pause"},{"current_set":3,"duration":72540,"key":"sixpack.33","repetitions":30,"repetitions_goal":30,"sets_goal":3,"timestamp":1476203887133,"type":"exercise"},{"duration":30704,"timestamp":1476203959673,"type":"pause"},{"current_set":1,"duration":72534,"key":"sixpack.21","repetitions":30,"repetitions_goal":30,"sets_goal":3,"timestamp":1476203990377,"type":"exercise"},{"duration":60165,"timestamp":1476204062911,"type":"pause"},{"current_set":2,"duration":70161,"key":"sixpack.21","repetitions":30,"repetitions_goal":30,"sets_goal":3,"timestamp":1476204123076,"type":"exercise"},{"duration":90151,"timestamp":1476204224500,"type":"pause"},{"current_set":3,"duration":72542,"key":"sixpack.21","repetitions":30,"repetitions_goal":30,"sets_goal":3,"timestamp":1476204314651,"type":"exercise"},{"duration":60673,"timestamp":1476204387193,"type":"pause"},{"current_set":1,"duration":144425,"key":"sixpack.4","repetitions":30,"repetitions_goal":30,"sets_goal":3,"timestamp":1476204447866,"type":"exercise"},{"duration":60085,"timestamp":1476204627906,"type":"pause"},{"current_set":2,"duration":144627,"key":"sixpack.4","repetitions":30,"repetitions_goal":30,"sets_goal":3,"timestamp":1476204687991,"type":"exercise"},{"duration":60058,"timestamp":1476204832618,"type":"pause"},{"current_set":3,"duration":144569,"key":"sixpack.4","repetitions":30,"repetitions_goal":30,"sets_goal":3,"timestamp":1476204892676,"type":"exercise"},{"duration":30647,"timestamp":1476205037245,"type":"pause"},{"current_set":1,"duration":96580,"key":"sixpack.13","repetitions":30,"repetitions_goal":30,"sets_goal":3,"timestamp":1476205067892,"type":"exercise"},{"duration":30116,"timestamp":1476205164472,"type":"pause"},{"current_set":2,"duration":96566,"key":"sixpack.13","repetitions":30,"repetitions_goal":30,"sets_goal":3,"timestamp":1476205194588,"type":"exercise"},{"duration":60158,"timestamp":1476205291154,"type":"pause"},{"current_set":3,"duration":96613,"key":"sixpack.13","repetitions":30,"repetitions_goal":30,"sets_goal":3,"timestamp":1476205351312,"type":"exercise"},{"duration":33355,"timestamp":1476205447925,"type":"pause"},{"current_set":1,"duration":72567,"extra_mile":true,"key":"sixpack.33","repetitions":30,"repetitions_goal":30,"sets_goal":1,"timestamp":1476205481280,"type":"exercise"}]},"training_plan":{"key":"sixpack.basic-male.1","level":3,"level_day":6,"level_overall_days":25},"id":"57fd1bfe9ad698c29cc206ff","subjective_feeling_id":"2","sport_type_id":"77"}