{"start_time":1473364236000,"end_time":1473369036000,"created_at":1473714066000,"updated_at":1473714066000,"start_time_timezone_offset":0,"end_time_timezone_offset":0,"distance":15000,"duration":4800000,"elevation_gain":0,"elevation_loss":0,"average_speed":11.25,"calories":1023,"max_speed":0.0,"pause_duration":0,"duration_per_km":320000,"pulse_avg":0,"pulse_max":0,"avg_cadence":0,"max_cadence":0,"manual":true,"edited":false,"completed":true,"live_tracking_active":false,"live_tracking_enabled":false,"cheering_enabled":false,"indoor":false,"id":"57d71792cfc81ef80e06a731","surface_id":"1","subjective_feeling_id":"2","sport_type_id":"1","user_equipment_ids":["57d716bd77877324cacaecbc"]}