{"start_time":1478268795000,"end_time":1478273171000,"created_at":1478273191000,"updated_at":1478273193000,"start_time_timezone_offset":3600000,"end_time_timezone_offset":3600000,"distance":14690,"duration":4374085,"elevation_gain":16,"elevation_loss":18,"average_speed":12.090301,"calories":1011,"longitude":17.676111,"latitude":48.367474,"max_speed":14.25,"pause_duration":0,"duration_per_km":297759,"temperature":7.0,"pulse_avg":0,"pulse_max":0,"avg_cadence":0,"max_cadence":0,"manual":false,"edited":false,"completed":true,"live_tracking_active":false,"live_tracking_enabled":false,"cheering_enabled":false,"indoor":false,"id":"581ca8a77acb1514ebae1866","weather_condition_id":"1","surface_id":"2","subjective_feeling_id":"1","sport_type_id":"1","user_equipment_ids":["57d716bd77877324cacaecbc"]}