{"start_time":1477812362000,"end_time":1477816827000,"created_at":1477837826000,"updated_at":1477837860000,"start_time_timezone_offset":3600000,"end_time_timezone_offset":3600000,"distance":15467,"duration":4464080,"elevation_gain":21,"elevation_loss":18,"average_speed":12.473164,"calories":1064,"longitude":17.676247,"latitude":48.36763,"max_speed":15.299998,"pause_duration":0,"duration_per_km":288620,"temperature":7.0,"pulse_avg":0,"pulse_max":0,"avg_cadence":0,"max_cadence":0,"manual":false,"edited":false,"completed":true,"live_tracking_active":false,"live_tracking_enabled":false,"cheering_enabled":false,"indoor":false,"id":"5816040234f12cd8ac131999","weather_condition_id":"2","surface_id":"2","subjective_feeling_id":"1","sport_type_id":"1","user_equipment_ids":["57d716bd77877324cacaecbc"]}