{"start_time":1475083850000,"end_time":1475084280000,"created_at":1475084286000,"updated_at":1475084286000,"start_time_timezone_offset":7200000,"end_time_timezone_offset":7200000,"distance":0,"duration":429455,"calories":59,"pause_duration":545,"pulse_avg":0,"manual":false,"edited":false,"completed":true,"live_tracking_active":false,"live_tracking_enabled":false,"cheering_enabled":false,"indoor":true,"workout":{"training_plan":{"key":"sixpack.basic-male.1","level":2,"level_day":12,"level_overall_days":15},"extra_mile":true,"avatar_key":"daniel","exercises":[{"current_set":1,"duration":8340,"key":"sixpack.29","repetitions":3,"repetitions_goal":26,"sets_goal":2,"timestamp":1475083850157,"type":"exercise"},{"duration":36121,"timestamp":1475083858497,"type":"pause"},{"current_set":1,"duration":62937,"key":"sixpack.29","repetitions":26,"repetitions_goal":26,"sets_goal":2,"timestamp":1475083894618,"type":"exercise"},{"duration":30175,"timestamp":1475083957555,"type":"pause"},{"current_set":2,"duration":6326,"key":"sixpack.29","repetitions":3,"repetitions_goal":26,"sets_goal":2,"timestamp":1475083987730,"type":"exercise"},{"duration":3871,"timestamp":1475083994056,"type":"pause"},{"current_set":1,"duration":66893,"key":"sixpack.22","repetitions":28,"repetitions_goal":28,"sets_goal":2,"timestamp":1475083997927,"type":"exercise"},{"duration":60091,"timestamp":1475084064820,"type":"pause"},{"current_set":2,"duration":67749,"key":"sixpack.22","repetitions":28,"repetitions_goal":28,"sets_goal":2,"timestamp":1475084124911,"type":"exercise"},{"duration":20887,"timestamp":1475084192660,"type":"pause"},{"current_set":1,"duration":66065,"extra_mile":true,"key":"sixpack.47","repetitions":28,"repetitions_goal":28,"sets_goal":1,"timestamp":1475084213547,"type":"exercise"}]},"training_plan":{"key":"sixpack.basic-male.1","level":2,"level_day":12,"level_overall_days":15},"id":"57ebfffe1e7255a89c74fcd5","subjective_feeling_id":"5","sport_type_id":"77"}