{"start_time":1476898196000,"end_time":1476900103000,"created_at":1476900119000,"updated_at":1476900119000,"start_time_timezone_offset":7200000,"end_time_timezone_offset":7200000,"distance":0,"duration":1892935,"calories":233,"pause_duration":14065,"pulse_avg":0,"manual":false,"edited":false,"completed":true,"live_tracking_active":false,"live_tracking_enabled":false,"cheering_enabled":false,"indoor":true,"workout":{"training_plan":{"key":"sixpack.basic-male.1","level":3,"level_day":9,"level_overall_days":25},"extra_mile":true,"avatar_key":"daniel","exercises":[{"current_set":1,"duration":109357,"key":"sixpack.13","repetitions":34,"repetitions_goal":34,"sets_goal":3,"timestamp":1476898195833,"type":"exercise"},{"duration":30132,"timestamp":1476898305190,"type":"pause"},{"current_set":2,"duration":109471,"key":"sixpack.13","repetitions":34,"repetitions_goal":34,"sets_goal":3,"timestamp":1476898335322,"type":"exercise"},{"duration":30065,"timestamp":1476898458846,"type":"pause"},{"current_set":3,"duration":109437,"key":"sixpack.13","repetitions":34,"repetitions_goal":34,"sets_goal":3,"timestamp":1476898488911,"type":"exercise"},{"duration":30730,"timestamp":1476898598348,"type":"pause"},{"current_set":1,"duration":82275,"key":"sixpack.33","repetitions":34,"repetitions_goal":34,"sets_goal":3,"timestamp":1476898629078,"type":"exercise"},{"duration":30136,"timestamp":1476898711353,"type":"pause"},{"current_set":2,"duration":82230,"key":"sixpack.33","repetitions":34,"repetitions_goal":34,"sets_goal":3,"timestamp":1476898741489,"type":"exercise"},{"duration":30180,"timestamp":1476898823719,"type":"pause"},{"current_set":3,"duration":82325,"key":"sixpack.33","repetitions":34,"repetitions_goal":34,"sets_goal":3,"timestamp":1476898853899,"type":"exercise"},{"duration":30603,"timestamp":1476898936224,"type":"pause"},{"current_set":1,"duration":82344,"key":"sixpack.21","repetitions":34,"repetitions_goal":34,"sets_goal":3,"timestamp":1476898966827,"type":"exercise"},{"duration":30135,"timestamp":1476899049171,"type":"pause"},{"current_set":2,"duration":82281,"key":"sixpack.21","repetitions":34,"repetitions_goal":34,"sets_goal":3,"timestamp":1476899079306,"type":"exercise"},{"duration":30145,"timestamp":1476899161587,"type":"pause"},{"current_set":3,"duration":82346,"key":"sixpack.21","repetitions":34,"repetitions_goal":34,"sets_goal":3,"timestamp":1476899191732,"type":"exercise"},{"duration":60632,"timestamp":1476899274078,"type":"pause"},{"current_set":1,"duration":163865,"key":"sixpack.4","repetitions":34,"repetitions_goal":34,"sets_goal":3,"timestamp":1476899334710,"type":"exercise"},{"duration":60138,"timestamp":1476899498575,"type":"pause"},{"current_set":2,"duration":163836,"key":"sixpack.4","repetitions":34,"repetitions_goal":34,"sets_goal":3,"timestamp":1476899558713,"type":"exercise"},{"duration":60054,"timestamp":1476899722549,"type":"pause"},{"current_set":3,"duration":163914,"key":"sixpack.4","repetitions":34,"repetitions_goal":34,"sets_goal":3,"timestamp":1476899782603,"type":"exercise"},{"duration":46730,"timestamp":1476899946517,"type":"pause"},{"current_set":1,"duration":109574,"extra_mile":true,"key":"sixpack.13","repetitions":34,"repetitions_goal":34,"sets_goal":1,"timestamp":1476899993247,"type":"exercise"}]},"training_plan":{"key":"sixpack.basic-male.1","level":3,"level_day":9,"level_overall_days":25},"id":"5807b51771c40c0e58174d23","subjective_feeling_id":"1","sport_type_id":"77"}