{"start_time":1477503657000,"end_time":1477504121000,"created_at":1477504130000,"updated_at":1477504130000,"start_time_timezone_offset":7200000,"end_time_timezone_offset":7200000,"distance":0,"duration":464000,"calories":23,"pause_duration":0,"manual":false,"completed":true,"fitness":{"additional_repetitions_in_last_set":1,"max_repetitions":9,"sets":[{"duration":84000,"repetitions":9,"repetitions_goal":9},{"duration":35000,"repetitions":6,"repetitions_goal":6},{"duration":28000,"repetitions":4,"repetitions_goal":4},{"duration":41000,"repetitions":5,"repetitions_goal":4}]},"training_plan":{"Key":"pullup_20","Level":2,"LevelDay":5,"LevelOverallDays":19},"id":"5810ec827f280e24b6b190cf","sport_type_id":"65"}