{"start_time":1477077020000,"end_time":1477078783000,"created_at":1477078803000,"updated_at":1477078803000,"start_time_timezone_offset":7200000,"end_time_timezone_offset":7200000,"distance":0,"duration":1762695,"calories":233,"pause_duration":305,"pulse_avg":0,"manual":false,"edited":false,"completed":true,"live_tracking_active":false,"live_tracking_enabled":false,"cheering_enabled":false,"indoor":true,"workout":{"training_plan":{"key":"sixpack.basic-male.1","level":3,"level_day":10,"level_overall_days":25},"extra_mile":true,"avatar_key":"daniel","exercises":[{"current_set":1,"duration":82300,"key":"sixpack.33","repetitions":34,"repetitions_goal":34,"sets_goal":3,"timestamp":1477077019856,"type":"exercise"},{"duration":30206,"timestamp":1477077102156,"type":"pause"},{"current_set":2,"duration":82342,"key":"sixpack.33","repetitions":34,"repetitions_goal":34,"sets_goal":3,"timestamp":1477077132362,"type":"exercise"},{"duration":30154,"timestamp":1477077214704,"type":"pause"},{"current_set":3,"duration":82324,"key":"sixpack.33","repetitions":34,"repetitions_goal":34,"sets_goal":3,"timestamp":1477077244858,"type":"exercise"},{"duration":30620,"timestamp":1477077327182,"type":"pause"},{"current_set":1,"duration":82344,"key":"sixpack.21","repetitions":34,"repetitions_goal":34,"sets_goal":3,"timestamp":1477077357802,"type":"exercise"},{"duration":30170,"timestamp":1477077440146,"type":"pause"},{"current_set":2,"duration":82321,"key":"sixpack.21","repetitions":34,"repetitions_goal":34,"sets_goal":3,"timestamp":1477077470316,"type":"exercise"},{"duration":30128,"timestamp":1477077552637,"type":"pause"},{"current_set":3,"duration":82324,"key":"sixpack.21","repetitions":34,"repetitions_goal":34,"sets_goal":3,"timestamp":1477077582765,"type":"exercise"},{"duration":30563,"timestamp":1477077665089,"type":"pause"},{"current_set":1,"duration":163869,"key":"sixpack.4","repetitions":34,"repetitions_goal":34,"sets_goal":3,"timestamp":1477077695652,"type":"exercise"},{"duration":30130,"timestamp":1477077859521,"type":"pause"},{"current_set":2,"duration":163900,"key":"sixpack.4","repetitions":34,"repetitions_goal":34,"sets_goal":3,"timestamp":1477077889651,"type":"exercise"},{"duration":30029,"timestamp":1477078053551,"type":"pause"},{"current_set":3,"duration":163909,"key":"sixpack.4","repetitions":34,"repetitions_goal":34,"sets_goal":3,"timestamp":1477078083580,"type":"exercise"},{"duration":30641,"timestamp":1477078247489,"type":"pause"},{"current_set":1,"duration":109506,"key":"sixpack.13","repetitions":34,"repetitions_goal":34,"sets_goal":3,"timestamp":1477078278130,"type":"exercise"},{"duration":30133,"timestamp":1477078387636,"type":"pause"},{"current_set":2,"duration":109540,"key":"sixpack.13","repetitions":34,"repetitions_goal":34,"sets_goal":3,"timestamp":1477078417769,"type":"exercise"},{"duration":30071,"timestamp":1477078527309,"type":"pause"},{"current_set":3,"duration":109537,"key":"sixpack.13","repetitions":34,"repetitions_goal":34,"sets_goal":3,"timestamp":1477078557380,"type":"exercise"},{"duration":33369,"timestamp":1477078666917,"type":"pause"},{"current_set":1,"duration":82265,"extra_mile":true,"key":"sixpack.33","repetitions":34,"repetitions_goal":34,"sets_goal":1,"timestamp":1477078700286,"type":"exercise"}]},"training_plan":{"key":"sixpack.basic-male.1","level":3,"level_day":10,"level_overall_days":25},"id":"580a6f1308cd120a55fbd71c","subjective_feeling_id":"1","sport_type_id":"77"}