{"start_time":1475410046000,"end_time":1475411420000,"created_at":1475411429000,"updated_at":1475411429000,"start_time_timezone_offset":7200000,"end_time_timezone_offset":7200000,"distance":0,"duration":1337247,"calories":181,"pause_duration":36753,"pulse_avg":0,"manual":false,"edited":false,"completed":true,"live_tracking_active":false,"live_tracking_enabled":false,"cheering_enabled":false,"indoor":true,"workout":{"training_plan":{"key":"sixpack.basic-male.1","level":2,"level_day":15,"level_overall_days":15},"extra_mile":true,"avatar_key":"daniel","exercises":[{"current_set":1,"duration":1844,"key":"sixpack.29","repetitions":1,"repetitions_goal":34,"sets_goal":2,"timestamp":1475410045935,"type":"exercise"},{"duration":10228,"timestamp":1475410047779,"type":"pause"},{"current_set":1,"duration":82325,"key":"sixpack.29","repetitions":34,"repetitions_goal":34,"sets_goal":2,"timestamp":1475410058007,"type":"exercise"},{"duration":30137,"timestamp":1475410140332,"type":"pause"},{"current_set":2,"duration":82310,"key":"sixpack.29","repetitions":34,"repetitions_goal":34,"sets_goal":2,"timestamp":1475410170469,"type":"exercise"},{"duration":30696,"timestamp":1475410252779,"type":"pause"},{"current_set":1,"duration":82289,"key":"sixpack.22","repetitions":34,"repetitions_goal":34,"sets_goal":2,"timestamp":1475410283475,"type":"exercise"},{"duration":30135,"timestamp":1475410365764,"type":"pause"},{"current_set":2,"duration":77229,"key":"sixpack.22","repetitions":34,"repetitions_goal":34,"sets_goal":2,"timestamp":1475410395899,"type":"exercise"},{"duration":30724,"timestamp":1475410510360,"type":"pause"},{"current_set":1,"duration":82263,"key":"sixpack.47","repetitions":34,"repetitions_goal":34,"sets_goal":2,"timestamp":1475410541084,"type":"exercise"},{"duration":30132,"timestamp":1475410623347,"type":"pause"},{"current_set":2,"duration":82314,"key":"sixpack.47","repetitions":34,"repetitions_goal":34,"sets_goal":2,"timestamp":1475410653479,"type":"exercise"},{"duration":30673,"timestamp":1475410735793,"type":"pause"},{"current_set":1,"duration":83695,"key":"sixpack.31","repetitions":26,"repetitions_goal":26,"sets_goal":2,"timestamp":1475410766466,"type":"exercise"},{"duration":60183,"timestamp":1475410850161,"type":"pause"},{"current_set":2,"duration":83636,"key":"sixpack.31","repetitions":26,"repetitions_goal":26,"sets_goal":2,"timestamp":1475410910344,"type":"exercise"},{"duration":60688,"timestamp":1475410993980,"type":"pause"},{"current_set":1,"duration":109527,"key":"sixpack.53","repetitions":34,"repetitions_goal":34,"sets_goal":2,"timestamp":1475411054668,"type":"exercise"},{"duration":30156,"timestamp":1475411164195,"type":"pause"},{"current_set":2,"duration":109443,"key":"sixpack.53","repetitions":34,"repetitions_goal":34,"sets_goal":2,"timestamp":1475411194351,"type":"exercise"},{"duration":34401,"timestamp":1475411303794,"type":"pause"},{"current_set":1,"duration":82219,"extra_mile":true,"key":"sixpack.29","repetitions":34,"repetitions_goal":34,"sets_goal":1,"timestamp":1475411338195,"type":"exercise"}]},"training_plan":{"key":"sixpack.basic-male.1","level":2,"level_day":15,"level_overall_days":15},"id":"57f0fde57acb15897756db76","sport_type_id":"77"}