{"start_time":1461421522000,"end_time":1461426673000,"created_at":1461426680000,"updated_at":1461426682000,"start_time_timezone_offset":7200000,"end_time_timezone_offset":7200000,"distance":5676,"duration":5150093,"elevation_gain":26,"elevation_loss":20,"average_speed":3.967618,"calories":436,"longitude":17.719929,"latitude":48.376793,"max_speed":5.85,"pause_duration":0,"duration_per_km":907345,"temperature":18.0,"pulse_avg":0,"pulse_max":0,"avg_cadence":0,"max_cadence":0,"manual":false,"edited":false,"completed":true,"live_tracking_active":false,"live_tracking_enabled":false,"cheering_enabled":false,"indoor":false,"id":"571b99f87f280e30f7809a8b","weather_condition_id":"1","sport_type_id":"19"}