{"start_time":1473778003000,"end_time":1473778381000,"created_at":1473778382000,"updated_at":1473778382000,"start_time_timezone_offset":0,"end_time_timezone_offset":0,"distance":0,"duration":378000,"calories":14,"pause_duration":0,"manual":false,"completed":true,"fitness":{"additional_repetitions_in_last_set":2,"max_repetitions":4,"sets":[{"duration":23000,"repetitions":2,"repetitions_goal":2},{"duration":72000,"repetitions":3,"repetitions_goal":3},{"duration":56000,"repetitions":3,"repetitions_goal":3},{"duration":42000,"repetitions":4,"repetitions_goal":2}]},"training_plan":{"Key":"pullup_20","Level":1,"LevelDay":5,"LevelOverallDays":19},"id":"57d812cedcd33b094bd72e0d","sport_type_id":"65"}