{"start_time":1475081755000,"end_time":1475082254000,"created_at":1475082254000,"updated_at":1475082254000,"start_time_timezone_offset":7200000,"end_time_timezone_offset":7200000,"distance":0,"duration":499000,"calories":22,"pause_duration":0,"manual":false,"completed":true,"fitness":{"additional_repetitions_in_last_set":1,"max_repetitions":5,"sets":[{"duration":46000,"repetitions":5,"repetitions_goal":5},{"duration":34000,"repetitions":4,"repetitions_goal":4},{"duration":77000,"repetitions":4,"repetitions_goal":4},{"duration":62000,"repetitions":4,"repetitions_goal":3}]},"training_plan":{"Key":"pullup_20","Level":1,"LevelDay":13,"LevelOverallDays":19},"id":"57ebf80e08cd120a0a98c1b2","sport_type_id":"65"}