{"start_time":1472612980000,"end_time":1472613730000,"created_at":1472613784000,"updated_at":1472613784000,"start_time_timezone_offset":0,"end_time_timezone_offset":0,"distance":0,"duration":749073,"calories":57,"pause_duration":927,"pulse_avg":0,"manual":false,"edited":false,"completed":true,"live_tracking_active":false,"live_tracking_enabled":false,"cheering_enabled":false,"indoor":true,"workout":{"training_plan":{"key":"sixpack.basic-male.1","level":1,"level_day":4,"level_overall_days":10},"extra_mile":true,"avatar_key":"daniel","exercises":[{"current_set":1,"duration":44353,"key":"sixpack.20","repetitions":14,"repetitions_goal":14,"sets_goal":3,"timestamp":1472612980478,"type":"exercise"},{"duration":29856,"timestamp":1472613024831,"type":"pause"},{"current_set":2,"duration":44325,"key":"sixpack.20","repetitions":14,"repetitions_goal":14,"sets_goal":3,"timestamp":1472613054687,"type":"exercise"},{"duration":29850,"timestamp":1472613099012,"type":"pause"},{"current_set":3,"duration":44316,"key":"sixpack.20","repetitions":14,"repetitions_goal":14,"sets_goal":3,"timestamp":1472613128862,"type":"exercise"},{"duration":30287,"timestamp":1472613173179,"type":"pause"},{"current_set":1,"duration":66595,"key":"sixpack.11","repetitions":14,"repetitions_goal":14,"sets_goal":3,"timestamp":1472613203466,"type":"exercise"},{"duration":29949,"timestamp":1472613270061,"type":"pause"},{"current_set":2,"duration":66724,"key":"sixpack.11","repetitions":14,"repetitions_goal":14,"sets_goal":3,"timestamp":1472613300010,"type":"exercise"},{"duration":29825,"timestamp":1472613366734,"type":"pause"},{"current_set":3,"duration":66703,"key":"sixpack.11","repetitions":14,"repetitions_goal":14,"sets_goal":3,"timestamp":1472613396559,"type":"exercise"},{"duration":30167,"timestamp":1472613463262,"type":"pause"},{"current_set":1,"duration":33111,"key":"sixpack.7","repetitions":14,"repetitions_goal":14,"sets_goal":3,"timestamp":1472613493429,"type":"exercise"},{"duration":29840,"timestamp":1472613526540,"type":"pause"},{"current_set":2,"duration":33077,"key":"sixpack.7","repetitions":14,"repetitions_goal":14,"sets_goal":3,"timestamp":1472613556380,"type":"exercise"},{"duration":29860,"timestamp":1472613589457,"type":"pause"},{"current_set":3,"duration":33077,"key":"sixpack.7","repetitions":14,"repetitions_goal":14,"sets_goal":3,"timestamp":1472613619317,"type":"exercise"},{"duration":32818,"timestamp":1472613652394,"type":"pause"},{"current_set":1,"duration":44340,"extra_mile":true,"key":"sixpack.20","repetitions":14,"repetitions_goal":14,"sets_goal":1,"timestamp":1472613685212,"type":"exercise"}]},"training_plan":{"key":"sixpack.basic-male.1","level":1,"level_day":4,"level_overall_days":10},"id":"57c64d98f454baaebd925b72","subjective_feeling_id":"5","sport_type_id":"77"}