{"start_time":1474949504000,"end_time":1474950209000,"created_at":1474950210000,"updated_at":1474950210000,"start_time_timezone_offset":7200000,"end_time_timezone_offset":7200000,"distance":0,"duration":705000,"calories":49,"pause_duration":0,"manual":false,"completed":true,"fitness":{"additional_repetitions_in_last_set":24,"max_repetitions":34,"sets":[{"duration":38000,"repetitions":32,"repetitions_goal":32},{"duration":25000,"repetitions":22,"repetitions_goal":22},{"duration":25000,"repetitions":18,"repetitions_goal":18},{"duration":55000,"repetitions":14,"repetitions_goal":14},{"duration":103000,"repetitions":34,"repetitions_goal":10}]},"training_plan":{"Key":"pushup_100","Level":2,"LevelDay":12,"LevelOverallDays":19},"id":"57e9f4420c9501999e824c4c","sport_type_id":"63"}