{"start_time":1475259905000,"end_time":1475260367000,"created_at":1475260367000,"updated_at":1475260367000,"start_time_timezone_offset":7200000,"end_time_timezone_offset":7200000,"distance":0,"duration":462000,"calories":24,"pause_duration":0,"manual":false,"completed":true,"fitness":{"additional_repetitions_in_last_set":1,"max_repetitions":5,"sets":[{"duration":41000,"repetitions":5,"repetitions_goal":5},{"duration":42000,"repetitions":5,"repetitions_goal":5},{"duration":35000,"repetitions":4,"repetitions_goal":4},{"duration":31000,"repetitions":4,"repetitions_goal":3}]},"training_plan":{"Key":"pullup_20","Level":1,"LevelDay":14,"LevelOverallDays":19},"id":"57eeafcf08dad1ac4a3d3c91","sport_type_id":"65"}