{"start_time":1478872097000,"end_time":1478876694000,"created_at":1478876723000,"updated_at":1478876724000,"start_time_timezone_offset":3600000,"end_time_timezone_offset":3600000,"distance":15479,"duration":4595692,"elevation_gain":22,"elevation_loss":24,"average_speed":12.125356,"calories":1065,"longitude":17.676527,"latitude":48.367634,"max_speed":14.699999,"pause_duration":0,"duration_per_km":296899,"temperature":7.0,"pulse_avg":0,"pulse_max":0,"avg_cadence":0,"max_cadence":0,"manual":false,"edited":false,"completed":true,"live_tracking_active":false,"live_tracking_enabled":false,"cheering_enabled":false,"indoor":false,"id":"5825de3308cd12eefdf91ba3","weather_condition_id":"2","surface_id":"2","subjective_feeling_id":"1","sport_type_id":"1","user_equipment_ids":["57d716bd77877324cacaecbc"]}