{"start_time":1476849798000,"end_time":1476850545000,"created_at":1476850556000,"updated_at":1476850556000,"start_time_timezone_offset":7200000,"end_time_timezone_offset":7200000,"distance":0,"duration":747000,"calories":48,"pause_duration":0,"manual":false,"completed":true,"fitness":{"additional_repetitions_in_last_set":16,"max_repetitions":36,"sets":[{"duration":65000,"repetitions":36,"repetitions_goal":36},{"duration":131000,"repetitions":26,"repetitions_goal":26},{"duration":99000,"repetitions":22,"repetitions_goal":22},{"duration":23000,"repetitions":22,"repetitions_goal":22},{"duration":34000,"repetitions":30,"repetitions_goal":14}]},"training_plan":{"Key":"pushup_100","Level":3,"LevelDay":2,"LevelOverallDays":25},"id":"5806f37cae8cbe2cbbc842e1","sport_type_id":"63"}