{"start_time":1478097230000,"end_time":1478101669000,"created_at":1478108871000,"updated_at":1478108872000,"start_time_timezone_offset":3600000,"end_time_timezone_offset":3600000,"distance":14722,"duration":4438542,"elevation_gain":16,"elevation_loss":18,"average_speed":11.940678,"calories":1014,"longitude":17.675919,"latitude":48.367775,"max_speed":15.299998,"pause_duration":0,"duration_per_km":301490,"temperature":8.0,"pulse_avg":0,"pulse_max":0,"avg_cadence":0,"max_cadence":0,"manual":false,"edited":false,"completed":true,"live_tracking_active":false,"live_tracking_enabled":false,"cheering_enabled":false,"indoor":false,"id":"581a26c7ae8cbe615c98cb2d","weather_condition_id":"2","surface_id":"2","subjective_feeling_id":"1","sport_type_id":"1","user_equipment_ids":["57d716bd77877324cacaecbc"]}