{"start_time":1475507963000,"end_time":1475512524000,"created_at":1475681741000,"updated_at":1477663087000,"start_time_timezone_offset":7200000,"end_time_timezone_offset":7200000,"distance":15205,"duration":4560291,"elevation_gain":16,"elevation_loss":18,"average_speed":12.003181,"calories":1047,"longitude":17.675833,"latitude":48.36777,"max_speed":15.149999,"pause_duration":0,"duration_per_km":299920,"temperature":16.0,"pulse_avg":0,"pulse_max":0,"avg_cadence":0,"max_cadence":0,"manual":false,"edited":false,"completed":true,"live_tracking_active":false,"live_tracking_enabled":false,"cheering_enabled":false,"indoor":false,"id":"57f51dcd7fa48de1ae568962","weather_condition_id":"2","surface_id":"2","subjective_feeling_id":"1","sport_type_id":"1","user_equipment_ids":["57d716bd77877324cacaecbc"]}