{"start_time":1474431037000,"end_time":1474431648000,"created_at":1474431649000,"updated_at":1474431649000,"start_time_timezone_offset":7200000,"end_time_timezone_offset":7200000,"distance":0,"duration":611000,"calories":44,"pause_duration":0,"manual":false,"completed":true,"fitness":{"additional_repetitions_in_last_set":30,"max_repetitions":42,"sets":[{"duration":49000,"repetitions":28,"repetitions_goal":28},{"duration":44000,"repetitions":22,"repetitions_goal":22},{"duration":28000,"repetitions":14,"repetitions_goal":14},{"duration":21000,"repetitions":12,"repetitions_goal":12},{"duration":46000,"repetitions":42,"repetitions_goal":12}]},"training_plan":{"Key":"pushup_100","Level":2,"LevelDay":9,"LevelOverallDays":19},"id":"57e20aa17fa48d1d5a3c6f61","sport_type_id":"63"}