{"start_time":1472969689000,"end_time":1472969780000,"created_at":1472969781000,"updated_at":1472969781000,"start_time_timezone_offset":0,"end_time_timezone_offset":0,"distance":0,"duration":91000,"calories":7,"pause_duration":0,"manual":false,"completed":true,"fitness":{"additional_repetitions_in_last_set":6,"max_repetitions":10,"sets":[{"duration":6000,"repetitions":5,"repetitions_goal":5},{"duration":8000,"repetitions":6,"repetitions_goal":6},{"duration":7000,"repetitions":6,"repetitions_goal":6},{"duration":7000,"repetitions":4,"repetitions_goal":4},{"duration":23000,"repetitions":10,"repetitions_goal":4}]},"training_plan":{"Key":"pushup_100","Level":1,"LevelDay":4,"LevelOverallDays":10},"id":"57cbbc3534f12cb784cfdded","sport_type_id":"63"}