{"start_time":1472797635000,"end_time":1472797746000,"created_at":1472797747000,"updated_at":1472797747000,"start_time_timezone_offset":0,"end_time_timezone_offset":0,"distance":0,"duration":111000,"calories":6,"pause_duration":0,"manual":false,"completed":true,"fitness":{"additional_repetitions_in_last_set":8,"max_repetitions":10,"sets":[{"duration":8000,"repetitions":2,"repetitions_goal":2},{"duration":6000,"repetitions":3,"repetitions_goal":3},{"duration":7000,"repetitions":4,"repetitions_goal":4},{"duration":8000,"repetitions":3,"repetitions_goal":3},{"duration":30000,"repetitions":10,"repetitions_goal":2}]},"training_plan":{"Key":"pushup_100","Level":1,"LevelDay":1,"LevelOverallDays":10},"id":"57c91c33dcd33b145be8f49c","sport_type_id":"63"}