{"start_time":1475083483000,"end_time":1475083799000,"created_at":1475083802000,"updated_at":1475083802000,"start_time_timezone_offset":7200000,"end_time_timezone_offset":7200000,"distance":0,"duration":314163,"calories":41,"pause_duration":1837,"pulse_avg":0,"manual":false,"edited":false,"completed":true,"live_tracking_active":false,"live_tracking_enabled":false,"cheering_enabled":false,"indoor":true,"workout":{"training_plan":{"key":"sixpack.basic-male.1","level":2,"level_day":12,"level_overall_days":15},"extra_mile":false,"avatar_key":"daniel","exercises":[{"current_set":1,"duration":90172,"key":"sixpack.53","repetitions":28,"repetitions_goal":28,"sets_goal":2,"timestamp":1475083482616,"type":"exercise"},{"duration":30094,"timestamp":1475083572788,"type":"pause"},{"current_set":2,"duration":90217,"key":"sixpack.53","repetitions":28,"repetitions_goal":28,"sets_goal":2,"timestamp":1475083602882,"type":"exercise"},{"duration":30640,"timestamp":1475083693099,"type":"pause"},{"current_set":1,"duration":62975,"key":"sixpack.29","repetitions":26,"repetitions_goal":26,"sets_goal":2,"timestamp":1475083723739,"type":"exercise"},{"duration":10065,"timestamp":1475083786714,"type":"pause"}]},"training_plan":{"key":"sixpack.basic-male.1","level":2,"level_day":12,"level_overall_days":15},"id":"57ebfe1acfc81ec91b041940","sport_type_id":"77"}