{"start_time":1458311185000,"end_time":1458315891000,"created_at":1458315896000,"updated_at":1458315898000,"start_time_timezone_offset":3600000,"end_time_timezone_offset":3600000,"distance":5241,"duration":4705277,"elevation_gain":17,"elevation_loss":17,"average_speed":4.009881,"calories":398,"longitude":17.678053,"latitude":48.35941,"max_speed":6.5520988,"pause_duration":0,"duration_per_km":897782,"temperature":16.0,"pulse_avg":0,"pulse_max":0,"avg_cadence":0,"max_cadence":0,"manual":false,"edited":false,"completed":true,"live_tracking_active":false,"live_tracking_enabled":false,"cheering_enabled":false,"indoor":false,"id":"56ec2278dc3377b73f191346","weather_condition_id":"1","sport_type_id":"19"}