{"start_time":1478628884000,"end_time":1478631220000,"created_at":1478631236000,"updated_at":1478631236000,"start_time_timezone_offset":3600000,"end_time_timezone_offset":3600000,"distance":0,"duration":1981331,"calories":239,"pause_duration":354669,"pulse_avg":0,"manual":false,"edited":false,"completed":true,"live_tracking_active":false,"live_tracking_enabled":false,"cheering_enabled":false,"indoor":true,"workout":{"training_plan":{"key":"sixpack.basic-male.1","level":3,"level_day":20,"level_overall_days":25},"extra_mile":false,"avatar_key":"daniel","exercises":[{"current_set":1,"duration":212426,"key":"sixpack.12","repetitions":44,"repetitions_goal":44,"sets_goal":3,"timestamp":1478628884319,"type":"exercise"},{"duration":57099,"timestamp":1478629096745,"type":"pause"},{"current_set":2,"duration":212587,"key":"sixpack.12","repetitions":44,"repetitions_goal":44,"sets_goal":3,"timestamp":1478629153844,"type":"exercise"},{"duration":27110,"timestamp":1478629366431,"type":"pause"},{"current_set":3,"duration":212481,"key":"sixpack.12","repetitions":44,"repetitions_goal":44,"sets_goal":3,"timestamp":1478629393541,"type":"exercise"},{"duration":15716,"timestamp":1478629606022,"type":"pause"},{"current_set":1,"duration":141737,"key":"sixpack.30","repetitions":44,"repetitions_goal":44,"sets_goal":3,"timestamp":1478629621738,"type":"exercise"},{"duration":14100,"timestamp":1478629763475,"type":"pause"},{"current_set":2,"duration":141759,"key":"sixpack.30","repetitions":44,"repetitions_goal":44,"sets_goal":3,"timestamp":1478629777575,"type":"exercise"},{"duration":45117,"timestamp":1478629981877,"type":"pause"},{"current_set":3,"duration":141730,"key":"sixpack.30","repetitions":44,"repetitions_goal":44,"sets_goal":3,"timestamp":1478630026994,"type":"exercise"},{"duration":17645,"timestamp":1478630168724,"type":"pause"},{"current_set":1,"duration":207229,"key":"sixpack.38","repetitions":44,"repetitions_goal":44,"sets_goal":3,"timestamp":1478630186369,"type":"exercise"},{"duration":45050,"timestamp":1478630490240,"type":"pause"},{"current_set":2,"duration":212078,"key":"sixpack.38","repetitions":44,"repetitions_goal":44,"sets_goal":3,"timestamp":1478630535290,"type":"exercise"},{"duration":45063,"timestamp":1478630827824,"type":"pause"},{"current_set":3,"duration":212051,"key":"sixpack.38","repetitions":44,"repetitions_goal":44,"sets_goal":3,"timestamp":1478630872887,"type":"exercise"},{"duration":20353,"timestamp":1478631186538,"type":"pause"}]},"training_plan":{"key":"sixpack.basic-male.1","level":3,"level_day":20,"level_overall_days":25},"id":"58221f4472b0cae998adbf21","sport_type_id":"77"}