{"start_time":1474799259000,"end_time":1474800152000,"created_at":1474800153000,"updated_at":1474800153000,"start_time_timezone_offset":7200000,"end_time_timezone_offset":7200000,"distance":0,"duration":893000,"calories":50,"pause_duration":0,"manual":false,"completed":true,"fitness":{"additional_repetitions_in_last_set":18,"max_repetitions":32,"sets":[{"duration":94000,"repetitions":32,"repetitions_goal":32},{"duration":38000,"repetitions":20,"repetitions_goal":20},{"duration":80000,"repetitions":18,"repetitions_goal":18},{"duration":13000,"repetitions":10,"repetitions_goal":10},{"duration":183000,"repetitions":30,"repetitions_goal":12}]},"training_plan":{"Key":"pushup_100","Level":2,"LevelDay":11,"LevelOverallDays":19},"id":"57e7aa199ad698c14c4c60d4","sport_type_id":"63"}