{"start_time":1476509227000,"end_time":1476515293000,"created_at":1477061523000,"updated_at":1477662994000,"start_time_timezone_offset":7200000,"end_time_timezone_offset":7200000,"distance":20322,"duration":6064691,"elevation_gain":30,"elevation_loss":41,"average_speed":12.063137,"calories":1399,"longitude":17.67604,"latitude":48.367706,"max_speed":15.299998,"pause_duration":0,"duration_per_km":298430,"temperature":8.0,"pulse_avg":0,"pulse_max":0,"avg_cadence":0,"max_cadence":0,"manual":false,"edited":false,"completed":true,"live_tracking_active":false,"live_tracking_enabled":false,"cheering_enabled":false,"indoor":false,"id":"580a2b9334f12c922214aea6","weather_condition_id":"1","surface_id":"2","subjective_feeling_id":"1","sport_type_id":"1","user_equipment_ids":["57d716bd77877324cacaecbc"]}