{"start_time":1473170411000,"end_time":1473175031000,"created_at":1473714181000,"updated_at":1473714181000,"start_time_timezone_offset":0,"end_time_timezone_offset":0,"distance":15000,"duration":4620000,"elevation_gain":0,"elevation_loss":0,"average_speed":11.688312,"calories":1019,"max_speed":0.0,"pause_duration":0,"duration_per_km":308000,"pulse_avg":0,"pulse_max":0,"avg_cadence":0,"max_cadence":0,"manual":true,"edited":false,"completed":true,"live_tracking_active":false,"live_tracking_enabled":false,"cheering_enabled":false,"indoor":false,"id":"57d71805f454babe22aef0b5","weather_condition_id":"5","surface_id":"1","subjective_feeling_id":"5","sport_type_id":"1","user_equipment_ids":["57d716bd77877324cacaecbc"]}