{"start_time":1474113801000,"end_time":1474114247000,"created_at":1474114250000,"updated_at":1474114250000,"start_time_timezone_offset":7200000,"end_time_timezone_offset":7200000,"distance":0,"duration":446000,"calories":21,"pause_duration":0,"manual":false,"completed":true,"fitness":{"additional_repetitions_in_last_set":5,"max_repetitions":7,"sets":[{"duration":52000,"repetitions":4,"repetitions_goal":4},{"duration":32000,"repetitions":3,"repetitions_goal":3},{"duration":36000,"repetitions":2,"repetitions_goal":2},{"duration":51000,"repetitions":7,"repetitions_goal":2}]},"training_plan":{"Key":"pullup_20","Level":1,"LevelDay":8,"LevelOverallDays":19},"id":"57dd32c9da3113f648c28db2","sport_type_id":"65"}