{"start_time":1474175712000,"end_time":1474180332000,"created_at":1474189295000,"updated_at":1474189296000,"start_time_timezone_offset":7200000,"end_time_timezone_offset":7200000,"distance":15700,"duration":4620000,"elevation_gain":0,"elevation_loss":0,"average_speed":12.233767,"calories":1073,"max_speed":0.0,"pause_duration":0,"duration_per_km":294268,"pulse_avg":0,"pulse_max":0,"avg_cadence":0,"max_cadence":0,"manual":true,"edited":false,"completed":true,"live_tracking_active":false,"live_tracking_enabled":false,"cheering_enabled":false,"indoor":false,"id":"57de57ef08dad10b0efe9e4f","weather_condition_id":"5","surface_id":"1","subjective_feeling_id":"1","sport_type_id":"1","user_equipment_ids":["57d716bd77877324cacaecbc"]}