{"start_time":1472526193000,"end_time":1472526739000,"created_at":1472526839000,"updated_at":1472526839000,"start_time_timezone_offset":0,"end_time_timezone_offset":0,"distance":0,"duration":545759,"calories":33,"pause_duration":241,"pulse_avg":0,"manual":false,"edited":false,"completed":true,"live_tracking_active":false,"live_tracking_enabled":false,"cheering_enabled":false,"indoor":true,"workout":{"training_plan":{"key":"sixpack.basic-male.1","level":1,"level_day":1,"level_overall_days":10},"extra_mile":true,"avatar_key":"daniel","exercises":[{"current_set":1,"duration":25362,"key":"sixpack.20","repetitions":8,"repetitions_goal":8,"sets_goal":3,"timestamp":1472526193013,"type":"exercise"},{"duration":29848,"timestamp":1472526218375,"type":"pause"},{"current_set":2,"duration":25361,"key":"sixpack.20","repetitions":8,"repetitions_goal":8,"sets_goal":3,"timestamp":1472526248223,"type":"exercise"},{"duration":29889,"timestamp":1472526273584,"type":"pause"},{"current_set":3,"duration":25222,"key":"sixpack.20","repetitions":8,"repetitions_goal":8,"sets_goal":3,"timestamp":1472526303473,"type":"exercise"},{"duration":30325,"timestamp":1472526328695,"type":"pause"},{"current_set":1,"duration":38038,"key":"sixpack.11","repetitions":8,"repetitions_goal":8,"sets_goal":3,"timestamp":1472526359020,"type":"exercise"},{"duration":29932,"timestamp":1472526397058,"type":"pause"},{"current_set":2,"duration":38119,"key":"sixpack.11","repetitions":8,"repetitions_goal":8,"sets_goal":3,"timestamp":1472526426990,"type":"exercise"},{"duration":29931,"timestamp":1472526465109,"type":"pause"},{"current_set":3,"duration":38030,"key":"sixpack.11","repetitions":8,"repetitions_goal":8,"sets_goal":3,"timestamp":1472526495040,"type":"exercise"},{"duration":30181,"timestamp":1472526533070,"type":"pause"},{"current_set":1,"duration":18906,"key":"sixpack.7","repetitions":8,"repetitions_goal":8,"sets_goal":3,"timestamp":1472526563251,"type":"exercise"},{"duration":29850,"timestamp":1472526582157,"type":"pause"},{"current_set":2,"duration":18912,"key":"sixpack.7","repetitions":8,"repetitions_goal":8,"sets_goal":3,"timestamp":1472526612007,"type":"exercise"},{"duration":29769,"timestamp":1472526630919,"type":"pause"},{"current_set":3,"duration":18904,"key":"sixpack.7","repetitions":8,"repetitions_goal":8,"sets_goal":3,"timestamp":1472526660688,"type":"exercise"},{"duration":33829,"timestamp":1472526679592,"type":"pause"},{"current_set":1,"duration":25351,"extra_mile":true,"key":"sixpack.20","repetitions":8,"repetitions_goal":8,"sets_goal":1,"timestamp":1472526713421,"type":"exercise"}]},"training_plan":{"key":"sixpack.basic-male.1","level":1,"level_day":1,"level_overall_days":10},"id":"57c4f9f77f280e9265c25025","subjective_feeling_id":"1","sport_type_id":"77"}