{"start_time":1473506187000,"end_time":1473506510000,"created_at":1473506514000,"updated_at":1473506514000,"start_time_timezone_offset":0,"end_time_timezone_offset":0,"distance":0,"duration":323000,"calories":15,"pause_duration":0,"manual":false,"completed":true,"fitness":{"additional_repetitions_in_last_set":0,"max_repetitions":2,"sets":[{"duration":25000,"repetitions":1,"repetitions_goal":1},{"duration":108000,"repetitions":2,"repetitions_goal":2},{"duration":6000,"repetitions":2,"repetitions_goal":2},{"duration":11000,"repetitions":1,"repetitions_goal":1}]},"training_plan":{"Key":"pullup_20","Level":1,"LevelDay":2,"LevelOverallDays":19},"id":"57d3ecd27fa48d8052c6a072","sport_type_id":"65"}