{"start_time":1476886091000,"end_time":1476890447000,"created_at":1476891441000,"updated_at":1476891442000,"start_time_timezone_offset":7200000,"end_time_timezone_offset":7200000,"distance":14749,"duration":4355170,"elevation_gain":16,"elevation_loss":18,"average_speed":12.19158,"calories":1015,"longitude":17.675678,"latitude":48.367832,"max_speed":14.4,"pause_duration":0,"duration_per_km":295286,"temperature":11.0,"pulse_avg":0,"pulse_max":0,"avg_cadence":0,"max_cadence":0,"manual":false,"edited":false,"completed":true,"live_tracking_active":false,"live_tracking_enabled":false,"cheering_enabled":false,"indoor":false,"id":"580793317f280edeac76b1b3","weather_condition_id":"3","surface_id":"2","subjective_feeling_id":"1","sport_type_id":"1","user_equipment_ids":["57d716bd77877324cacaecbc"]}