{"start_time":1473132885000,"end_time":1473133059000,"created_at":1473133066000,"updated_at":1473133066000,"start_time_timezone_offset":0,"end_time_timezone_offset":0,"distance":0,"duration":173741,"calories":19,"pause_duration":259,"pulse_avg":0,"manual":false,"edited":false,"completed":true,"live_tracking_active":false,"live_tracking_enabled":false,"cheering_enabled":false,"indoor":true,"workout":{"training_plan":{"key":"sixpack.basic-male.1","level":1,"level_day":9,"level_overall_days":10},"extra_mile":false,"avatar_key":"daniel","exercises":[{"current_set":1,"duration":75889,"key":"sixpack.23","repetitions":24,"repetitions_goal":24,"sets_goal":2,"timestamp":1473132885399,"type":"exercise"},{"duration":21912,"timestamp":1473132961288,"type":"pause"},{"current_set":2,"duration":75940,"key":"sixpack.23","repetitions":24,"repetitions_goal":24,"sets_goal":2,"timestamp":1473132983200,"type":"exercise"}]},"training_plan":{"key":"sixpack.basic-male.1","level":1,"level_day":9,"level_overall_days":10},"id":"57ce3a0a0c95012433f20799","subjective_feeling_id":"2","sport_type_id":"77"}