{"start_time":1453639205000,"end_time":1453649964000,"created_at":1453649967000,"updated_at":1453649987000,"start_time_timezone_offset":3600000,"end_time_timezone_offset":3600000,"distance":10258,"duration":10758132,"elevation_gain":16,"elevation_loss":10,"average_speed":3.4326406,"calories":910,"longitude":17.681543,"latitude":48.366276,"max_speed":5.399999,"pause_duration":0,"duration_per_km":1048755,"temperature":3.0,"pulse_avg":0,"pulse_max":0,"avg_cadence":0,"max_cadence":0,"manual":false,"edited":false,"completed":true,"live_tracking_active":false,"live_tracking_enabled":false,"cheering_enabled":false,"indoor":false,"id":"56a4f02fda3113ccf32fa554","weather_condition_id":"2","surface_id":"2","subjective_feeling_id":"2","sport_type_id":"19"}