{"start_time":1478537025000,"end_time":1478538313000,"created_at":1478538325000,"updated_at":1478538325000,"start_time_timezone_offset":3600000,"end_time_timezone_offset":3600000,"distance":0,"duration":1288000,"calories":88,"pause_duration":0,"manual":false,"completed":true,"fitness":{"additional_repetitions_in_last_set":2,"max_repetitions":50,"sets":[{"duration":99000,"repetitions":50,"repetitions_goal":50},{"duration":147000,"repetitions":26,"repetitions_goal":26},{"duration":59000,"repetitions":26,"repetitions_goal":26},{"duration":31000,"repetitions":22,"repetitions_goal":22},{"duration":44000,"repetitions":20,"repetitions_goal":18}]},"training_plan":{"Key":"pushup_100","Level":3,"LevelDay":11,"LevelOverallDays":25},"id":"5820b4557f280eaa57b3c077","sport_type_id":"63"}