{"start_time":1472968529000,"end_time":1472969474000,"created_at":1472969480000,"updated_at":1472969480000,"start_time_timezone_offset":0,"end_time_timezone_offset":0,"distance":0,"duration":944863,"calories":90,"pause_duration":137,"pulse_avg":0,"manual":false,"edited":false,"completed":true,"live_tracking_active":false,"live_tracking_enabled":false,"cheering_enabled":false,"indoor":true,"workout":{"training_plan":{"key":"sixpack.basic-male.1","level":1,"level_day":8,"level_overall_days":10},"extra_mile":true,"avatar_key":"daniel","exercises":[{"current_set":1,"duration":69637,"key":"sixpack.23","repetitions":22,"repetitions_goal":22,"sets_goal":2,"timestamp":1472968529125,"type":"exercise"},{"duration":29831,"timestamp":1472968598762,"type":"pause"},{"current_set":2,"duration":69581,"key":"sixpack.23","repetitions":22,"repetitions_goal":22,"sets_goal":2,"timestamp":1472968628593,"type":"exercise"},{"duration":14947,"timestamp":1472968698174,"type":"pause"},{"current_set":1,"duration":69673,"key":"sixpack.48","repetitions":22,"repetitions_goal":22,"sets_goal":2,"timestamp":1472968713121,"type":"exercise"},{"duration":29842,"timestamp":1472968782794,"type":"pause"},{"current_set":2,"duration":69582,"key":"sixpack.48","repetitions":22,"repetitions_goal":22,"sets_goal":2,"timestamp":1472968812636,"type":"exercise"},{"duration":30230,"timestamp":1472968882218,"type":"pause"},{"current_set":1,"duration":2115,"key":"sixpack.27","repetitions":1,"repetitions_goal":22,"sets_goal":2,"timestamp":1472968912448,"type":"exercise"},{"duration":10506,"timestamp":1472968914563,"type":"pause"},{"current_set":1,"duration":69576,"key":"sixpack.27","repetitions":22,"repetitions_goal":22,"sets_goal":2,"timestamp":1472968925069,"type":"exercise"},{"duration":29937,"timestamp":1472968994645,"type":"pause"},{"current_set":2,"duration":69560,"key":"sixpack.27","repetitions":22,"repetitions_goal":22,"sets_goal":2,"timestamp":1472969024582,"type":"exercise"},{"duration":30257,"timestamp":1472969094142,"type":"pause"},{"current_set":1,"duration":69578,"key":"sixpack.15","repetitions":22,"repetitions_goal":22,"sets_goal":2,"timestamp":1472969124399,"type":"exercise"},{"duration":29847,"timestamp":1472969193977,"type":"pause"},{"current_set":2,"duration":69579,"key":"sixpack.15","repetitions":22,"repetitions_goal":22,"sets_goal":2,"timestamp":1472969223824,"type":"exercise"},{"duration":31959,"timestamp":1472969293403,"type":"pause"},{"current_set":1,"duration":68969,"extra_mile":true,"key":"sixpack.23","repetitions":22,"repetitions_goal":22,"sets_goal":1,"timestamp":1472969325362,"type":"exercise"},{"duration":10075,"timestamp":1472969394331,"type":"pause"},{"current_set":1,"duration":69582,"extra_mile":true,"key":"sixpack.23","repetitions":22,"repetitions_goal":22,"sets_goal":1,"timestamp":1472969404406,"type":"exercise"}]},"training_plan":{"key":"sixpack.basic-male.1","level":1,"level_day":8,"level_overall_days":10},"id":"57cbbb08dcd33b2ea6079f13","subjective_feeling_id":"2","sport_type_id":"77"}