{"start_time":1473304490000,"end_time":1473304673000,"created_at":1473304675000,"updated_at":1473304675000,"start_time_timezone_offset":0,"end_time_timezone_offset":0,"distance":0,"duration":183000,"calories":14,"pause_duration":0,"manual":false,"completed":true,"fitness":{"additional_repetitions_in_last_set":22,"max_repetitions":30,"sets":[{"duration":20000,"repetitions":12,"repetitions_goal":12},{"duration":13000,"repetitions":8,"repetitions_goal":8},{"duration":13000,"repetitions":8,"repetitions_goal":8},{"duration":14000,"repetitions":10,"repetitions_goal":10},{"duration":42000,"repetitions":30,"repetitions_goal":8}]},"training_plan":{"Key":"pushup_100","Level":1,"LevelDay":8,"LevelOverallDays":10},"id":"57d0d86308dad1fbca88b856","sport_type_id":"63"}