{"start_time":1477076005000,"end_time":1477076737000,"created_at":1477076744000,"updated_at":1477076744000,"start_time_timezone_offset":7200000,"end_time_timezone_offset":7200000,"distance":0,"duration":732000,"calories":58,"pause_duration":0,"manual":false,"completed":true,"fitness":{"additional_repetitions_in_last_set":2,"max_repetitions":38,"sets":[{"duration":66000,"repetitions":38,"repetitions_goal":38},{"duration":42000,"repetitions":26,"repetitions_goal":26},{"duration":46000,"repetitions":22,"repetitions_goal":22},{"duration":40000,"repetitions":22,"repetitions_goal":22},{"duration":22000,"repetitions":16,"repetitions_goal":14}]},"training_plan":{"Key":"pushup_100","Level":3,"LevelDay":3,"LevelOverallDays":25},"id":"580a670872b0ca147748367e","sport_type_id":"63"}