{"start_time":1472526874000,"end_time":1472527494000,"created_at":1472527506000,"updated_at":1472527506000,"start_time_timezone_offset":0,"end_time_timezone_offset":0,"distance":0,"duration":566822,"calories":41,"pause_duration":53178,"pulse_avg":0,"manual":false,"edited":false,"completed":true,"live_tracking_active":false,"live_tracking_enabled":false,"cheering_enabled":false,"indoor":true,"workout":{"training_plan":{"key":"sixpack.basic-male.1","level":1,"level_day":2,"level_overall_days":10},"extra_mile":true,"avatar_key":"daniel","exercises":[{"current_set":1,"duration":47620,"key":"sixpack.11","repetitions":10,"repetitions_goal":10,"sets_goal":3,"timestamp":1472526874143,"type":"exercise"},{"duration":29913,"timestamp":1472526921763,"type":"pause"},{"current_set":2,"duration":47708,"key":"sixpack.11","repetitions":10,"repetitions_goal":10,"sets_goal":3,"timestamp":1472526951676,"type":"exercise"},{"duration":29853,"timestamp":1472526999384,"type":"pause"},{"current_set":3,"duration":47622,"key":"sixpack.11","repetitions":10,"repetitions_goal":10,"sets_goal":3,"timestamp":1472527029237,"type":"exercise"},{"duration":30240,"timestamp":1472527076859,"type":"pause"},{"current_set":1,"duration":2555,"key":"sixpack.11","repetitions":1,"repetitions_goal":10,"sets_goal":3,"timestamp":1472527107099,"type":"exercise"},{"duration":12156,"timestamp":1472527109654,"type":"pause"},{"current_set":1,"duration":23668,"key":"sixpack.7","repetitions":10,"repetitions_goal":10,"sets_goal":3,"timestamp":1472527121810,"type":"exercise"},{"duration":15663,"timestamp":1472527145478,"type":"pause"},{"current_set":2,"duration":23594,"key":"sixpack.7","repetitions":10,"repetitions_goal":10,"sets_goal":3,"timestamp":1472527161141,"type":"exercise"},{"duration":17484,"timestamp":1472527184735,"type":"pause"},{"current_set":3,"duration":23688,"key":"sixpack.7","repetitions":10,"repetitions_goal":10,"sets_goal":3,"timestamp":1472527202219,"type":"exercise"},{"duration":19221,"timestamp":1472527225907,"type":"pause"},{"current_set":1,"duration":31611,"key":"sixpack.20","repetitions":10,"repetitions_goal":10,"sets_goal":3,"timestamp":1472527245128,"type":"exercise"},{"duration":19109,"timestamp":1472527276739,"type":"pause"},{"current_set":2,"duration":29741,"key":"sixpack.20","repetitions":10,"repetitions_goal":10,"sets_goal":3,"timestamp":1472527295848,"type":"exercise"},{"duration":13123,"timestamp":1472527378580,"type":"pause"},{"current_set":3,"duration":31706,"key":"sixpack.20","repetitions":10,"repetitions_goal":10,"sets_goal":3,"timestamp":1472527391703,"type":"exercise"},{"duration":22935,"timestamp":1472527423409,"type":"pause"},{"current_set":1,"duration":47612,"extra_mile":true,"key":"sixpack.11","repetitions":10,"repetitions_goal":10,"sets_goal":1,"timestamp":1472527446344,"type":"exercise"}]},"training_plan":{"key":"sixpack.basic-male.1","level":1,"level_day":2,"level_overall_days":10},"id":"57c4fc920c95014c1b5612a3","sport_type_id":"77"}