{"start_time":1472880636000,"end_time":1472885556000,"created_at":1473714508000,"updated_at":1473714508000,"start_time_timezone_offset":0,"end_time_timezone_offset":0,"distance":14800,"duration":4920000,"elevation_gain":0,"elevation_loss":0,"average_speed":10.8292675,"calories":1016,"max_speed":0.0,"pause_duration":0,"duration_per_km":332432,"temperature":17.0,"pulse_avg":0,"pulse_max":0,"avg_cadence":0,"max_cadence":0,"manual":true,"edited":false,"completed":true,"live_tracking_active":false,"live_tracking_enabled":false,"cheering_enabled":false,"indoor":false,"id":"57d7194c7fa48dd12710e46f","weather_condition_id":"1","surface_id":"1","subjective_feeling_id":"5","sport_type_id":"1","user_equipment_ids":["57d716bd77877324cacaecbc"]}