{"start_time":1471547604000,"end_time":1471547626000,"created_at":1471547627000,"updated_at":1471547627000,"start_time_timezone_offset":0,"end_time_timezone_offset":0,"distance":0,"duration":22000,"calories":0,"pause_duration":0,"manual":false,"completed":true,"fitness":{"additional_repetitions_in_last_set":0,"max_repetitions":2,"sets":[{"duration":10000,"repetitions":2,"repetitions_goal":2}]},"training_plan":{"Key":"situp_100","Level":1,"LevelDay":1,"LevelOverallDays":9},"id":"57b608ebf454ba37faafe57b","sport_type_id":"64"}