{"start_time":1473874080000,"end_time":1473874383000,"created_at":1473874388000,"updated_at":1473874388000,"start_time_timezone_offset":7200000,"end_time_timezone_offset":7200000,"distance":0,"duration":303000,"calories":14,"pause_duration":0,"manual":false,"completed":true,"fitness":{"additional_repetitions_in_last_set":3,"max_repetitions":5,"sets":[{"duration":31000,"repetitions":3,"repetitions_goal":3},{"duration":27000,"repetitions":3,"repetitions_goal":3},{"duration":21000,"repetitions":2,"repetitions_goal":2},{"duration":38000,"repetitions":5,"repetitions_goal":2}]},"training_plan":{"Key":"pullup_20","Level":1,"LevelDay":6,"LevelOverallDays":19},"id":"57d989d479a4637f8a318a85","sport_type_id":"65"}