{"start_time":1477395725000,"end_time":1477400040000,"created_at":1477419034000,"updated_at":1477419036000,"start_time_timezone_offset":7200000,"end_time_timezone_offset":7200000,"distance":14735,"duration":4314217,"elevation_gain":16,"elevation_loss":18,"average_speed":12.295627,"calories":1014,"longitude":17.675896,"latitude":48.36782,"max_speed":14.550001,"pause_duration":0,"duration_per_km":292787,"temperature":15.0,"pulse_avg":0,"pulse_max":0,"avg_cadence":0,"max_cadence":0,"manual":false,"edited":false,"completed":true,"live_tracking_active":false,"live_tracking_enabled":false,"cheering_enabled":false,"indoor":false,"id":"580fa01a08cd1230a607284d","weather_condition_id":"1","surface_id":"2","subjective_feeling_id":"1","sport_type_id":"1","user_equipment_ids":["57d716bd77877324cacaecbc"]}