{"start_time":1472968680000,"end_time":1472973480000,"created_at":1473714419000,"updated_at":1473714419000,"start_time_timezone_offset":0,"end_time_timezone_offset":0,"distance":15000,"duration":4800000,"elevation_gain":0,"elevation_loss":0,"average_speed":11.25,"calories":1023,"max_speed":0.0,"pause_duration":0,"duration_per_km":320000,"temperature":17.0,"pulse_avg":0,"pulse_max":0,"avg_cadence":0,"max_cadence":0,"manual":true,"edited":false,"completed":true,"live_tracking_active":false,"live_tracking_enabled":false,"cheering_enabled":false,"indoor":false,"id":"57d718f334f12c4f60a77cc6","weather_condition_id":"1","surface_id":"1","subjective_feeling_id":"2","sport_type_id":"1","user_equipment_ids":["57d716bd77877324cacaecbc"]}