{"start_time":1476897329000,"end_time":1476897713000,"created_at":1476897719000,"updated_at":1476897719000,"start_time_timezone_offset":7200000,"end_time_timezone_offset":7200000,"distance":0,"duration":384000,"calories":22,"pause_duration":0,"manual":false,"completed":true,"fitness":{"additional_repetitions_in_last_set":3,"max_repetitions":7,"sets":[{"duration":8000,"repetitions":6,"repetitions_goal":6},{"duration":35000,"repetitions":4,"repetitions_goal":4},{"duration":21000,"repetitions":3,"repetitions_goal":3},{"duration":44000,"repetitions":7,"repetitions_goal":4}]},"training_plan":{"Key":"pullup_20","Level":2,"LevelDay":2,"LevelOverallDays":19},"id":"5807abb77fa48d974c562d7e","sport_type_id":"65"}