{"start_time":1476197347000,"end_time":1476202012000,"created_at":1476203124000,"updated_at":1476203126000,"start_time_timezone_offset":7200000,"end_time_timezone_offset":7200000,"distance":15379,"duration":4663964,"elevation_gain":16,"elevation_loss":18,"average_speed":11.870675,"calories":1059,"longitude":17.676117,"latitude":48.36772,"max_speed":15.449999,"pause_duration":0,"duration_per_km":303268,"temperature":9.0,"pulse_avg":0,"pulse_max":0,"avg_cadence":0,"max_cadence":0,"manual":false,"edited":false,"completed":true,"live_tracking_active":false,"live_tracking_enabled":false,"cheering_enabled":false,"indoor":false,"id":"57fd12748a28a1adea8d160c","weather_condition_id":"3","sport_type_id":"1","user_equipment_ids":["57d716bd77877324cacaecbc"]}