{"start_time":1472612238000,"end_time":1472612900000,"created_at":1472612927000,"updated_at":1472612927000,"start_time_timezone_offset":0,"end_time_timezone_offset":0,"distance":0,"duration":661531,"calories":49,"pause_duration":469,"pulse_avg":0,"manual":false,"edited":false,"completed":true,"live_tracking_active":false,"live_tracking_enabled":false,"cheering_enabled":false,"indoor":true,"workout":{"training_plan":{"key":"sixpack.basic-male.1","level":1,"level_day":3,"level_overall_days":10},"extra_mile":true,"avatar_key":"daniel","exercises":[{"current_set":1,"duration":28430,"key":"sixpack.7","repetitions":12,"repetitions_goal":12,"sets_goal":3,"timestamp":1472612238480,"type":"exercise"},{"duration":18404,"timestamp":1472612266910,"type":"pause"},{"current_set":2,"duration":28395,"key":"sixpack.7","repetitions":12,"repetitions_goal":12,"sets_goal":3,"timestamp":1472612285314,"type":"exercise"},{"duration":29866,"timestamp":1472612313709,"type":"pause"},{"current_set":3,"duration":28299,"key":"sixpack.7","repetitions":12,"repetitions_goal":12,"sets_goal":3,"timestamp":1472612343575,"type":"exercise"},{"duration":30276,"timestamp":1472612371874,"type":"pause"},{"current_set":1,"duration":37995,"key":"sixpack.20","repetitions":12,"repetitions_goal":12,"sets_goal":3,"timestamp":1472612402150,"type":"exercise"},{"duration":29858,"timestamp":1472612440145,"type":"pause"},{"current_set":2,"duration":37964,"key":"sixpack.20","repetitions":12,"repetitions_goal":12,"sets_goal":3,"timestamp":1472612470003,"type":"exercise"},{"duration":29853,"timestamp":1472612507967,"type":"pause"},{"current_set":3,"duration":37977,"key":"sixpack.20","repetitions":12,"repetitions_goal":12,"sets_goal":3,"timestamp":1472612537820,"type":"exercise"},{"duration":30280,"timestamp":1472612575797,"type":"pause"},{"current_set":1,"duration":57122,"key":"sixpack.11","repetitions":12,"repetitions_goal":12,"sets_goal":3,"timestamp":1472612606077,"type":"exercise"},{"duration":29968,"timestamp":1472612663199,"type":"pause"},{"current_set":2,"duration":57131,"key":"sixpack.11","repetitions":12,"repetitions_goal":12,"sets_goal":3,"timestamp":1472612693167,"type":"exercise"},{"duration":29930,"timestamp":1472612750298,"type":"pause"},{"current_set":3,"duration":57150,"key":"sixpack.11","repetitions":12,"repetitions_goal":12,"sets_goal":3,"timestamp":1472612780228,"type":"exercise"},{"duration":34322,"timestamp":1472612837378,"type":"pause"},{"current_set":1,"duration":28311,"extra_mile":true,"key":"sixpack.7","repetitions":12,"repetitions_goal":12,"sets_goal":1,"timestamp":1472612871700,"type":"exercise"}]},"training_plan":{"key":"sixpack.basic-male.1","level":1,"level_day":3,"level_overall_days":10},"id":"57c64a3fdc3377c76c595634","subjective_feeling_id":"5","sport_type_id":"77"}