{"start_time":1474555290000,"end_time":1474555716000,"created_at":1474555718000,"updated_at":1474555718000,"start_time_timezone_offset":7200000,"end_time_timezone_offset":7200000,"distance":0,"duration":426000,"calories":21,"pause_duration":0,"manual":false,"completed":true,"fitness":{"additional_repetitions_in_last_set":3,"max_repetitions":5,"sets":[{"duration":43000,"repetitions":4,"repetitions_goal":4},{"duration":40000,"repetitions":4,"repetitions_goal":4},{"duration":28000,"repetitions":3,"repetitions_goal":3},{"duration":40000,"repetitions":5,"repetitions_goal":2}]},"training_plan":{"Key":"pullup_20","Level":1,"LevelDay":10,"LevelOverallDays":19},"id":"57e3ef4679a463e61ae6cbef","sport_type_id":"65"}