{"start_time":1475767136000,"end_time":1475769216000,"created_at":1475769245000,"updated_at":1475769245000,"start_time_timezone_offset":7200000,"end_time_timezone_offset":7200000,"distance":0,"duration":1943742,"calories":189,"pause_duration":136258,"pulse_avg":0,"manual":false,"edited":false,"completed":true,"live_tracking_active":false,"live_tracking_enabled":false,"cheering_enabled":false,"indoor":true,"workout":{"training_plan":{"key":"sixpack.basic-male.1","level":3,"level_day":3,"level_overall_days":25},"extra_mile":true,"avatar_key":"daniel","exercises":[{"current_set":1,"duration":86846,"key":"sixpack.3","repetitions":28,"repetitions_goal":28,"sets_goal":3,"timestamp":1475767136316,"type":"exercise"},{"duration":30109,"timestamp":1475767249028,"type":"pause"},{"current_set":2,"duration":90067,"key":"sixpack.3","repetitions":28,"repetitions_goal":28,"sets_goal":3,"timestamp":1475767279137,"type":"exercise"},{"duration":60121,"timestamp":1475767387734,"type":"pause"},{"current_set":3,"duration":90106,"key":"sixpack.3","repetitions":28,"repetitions_goal":28,"sets_goal":3,"timestamp":1475767447855,"type":"exercise"},{"duration":60696,"timestamp":1475767550449,"type":"pause"},{"current_set":1,"duration":90067,"key":"sixpack.16","repetitions":28,"repetitions_goal":28,"sets_goal":3,"timestamp":1475767611145,"type":"exercise"},{"duration":84756,"timestamp":1475767701212,"type":"pause"},{"current_set":2,"duration":90182,"key":"sixpack.16","repetitions":28,"repetitions_goal":28,"sets_goal":3,"timestamp":1475767785968,"type":"exercise"},{"duration":90131,"timestamp":1475767876150,"type":"pause"},{"current_set":3,"duration":90169,"key":"sixpack.16","repetitions":28,"repetitions_goal":28,"sets_goal":3,"timestamp":1475767966281,"type":"exercise"},{"duration":16278,"timestamp":1475768056451,"type":"pause"},{"current_set":1,"duration":22006,"key":"sixpack.45","repetitions":7,"repetitions_goal":28,"sets_goal":3,"timestamp":1475768072729,"type":"exercise"},{"duration":19769,"timestamp":1475768094735,"type":"pause"},{"current_set":1,"duration":86873,"key":"sixpack.45","repetitions":28,"repetitions_goal":28,"sets_goal":3,"timestamp":1475768114504,"type":"exercise"},{"duration":137496,"timestamp":1475768213967,"type":"pause"},{"current_set":2,"duration":90115,"key":"sixpack.45","repetitions":28,"repetitions_goal":28,"sets_goal":3,"timestamp":1475768351463,"type":"exercise"},{"duration":90041,"timestamp":1475768453134,"type":"pause"},{"current_set":3,"duration":90135,"key":"sixpack.45","repetitions":28,"repetitions_goal":28,"sets_goal":3,"timestamp":1475768543175,"type":"exercise"},{"duration":77420,"timestamp":1475768656877,"type":"pause"},{"current_set":1,"duration":67763,"key":"sixpack.10","repetitions":28,"repetitions_goal":28,"sets_goal":3,"timestamp":1475768734297,"type":"exercise"},{"duration":30185,"timestamp":1475768802060,"type":"pause"},{"current_set":2,"duration":67679,"key":"sixpack.10","repetitions":28,"repetitions_goal":28,"sets_goal":3,"timestamp":1475768832245,"type":"exercise"},{"duration":60196,"timestamp":1475768899924,"type":"pause"},{"current_set":3,"duration":67697,"key":"sixpack.10","repetitions":28,"repetitions_goal":28,"sets_goal":3,"timestamp":1475768960120,"type":"exercise"},{"duration":66763,"timestamp":1475769027817,"type":"pause"},{"current_set":1,"duration":90076,"extra_mile":true,"key":"sixpack.3","repetitions":28,"repetitions_goal":28,"sets_goal":1,"timestamp":1475769094580,"type":"exercise"}]},"training_plan":{"key":"sixpack.basic-male.1","level":3,"level_day":3,"level_overall_days":25},"id":"57f6739d1e725506bee884dc","subjective_feeling_id":"3","sport_type_id":"77"}