{"start_time":1476449127000,"end_time":1476449981000,"created_at":1476449985000,"updated_at":1476449985000,"start_time_timezone_offset":7200000,"end_time_timezone_offset":7200000,"distance":0,"duration":854000,"calories":49,"pause_duration":0,"manual":false,"completed":true,"fitness":{"additional_repetitions_in_last_set":2,"max_repetitions":34,"sets":[{"duration":157000,"repetitions":34,"repetitions_goal":34},{"duration":32000,"repetitions":24,"repetitions_goal":24},{"duration":50000,"repetitions":22,"repetitions_goal":22},{"duration":136000,"repetitions":20,"repetitions_goal":20},{"duration":54000,"repetitions":20,"repetitions_goal":18}]},"training_plan":{"Key":"pushup_100","Level":3,"LevelDay":1,"LevelOverallDays":25},"id":"5800d6c171c40c41c8282a84","sport_type_id":"63"}