{"start_time":1475407595000,"end_time":1475408123000,"created_at":1475408125000,"updated_at":1475408126000,"start_time_timezone_offset":7200000,"end_time_timezone_offset":7200000,"distance":0,"duration":528000,"calories":28,"pause_duration":0,"manual":false,"completed":true,"fitness":{"additional_repetitions_in_last_set":1,"max_repetitions":5,"sets":[{"duration":58000,"repetitions":5,"repetitions_goal":5},{"duration":34000,"repetitions":5,"repetitions_goal":5},{"duration":33000,"repetitions":5,"repetitions_goal":5},{"duration":36000,"repetitions":4,"repetitions_goal":3}]},"training_plan":{"Key":"pullup_20","Level":1,"LevelDay":15,"LevelOverallDays":19},"id":"57f0f0fd71c40c78a38445cb","sport_type_id":"65"}