{"start_time":1473740596000,"end_time":1473741129000,"created_at":1473741130000,"updated_at":1473741130000,"start_time_timezone_offset":0,"end_time_timezone_offset":0,"distance":0,"duration":533000,"calories":22,"pause_duration":0,"manual":false,"completed":true,"fitness":{"additional_repetitions_in_last_set":52,"max_repetitions":62,"sets":[{"duration":22000,"repetitions":18,"repetitions_goal":18},{"duration":20000,"repetitions":16,"repetitions_goal":16},{"duration":21000,"repetitions":12,"repetitions_goal":12},{"duration":20000,"repetitions":12,"repetitions_goal":12},{"duration":299000,"repetitions":62,"repetitions_goal":10}]},"training_plan":{"Key":"pushup_100","Level":2,"LevelDay":3,"LevelOverallDays":19},"id":"57d7814adcd33b67f7d0410d","sport_type_id":"63"}