{"start_time":1477940541000,"end_time":1477941711000,"created_at":1477941731000,"updated_at":1477941731000,"start_time_timezone_offset":3600000,"end_time_timezone_offset":3600000,"distance":0,"duration":1170000,"calories":86,"pause_duration":0,"manual":false,"completed":true,"fitness":{"additional_repetitions_in_last_set":0,"max_repetitions":46,"sets":[{"duration":82000,"repetitions":46,"repetitions_goal":46},{"duration":46000,"repetitions":26,"repetitions_goal":26},{"duration":47000,"repetitions":24,"repetitions_goal":24},{"duration":35000,"repetitions":20,"repetitions_goal":20},{"duration":55000,"repetitions":18,"repetitions_goal":18}]},"training_plan":{"Key":"pushup_100","Level":3,"LevelDay":8,"LevelOverallDays":25},"id":"581799e37fa48d565a9ce8da","sport_type_id":"63"}