{"start_time":1473787739000,"end_time":1473788640000,"created_at":1473788653000,"updated_at":1473788653000,"start_time_timezone_offset":0,"end_time_timezone_offset":0,"distance":0,"duration":900616,"calories":96,"pause_duration":384,"pulse_avg":0,"manual":false,"edited":false,"completed":true,"live_tracking_active":false,"live_tracking_enabled":false,"cheering_enabled":false,"indoor":true,"workout":{"training_plan":{"key":"sixpack.basic-male.1","level":2,"level_day":3,"level_overall_days":15},"extra_mile":true,"avatar_key":"daniel","exercises":[{"current_set":1,"duration":51964,"key":"sixpack.18","repetitions":22,"repetitions_goal":22,"sets_goal":3,"timestamp":1473787739397,"type":"exercise"},{"duration":29857,"timestamp":1473787791361,"type":"pause"},{"current_set":2,"duration":52004,"key":"sixpack.18","repetitions":22,"repetitions_goal":22,"sets_goal":3,"timestamp":1473787821218,"type":"exercise"},{"duration":29875,"timestamp":1473787873222,"type":"pause"},{"current_set":3,"duration":51983,"key":"sixpack.18","repetitions":22,"repetitions_goal":22,"sets_goal":3,"timestamp":1473787903097,"type":"exercise"},{"duration":30257,"timestamp":1473787955080,"type":"pause"},{"current_set":1,"duration":69548,"key":"sixpack.14","repetitions":22,"repetitions_goal":22,"sets_goal":3,"timestamp":1473787985337,"type":"exercise"},{"duration":29870,"timestamp":1473788054885,"type":"pause"},{"current_set":2,"duration":69691,"key":"sixpack.14","repetitions":22,"repetitions_goal":22,"sets_goal":3,"timestamp":1473788084755,"type":"exercise"},{"duration":29870,"timestamp":1473788154446,"type":"pause"},{"current_set":3,"duration":69532,"key":"sixpack.14","repetitions":22,"repetitions_goal":22,"sets_goal":3,"timestamp":1473788184316,"type":"exercise"},{"duration":30160,"timestamp":1473788253848,"type":"pause"},{"current_set":1,"duration":69657,"key":"sixpack.6","repetitions":22,"repetitions_goal":22,"sets_goal":3,"timestamp":1473788284008,"type":"exercise"},{"duration":29878,"timestamp":1473788353665,"type":"pause"},{"current_set":2,"duration":69622,"key":"sixpack.6","repetitions":22,"repetitions_goal":22,"sets_goal":3,"timestamp":1473788383543,"type":"exercise"},{"duration":29881,"timestamp":1473788453165,"type":"pause"},{"current_set":3,"duration":69556,"key":"sixpack.6","repetitions":22,"repetitions_goal":22,"sets_goal":3,"timestamp":1473788483046,"type":"exercise"},{"duration":35429,"timestamp":1473788552602,"type":"pause"},{"current_set":1,"duration":51982,"extra_mile":true,"key":"sixpack.18","repetitions":22,"repetitions_goal":22,"sets_goal":1,"timestamp":1473788588031,"type":"exercise"}]},"training_plan":{"key":"sixpack.basic-male.1","level":2,"level_day":3,"level_overall_days":15},"id":"57d83aed1e72559e191b072c","subjective_feeling_id":"2","sport_type_id":"77"}