{"start_time":1475676224000,"end_time":1475680989000,"created_at":1475681018000,"updated_at":1475681020000,"start_time_timezone_offset":7200000,"end_time_timezone_offset":7200000,"distance":14730,"duration":4764323,"elevation_gain":16,"elevation_loss":18,"average_speed":11.130227,"calories":1021,"longitude":17.676565,"latitude":48.36759,"max_speed":13.95,"pause_duration":0,"duration_per_km":323444,"temperature":11.0,"pulse_avg":0,"pulse_max":0,"avg_cadence":0,"max_cadence":0,"manual":false,"edited":false,"completed":true,"live_tracking_active":false,"live_tracking_enabled":false,"cheering_enabled":false,"indoor":false,"id":"57f51afa7acb15fdf50436f9","weather_condition_id":"2","surface_id":"2","subjective_feeling_id":"1","sport_type_id":"1","user_equipment_ids":["57d716bd77877324cacaecbc"]}