{"start_time":1474797652000,"end_time":1474798978000,"created_at":1474799006000,"updated_at":1474799006000,"start_time_timezone_offset":7200000,"end_time_timezone_offset":7200000,"distance":0,"duration":1325617,"calories":137,"pause_duration":383,"pulse_avg":0,"manual":false,"edited":false,"completed":true,"live_tracking_active":false,"live_tracking_enabled":false,"cheering_enabled":false,"indoor":true,"workout":{"training_plan":{"key":"sixpack.basic-male.1","level":2,"level_day":10,"level_overall_days":15},"extra_mile":true,"avatar_key":"daniel","exercises":[{"current_set":1,"duration":107570,"key":"sixpack.27","repetitions":34,"repetitions_goal":34,"sets_goal":2,"timestamp":1474797652200,"type":"exercise"},{"duration":29839,"timestamp":1474797759770,"type":"pause"},{"current_set":2,"duration":107571,"key":"sixpack.27","repetitions":34,"repetitions_goal":34,"sets_goal":2,"timestamp":1474797789609,"type":"exercise"},{"duration":30288,"timestamp":1474797897180,"type":"pause"},{"current_set":1,"duration":107483,"key":"sixpack.28","repetitions":34,"repetitions_goal":34,"sets_goal":2,"timestamp":1474797927468,"type":"exercise"},{"duration":89939,"timestamp":1474798034951,"type":"pause"},{"current_set":2,"duration":107557,"key":"sixpack.28","repetitions":34,"repetitions_goal":34,"sets_goal":2,"timestamp":1474798124890,"type":"exercise"},{"duration":30327,"timestamp":1474798232447,"type":"pause"},{"current_set":1,"duration":161907,"key":"sixpack.41","repetitions":34,"repetitions_goal":34,"sets_goal":2,"timestamp":1474798262774,"type":"exercise"},{"duration":29907,"timestamp":1474798424681,"type":"pause"},{"current_set":2,"duration":161865,"key":"sixpack.41","repetitions":34,"repetitions_goal":34,"sets_goal":2,"timestamp":1474798454588,"type":"exercise"},{"duration":30183,"timestamp":1474798616453,"type":"pause"},{"current_set":1,"duration":80403,"key":"sixpack.24","repetitions":34,"repetitions_goal":34,"sets_goal":2,"timestamp":1474798646636,"type":"exercise"},{"duration":29854,"timestamp":1474798727039,"type":"pause"},{"current_set":2,"duration":80416,"key":"sixpack.24","repetitions":34,"repetitions_goal":34,"sets_goal":2,"timestamp":1474798756893,"type":"exercise"},{"duration":32983,"timestamp":1474798837309,"type":"pause"},{"current_set":1,"duration":107525,"extra_mile":true,"key":"sixpack.27","repetitions":34,"repetitions_goal":34,"sets_goal":1,"timestamp":1474798870292,"type":"exercise"}]},"training_plan":{"key":"sixpack.basic-male.1","level":2,"level_day":10,"level_overall_days":15},"id":"57e7a59eda311371c8178a14","sport_type_id":"77"}