{"start_time":1478530733000,"end_time":1478535110000,"created_at":1478876717000,"updated_at":1478876719000,"start_time_timezone_offset":3600000,"end_time_timezone_offset":3600000,"distance":14870,"duration":4376082,"elevation_gain":16,"elevation_loss":18,"average_speed":12.23286,"calories":1023,"longitude":17.675625,"latitude":48.367817,"max_speed":14.4,"pause_duration":0,"duration_per_km":294289,"temperature":7.0,"pulse_avg":0,"pulse_max":0,"avg_cadence":0,"max_cadence":0,"manual":false,"edited":false,"completed":true,"live_tracking_active":false,"live_tracking_enabled":false,"cheering_enabled":false,"indoor":false,"id":"5825de2d79a463cc61d4e97d","weather_condition_id":"5","surface_id":"2","subjective_feeling_id":"1","sport_type_id":"1","user_equipment_ids":["57d716bd77877324cacaecbc"]}