{"start_time":1475163063000,"end_time":1475167778000,"created_at":1475169407000,"updated_at":1475169409000,"start_time_timezone_offset":7200000,"end_time_timezone_offset":7200000,"distance":14757,"duration":4713522,"elevation_gain":16,"elevation_loss":18,"average_speed":11.270807,"calories":1021,"longitude":17.675829,"latitude":48.36775,"max_speed":14.4,"pause_duration":0,"duration_per_km":319409,"temperature":26.0,"pulse_avg":0,"pulse_max":0,"avg_cadence":0,"max_cadence":0,"manual":false,"edited":false,"completed":true,"live_tracking_active":false,"live_tracking_enabled":false,"cheering_enabled":false,"indoor":false,"id":"57ed4c7f7fa48d048e47d77a","weather_condition_id":"1","surface_id":"2","subjective_feeling_id":"1","sport_type_id":"1","user_equipment_ids":["57d716bd77877324cacaecbc"]}