{"start_time":1476448982000,"end_time":1476449074000,"created_at":1476449077000,"updated_at":1476449077000,"start_time_timezone_offset":7200000,"end_time_timezone_offset":7200000,"distance":0,"duration":92000,"calories":0,"pause_duration":0,"manual":false,"completed":true,"fitness":{"additional_repetitions_in_last_set":0,"max_repetitions":50,"sets":[{"duration":87000,"repetitions":50,"repetitions_goal":50}]},"training_plan":{"Key":"pushup_100","Level":2,"LevelDay":19,"LevelOverallDays":19},"id":"5800d33571c40c48a2280724","sport_type_id":"63"}