{"start_time":1475084870000,"end_time":1475084937000,"created_at":1475084938000,"updated_at":1475084938000,"start_time_timezone_offset":7200000,"end_time_timezone_offset":7200000,"distance":0,"duration":67000,"calories":4,"pause_duration":0,"manual":false,"completed":true,"fitness":{"additional_repetitions_in_last_set":1,"max_repetitions":5,"sets":[{"duration":13000,"repetitions":5,"repetitions_goal":5},{"duration":10000,"repetitions":4,"repetitions_goal":4},{"duration":10000,"repetitions":4,"repetitions_goal":4},{"duration":8000,"repetitions":4,"repetitions_goal":3}]},"training_plan":{"Key":"pullup_20","Level":1,"LevelDay":13,"LevelOverallDays":19},"id":"57ec028a7f280edd95f927df","sport_type_id":"65"}