{"start_time":1477627402000,"end_time":1477628372000,"created_at":1477628381000,"updated_at":1477628382000,"start_time_timezone_offset":7200000,"end_time_timezone_offset":7200000,"distance":0,"duration":970000,"calories":72,"pause_duration":0,"manual":false,"completed":true,"fitness":{"additional_repetitions_in_last_set":1,"max_repetitions":42,"sets":[{"duration":69000,"repetitions":42,"repetitions_goal":42},{"duration":41000,"repetitions":24,"repetitions_goal":24},{"duration":28000,"repetitions":22,"repetitions_goal":22},{"duration":26000,"repetitions":22,"repetitions_goal":22},{"duration":80000,"repetitions":19,"repetitions_goal":18}]},"training_plan":{"Key":"pushup_100","Level":3,"LevelDay":6,"LevelOverallDays":25},"id":"5812d1dd71c40c932ad8dc47","sport_type_id":"63"}