{"start_time":1477055389000,"end_time":1477060184000,"created_at":1477061564000,"updated_at":1477663386000,"start_time_timezone_offset":7200000,"end_time_timezone_offset":7200000,"distance":14699,"duration":4793756,"elevation_gain":16,"elevation_loss":18,"average_speed":11.038609,"calories":1020,"longitude":17.676212,"latitude":48.36763,"max_speed":14.849999,"pause_duration":0,"duration_per_km":326128,"temperature":11.0,"pulse_avg":0,"pulse_max":0,"avg_cadence":0,"max_cadence":0,"manual":false,"edited":false,"completed":true,"live_tracking_active":false,"live_tracking_enabled":false,"cheering_enabled":false,"indoor":false,"id":"580a2bbc72b0ca82c745a171","weather_condition_id":"2","surface_id":"2","subjective_feeling_id":"3","sport_type_id":"1","user_equipment_ids":["57d716bd77877324cacaecbc"]}