{"start_time":1478376897000,"end_time":1478379924000,"created_at":1478379971000,"updated_at":1478379971000,"start_time_timezone_offset":3600000,"end_time_timezone_offset":3600000,"distance":0,"duration":2634898,"calories":342,"pause_duration":392102,"pulse_avg":0,"manual":false,"edited":false,"completed":true,"live_tracking_active":false,"live_tracking_enabled":false,"cheering_enabled":false,"indoor":true,"workout":{"training_plan":{"key":"sixpack.basic-male.1","level":3,"level_day":18,"level_overall_days":25},"extra_mile":true,"avatar_key":"daniel","exercises":[{"current_set":1,"duration":197489,"key":"sixpack.38","repetitions":42,"repetitions_goal":42,"sets_goal":3,"timestamp":1478376897101,"type":"exercise"},{"duration":48975,"timestamp":1478377152711,"type":"pause"},{"current_set":1,"duration":202374,"key":"sixpack.38","repetitions":42,"repetitions_goal":42,"sets_goal":3,"timestamp":1478377201686,"type":"exercise"},{"duration":15119,"timestamp":1478377471552,"type":"pause"},{"current_set":2,"duration":35578,"key":"sixpack.38","repetitions":42,"repetitions_goal":42,"sets_goal":3,"timestamp":1478377486671,"type":"exercise"},{"duration":15053,"timestamp":1478377534821,"type":"pause"},{"current_set":3,"duration":197561,"key":"sixpack.38","repetitions":42,"repetitions_goal":42,"sets_goal":3,"timestamp":1478377549874,"type":"exercise"},{"duration":45594,"timestamp":1478377813443,"type":"pause"},{"current_set":1,"duration":101593,"key":"sixpack.19","repetitions":42,"repetitions_goal":42,"sets_goal":3,"timestamp":1478377859037,"type":"exercise"},{"duration":15171,"timestamp":1478377960630,"type":"pause"},{"current_set":2,"duration":101656,"key":"sixpack.19","repetitions":42,"repetitions_goal":42,"sets_goal":3,"timestamp":1478377975801,"type":"exercise"},{"duration":45141,"timestamp":1478378077457,"type":"pause"},{"current_set":3,"duration":101644,"key":"sixpack.19","repetitions":42,"repetitions_goal":42,"sets_goal":3,"timestamp":1478378122598,"type":"exercise"},{"duration":57649,"timestamp":1478378224242,"type":"pause"},{"current_set":1,"duration":202649,"key":"sixpack.12","repetitions":42,"repetitions_goal":42,"sets_goal":3,"timestamp":1478378281891,"type":"exercise"},{"duration":57169,"timestamp":1478378484540,"type":"pause"},{"current_set":2,"duration":202685,"key":"sixpack.12","repetitions":42,"repetitions_goal":42,"sets_goal":3,"timestamp":1478378541709,"type":"exercise"},{"duration":27143,"timestamp":1478378744394,"type":"pause"},{"current_set":3,"duration":202701,"key":"sixpack.12","repetitions":42,"repetitions_goal":42,"sets_goal":3,"timestamp":1478378771537,"type":"exercise"},{"duration":45694,"timestamp":1478378974239,"type":"pause"},{"current_set":1,"duration":135170,"key":"sixpack.30","repetitions":42,"repetitions_goal":42,"sets_goal":3,"timestamp":1478379019933,"type":"exercise"},{"duration":45137,"timestamp":1478379155103,"type":"pause"},{"current_set":2,"duration":135109,"key":"sixpack.30","repetitions":42,"repetitions_goal":42,"sets_goal":3,"timestamp":1478379200240,"type":"exercise"},{"duration":45235,"timestamp":1478379373464,"type":"pause"},{"current_set":3,"duration":131923,"key":"sixpack.30","repetitions":42,"repetitions_goal":42,"sets_goal":3,"timestamp":1478379418699,"type":"exercise"},{"duration":21364,"timestamp":1478379595467,"type":"pause"},{"current_set":1,"duration":202322,"extra_mile":true,"key":"sixpack.38","repetitions":42,"repetitions_goal":42,"sets_goal":1,"timestamp":1478379616831,"type":"exercise"}]},"training_plan":{"key":"sixpack.basic-male.1","level":3,"level_day":18,"level_overall_days":25},"id":"581e49c31e725546472950df","subjective_feeling_id":"5","sport_type_id":"77"}