{"start_time":1477760815000,"end_time":1477763005000,"created_at":1477763035000,"updated_at":1477763035000,"start_time_timezone_offset":7200000,"end_time_timezone_offset":7200000,"distance":0,"duration":1900857,"calories":237,"pause_duration":289143,"pulse_avg":0,"manual":false,"edited":false,"completed":true,"live_tracking_active":false,"live_tracking_enabled":false,"cheering_enabled":false,"indoor":true,"workout":{"training_plan":{"key":"sixpack.basic-male.1","level":3,"level_day":14,"level_overall_days":25},"extra_mile":true,"avatar_key":"daniel","exercises":[{"current_set":1,"duration":122523,"key":"sixpack.1","repetitions":38,"repetitions_goal":38,"sets_goal":2,"timestamp":1477760815047,"type":"exercise"},{"duration":30252,"timestamp":1477760937570,"type":"pause"},{"current_set":2,"duration":122524,"key":"sixpack.1","repetitions":38,"repetitions_goal":38,"sets_goal":2,"timestamp":1477760967822,"type":"exercise"},{"duration":30721,"timestamp":1477761090346,"type":"pause"},{"current_set":1,"duration":122564,"key":"sixpack.17","repetitions":38,"repetitions_goal":38,"sets_goal":2,"timestamp":1477761121067,"type":"exercise"},{"duration":30091,"timestamp":1477761243631,"type":"pause"},{"current_set":2,"duration":119275,"key":"sixpack.17","repetitions":38,"repetitions_goal":38,"sets_goal":2,"timestamp":1477761273722,"type":"exercise"},{"duration":30622,"timestamp":1477761412732,"type":"pause"},{"current_set":1,"duration":119282,"key":"sixpack.40","repetitions":38,"repetitions_goal":38,"sets_goal":2,"timestamp":1477761443354,"type":"exercise"},{"duration":60150,"timestamp":1477761583730,"type":"pause"},{"current_set":2,"duration":122500,"key":"sixpack.40","repetitions":38,"repetitions_goal":38,"sets_goal":2,"timestamp":1477761643880,"type":"exercise"},{"duration":30619,"timestamp":1477761814780,"type":"pause"},{"current_set":1,"duration":122521,"key":"sixpack.51","repetitions":38,"repetitions_goal":38,"sets_goal":2,"timestamp":1477761845399,"type":"exercise"},{"duration":60134,"timestamp":1477761967920,"type":"pause"},{"current_set":2,"duration":122451,"key":"sixpack.51","repetitions":38,"repetitions_goal":38,"sets_goal":2,"timestamp":1477762028054,"type":"exercise"},{"duration":60614,"timestamp":1477762231828,"type":"pause"},{"current_set":1,"duration":178491,"key":"sixpack.36","repetitions":38,"repetitions_goal":38,"sets_goal":2,"timestamp":1477762292442,"type":"exercise"},{"duration":60128,"timestamp":1477762494851,"type":"pause"},{"current_set":2,"duration":178427,"key":"sixpack.36","repetitions":38,"repetitions_goal":38,"sets_goal":2,"timestamp":1477762554979,"type":"exercise"},{"duration":54456,"timestamp":1477762827814,"type":"pause"},{"current_set":1,"duration":122512,"extra_mile":true,"key":"sixpack.1","repetitions":38,"repetitions_goal":38,"sets_goal":1,"timestamp":1477762882270,"type":"exercise"}]},"training_plan":{"key":"sixpack.basic-male.1","level":3,"level_day":14,"level_overall_days":25},"id":"5814dfdb08cd12956ab02868","subjective_feeling_id":"5","sport_type_id":"77"}