{"start_time":1473305061000,"end_time":1473305282000,"created_at":1473305284000,"updated_at":1473305284000,"start_time_timezone_offset":0,"end_time_timezone_offset":0,"distance":0,"duration":221000,"calories":18,"pause_duration":0,"manual":false,"completed":true,"fitness":{"additional_repetitions_in_last_set":17,"max_repetitions":25,"sets":[{"duration":19000,"repetitions":14,"repetitions_goal":14},{"duration":20000,"repetitions":10,"repetitions_goal":10},{"duration":21000,"repetitions":14,"repetitions_goal":14},{"duration":12000,"repetitions":8,"repetitions_goal":8},{"duration":35000,"repetitions":25,"repetitions_goal":8}]},"training_plan":{"Key":"pushup_100","Level":1,"LevelDay":9,"LevelOverallDays":10},"id":"57d0dac48a28a142e0693c07","sport_type_id":"63"}