{"start_time":1477507608000,"end_time":1477510053000,"created_at":1477510073000,"updated_at":1477510073000,"start_time_timezone_offset":7200000,"end_time_timezone_offset":7200000,"distance":0,"duration":1949348,"calories":234,"pause_duration":495652,"pulse_avg":0,"manual":false,"edited":false,"completed":true,"live_tracking_active":false,"live_tracking_enabled":false,"cheering_enabled":false,"indoor":true,"workout":{"training_plan":{"key":"sixpack.basic-male.1","level":3,"level_day":13,"level_overall_days":25},"extra_mile":true,"avatar_key":"daniel","exercises":[{"current_set":1,"duration":183176,"key":"sixpack.36","repetitions":38,"repetitions_goal":38,"sets_goal":2,"timestamp":1477507607965,"type":"exercise"},{"duration":60055,"timestamp":1477507831944,"type":"pause"},{"current_set":2,"duration":183178,"key":"sixpack.36","repetitions":38,"repetitions_goal":38,"sets_goal":2,"timestamp":1477507891999,"type":"exercise"},{"duration":30630,"timestamp":1477508151140,"type":"pause"},{"current_set":1,"duration":122516,"key":"sixpack.1","repetitions":38,"repetitions_goal":38,"sets_goal":2,"timestamp":1477508181770,"type":"exercise"},{"duration":30169,"timestamp":1477508304286,"type":"pause"},{"current_set":2,"duration":122488,"key":"sixpack.1","repetitions":38,"repetitions_goal":38,"sets_goal":2,"timestamp":1477508334455,"type":"exercise"},{"duration":30647,"timestamp":1477508456943,"type":"pause"},{"current_set":1,"duration":122397,"key":"sixpack.17","repetitions":38,"repetitions_goal":38,"sets_goal":2,"timestamp":1477508487590,"type":"exercise"},{"duration":60118,"timestamp":1477508649787,"type":"pause"},{"current_set":2,"duration":119129,"key":"sixpack.17","repetitions":38,"repetitions_goal":38,"sets_goal":2,"timestamp":1477508709905,"type":"exercise"},{"duration":60701,"timestamp":1477508870120,"type":"pause"},{"current_set":1,"duration":122402,"key":"sixpack.40","repetitions":38,"repetitions_goal":38,"sets_goal":2,"timestamp":1477508930821,"type":"exercise"},{"duration":30130,"timestamp":1477509105375,"type":"pause"},{"current_set":2,"duration":119186,"key":"sixpack.40","repetitions":38,"repetitions_goal":38,"sets_goal":2,"timestamp":1477509135505,"type":"exercise"},{"duration":30672,"timestamp":1477509318032,"type":"pause"},{"current_set":1,"duration":122320,"key":"sixpack.51","repetitions":38,"repetitions_goal":38,"sets_goal":2,"timestamp":1477509348704,"type":"exercise"},{"duration":60132,"timestamp":1477509522421,"type":"pause"},{"current_set":2,"duration":122387,"key":"sixpack.51","repetitions":38,"repetitions_goal":38,"sets_goal":2,"timestamp":1477509582553,"type":"exercise"},{"duration":33805,"timestamp":1477509766627,"type":"pause"},{"current_set":1,"duration":183110,"extra_mile":true,"key":"sixpack.36","repetitions":38,"repetitions_goal":38,"sets_goal":1,"timestamp":1477509800432,"type":"exercise"}]},"training_plan":{"key":"sixpack.basic-male.1","level":3,"level_day":13,"level_overall_days":25},"id":"581103b979a463076bbba0ca","subjective_feeling_id":"2","sport_type_id":"77"}