{"start_time":1475685226000,"end_time":1475685721000,"created_at":1475685724000,"updated_at":1475685724000,"start_time_timezone_offset":7200000,"end_time_timezone_offset":7200000,"distance":0,"duration":495000,"calories":28,"pause_duration":0,"manual":false,"completed":true,"fitness":{"additional_repetitions_in_last_set":1,"max_repetitions":6,"sets":[{"duration":37000,"repetitions":6,"repetitions_goal":6},{"duration":34000,"repetitions":5,"repetitions_goal":5},{"duration":23000,"repetitions":4,"repetitions_goal":4},{"duration":35000,"repetitions":5,"repetitions_goal":4}]},"training_plan":{"Key":"pullup_20","Level":1,"LevelDay":16,"LevelOverallDays":19},"id":"57f52d5c72b0ca1a2cdb77d9","sport_type_id":"65"}