{"start_time":1475169532000,"end_time":1475170826000,"created_at":1475170831000,"updated_at":1475170831000,"start_time_timezone_offset":7200000,"end_time_timezone_offset":7200000,"distance":0,"duration":1294166,"calories":163,"pause_duration":-166,"pulse_avg":0,"manual":false,"edited":false,"completed":true,"live_tracking_active":false,"live_tracking_enabled":false,"cheering_enabled":false,"indoor":true,"workout":{"training_plan":{"key":"sixpack.basic-male.1","level":2,"level_day":13,"level_overall_days":15},"extra_mile":true,"avatar_key":"daniel","exercises":[{"current_set":1,"duration":96605,"key":"sixpack.31","repetitions":30,"repetitions_goal":30,"sets_goal":2,"timestamp":1475169531794,"type":"exercise"},{"duration":30086,"timestamp":1475169628399,"type":"pause"},{"current_set":2,"duration":96579,"key":"sixpack.31","repetitions":30,"repetitions_goal":30,"sets_goal":2,"timestamp":1475169658485,"type":"exercise"},{"duration":30649,"timestamp":1475169755064,"type":"pause"},{"current_set":1,"duration":96578,"key":"sixpack.53","repetitions":30,"repetitions_goal":30,"sets_goal":2,"timestamp":1475169785713,"type":"exercise"},{"duration":30083,"timestamp":1475169882291,"type":"pause"},{"current_set":2,"duration":96556,"key":"sixpack.53","repetitions":30,"repetitions_goal":30,"sets_goal":2,"timestamp":1475169912374,"type":"exercise"},{"duration":30711,"timestamp":1475170008930,"type":"pause"},{"current_set":1,"duration":72506,"key":"sixpack.29","repetitions":30,"repetitions_goal":30,"sets_goal":2,"timestamp":1475170039641,"type":"exercise"},{"duration":30226,"timestamp":1475170112147,"type":"pause"},{"current_set":2,"duration":72530,"key":"sixpack.29","repetitions":30,"repetitions_goal":30,"sets_goal":2,"timestamp":1475170142373,"type":"exercise"},{"duration":30761,"timestamp":1475170214903,"type":"pause"},{"current_set":1,"duration":62857,"key":"sixpack.22","repetitions":26,"repetitions_goal":26,"sets_goal":2,"timestamp":1475170245664,"type":"exercise"},{"duration":60105,"timestamp":1475170308521,"type":"pause"},{"current_set":2,"duration":62850,"key":"sixpack.22","repetitions":26,"repetitions_goal":26,"sets_goal":2,"timestamp":1475170368626,"type":"exercise"},{"duration":60780,"timestamp":1475170431476,"type":"pause"},{"current_set":1,"duration":72549,"key":"sixpack.47","repetitions":30,"repetitions_goal":30,"sets_goal":2,"timestamp":1475170492256,"type":"exercise"},{"duration":60086,"timestamp":1475170564805,"type":"pause"},{"current_set":2,"duration":72561,"key":"sixpack.47","repetitions":30,"repetitions_goal":30,"sets_goal":2,"timestamp":1475170624891,"type":"exercise"},{"duration":31882,"timestamp":1475170697452,"type":"pause"},{"current_set":1,"duration":96626,"extra_mile":true,"key":"sixpack.31","repetitions":30,"repetitions_goal":30,"sets_goal":1,"timestamp":1475170729334,"type":"exercise"}]},"training_plan":{"key":"sixpack.basic-male.1","level":2,"level_day":13,"level_overall_days":15},"id":"57ed520fdcd33bc8865e4106","subjective_feeling_id":"5","sport_type_id":"77"}