{"start_time":1472795218000,"end_time":1472796206000,"created_at":1472796243000,"updated_at":1472796243000,"start_time_timezone_offset":0,"end_time_timezone_offset":0,"distance":0,"duration":864349,"calories":67,"pause_duration":123651,"pulse_avg":0,"manual":false,"edited":false,"completed":true,"live_tracking_active":false,"live_tracking_enabled":false,"cheering_enabled":false,"indoor":true,"workout":{"training_plan":{"key":"sixpack.basic-male.1","level":1,"level_day":5,"level_overall_days":10},"extra_mile":true,"avatar_key":"daniel","exercises":[{"current_set":1,"duration":10813,"key":"sixpack.11","repetitions":4,"repetitions_goal":16,"sets_goal":3,"timestamp":1472795217926,"type":"exercise"},{"duration":10064,"timestamp":1472795352527,"type":"pause"},{"current_set":1,"duration":76257,"key":"sixpack.11","repetitions":16,"repetitions_goal":16,"sets_goal":3,"timestamp":1472795362591,"type":"exercise"},{"duration":29953,"timestamp":1472795438848,"type":"pause"},{"current_set":2,"duration":76187,"key":"sixpack.11","repetitions":16,"repetitions_goal":16,"sets_goal":3,"timestamp":1472795468801,"type":"exercise"},{"duration":29925,"timestamp":1472795544988,"type":"pause"},{"current_set":3,"duration":76181,"key":"sixpack.11","repetitions":16,"repetitions_goal":16,"sets_goal":3,"timestamp":1472795574913,"type":"exercise"},{"duration":30175,"timestamp":1472795651095,"type":"pause"},{"current_set":1,"duration":37847,"key":"sixpack.7","repetitions":16,"repetitions_goal":16,"sets_goal":3,"timestamp":1472795681270,"type":"exercise"},{"duration":29837,"timestamp":1472795719117,"type":"pause"},{"current_set":2,"duration":37794,"key":"sixpack.7","repetitions":16,"repetitions_goal":16,"sets_goal":3,"timestamp":1472795748954,"type":"exercise"},{"duration":29841,"timestamp":1472795786748,"type":"pause"},{"current_set":3,"duration":37848,"key":"sixpack.7","repetitions":16,"repetitions_goal":16,"sets_goal":3,"timestamp":1472795816589,"type":"exercise"},{"duration":30188,"timestamp":1472795854437,"type":"pause"},{"current_set":1,"duration":50697,"key":"sixpack.20","repetitions":16,"repetitions_goal":16,"sets_goal":3,"timestamp":1472795884625,"type":"exercise"},{"duration":29835,"timestamp":1472795935322,"type":"pause"},{"current_set":2,"duration":50596,"key":"sixpack.20","repetitions":16,"repetitions_goal":16,"sets_goal":3,"timestamp":1472795965157,"type":"exercise"},{"duration":29949,"timestamp":1472796015753,"type":"pause"},{"current_set":3,"duration":50595,"key":"sixpack.20","repetitions":16,"repetitions_goal":16,"sets_goal":3,"timestamp":1472796045702,"type":"exercise"},{"duration":33604,"timestamp":1472796096297,"type":"pause"},{"current_set":1,"duration":76163,"extra_mile":true,"key":"sixpack.11","repetitions":16,"repetitions_goal":16,"sets_goal":1,"timestamp":1472796129901,"type":"exercise"}]},"training_plan":{"key":"sixpack.basic-male.1","level":1,"level_day":5,"level_overall_days":10},"id":"57c916531e7255cf320f6d83","subjective_feeling_id":"2","sport_type_id":"77"}