{"start_time":1476295763000,"end_time":1476297623000,"created_at":1476297634000,"updated_at":1476297634000,"start_time_timezone_offset":7200000,"end_time_timezone_offset":7200000,"distance":0,"duration":1860128,"calories":220,"pause_duration":-128,"pulse_avg":0,"manual":false,"edited":false,"completed":true,"live_tracking_active":false,"live_tracking_enabled":false,"cheering_enabled":false,"indoor":true,"workout":{"training_plan":{"key":"sixpack.basic-male.1","level":3,"level_day":7,"level_overall_days":25},"extra_mile":true,"avatar_key":"daniel","exercises":[{"current_set":1,"duration":77451,"key":"sixpack.21","repetitions":32,"repetitions_goal":32,"sets_goal":3,"timestamp":1476295762903,"type":"exercise"},{"duration":60148,"timestamp":1476295840354,"type":"pause"},{"current_set":2,"duration":77402,"key":"sixpack.21","repetitions":32,"repetitions_goal":32,"sets_goal":3,"timestamp":1476295900502,"type":"exercise"},{"duration":60163,"timestamp":1476295977904,"type":"pause"},{"current_set":3,"duration":77413,"key":"sixpack.21","repetitions":32,"repetitions_goal":32,"sets_goal":3,"timestamp":1476296038067,"type":"exercise"},{"duration":60655,"timestamp":1476296115480,"type":"pause"},{"current_set":1,"duration":154271,"key":"sixpack.4","repetitions":32,"repetitions_goal":32,"sets_goal":3,"timestamp":1476296176135,"type":"exercise"},{"duration":60118,"timestamp":1476296330407,"type":"pause"},{"current_set":2,"duration":154154,"key":"sixpack.4","repetitions":32,"repetitions_goal":32,"sets_goal":3,"timestamp":1476296390525,"type":"exercise"},{"duration":60126,"timestamp":1476296544679,"type":"pause"},{"current_set":3,"duration":154203,"key":"sixpack.4","repetitions":32,"repetitions_goal":32,"sets_goal":3,"timestamp":1476296604805,"type":"exercise"},{"duration":60661,"timestamp":1476296759008,"type":"pause"},{"current_set":1,"duration":103006,"key":"sixpack.13","repetitions":32,"repetitions_goal":32,"sets_goal":3,"timestamp":1476296819669,"type":"exercise"},{"duration":30137,"timestamp":1476296922676,"type":"pause"},{"current_set":2,"duration":102959,"key":"sixpack.13","repetitions":32,"repetitions_goal":32,"sets_goal":3,"timestamp":1476296952813,"type":"exercise"},{"duration":30130,"timestamp":1476297055772,"type":"pause"},{"current_set":3,"duration":102992,"key":"sixpack.13","repetitions":32,"repetitions_goal":32,"sets_goal":3,"timestamp":1476297085902,"type":"exercise"},{"duration":30726,"timestamp":1476297188894,"type":"pause"},{"current_set":1,"duration":77311,"key":"sixpack.33","repetitions":32,"repetitions_goal":32,"sets_goal":3,"timestamp":1476297219620,"type":"exercise"},{"duration":30180,"timestamp":1476297296931,"type":"pause"},{"current_set":2,"duration":77359,"key":"sixpack.33","repetitions":32,"repetitions_goal":32,"sets_goal":3,"timestamp":1476297327111,"type":"exercise"},{"duration":30142,"timestamp":1476297404470,"type":"pause"},{"current_set":3,"duration":77469,"key":"sixpack.33","repetitions":32,"repetitions_goal":32,"sets_goal":3,"timestamp":1476297434612,"type":"exercise"},{"duration":33499,"timestamp":1476297512081,"type":"pause"},{"current_set":1,"duration":77453,"extra_mile":true,"key":"sixpack.21","repetitions":32,"repetitions_goal":32,"sets_goal":1,"timestamp":1476297545580,"type":"exercise"}]},"training_plan":{"key":"sixpack.basic-male.1","level":3,"level_day":7,"level_overall_days":25},"id":"57fe83a2cfc81ef1886af927","subjective_feeling_id":"5","sport_type_id":"77"}