{"start_time":1476115482000,"end_time":1476116001000,"created_at":1476116004000,"updated_at":1476116004000,"start_time_timezone_offset":7200000,"end_time_timezone_offset":7200000,"distance":0,"duration":519000,"calories":28,"pause_duration":0,"manual":false,"completed":true,"fitness":{"additional_repetitions_in_last_set":0,"max_repetitions":7,"sets":[{"duration":43000,"repetitions":7,"repetitions_goal":7},{"duration":33000,"repetitions":5,"repetitions_goal":5},{"duration":35000,"repetitions":5,"repetitions_goal":5},{"duration":42000,"repetitions":4,"repetitions_goal":4}]},"training_plan":{"Key":"pullup_20","Level":1,"LevelDay":18,"LevelOverallDays":19},"id":"57fbbe249ad6988032b34db9","sport_type_id":"65"}