{"start_time":1474992871000,"end_time":1474994008000,"created_at":1474994019000,"updated_at":1474994020000,"start_time_timezone_offset":7200000,"end_time_timezone_offset":7200000,"distance":0,"duration":1073566,"calories":144,"pause_duration":63434,"pulse_avg":0,"manual":false,"edited":false,"completed":true,"live_tracking_active":false,"live_tracking_enabled":false,"cheering_enabled":false,"indoor":true,"workout":{"training_plan":{"key":"sixpack.basic-male.1","level":2,"level_day":11,"level_overall_days":15},"extra_mile":true,"avatar_key":"daniel","exercises":[{"current_set":1,"duration":62913,"key":"sixpack.22","repetitions":26,"repetitions_goal":26,"sets_goal":2,"timestamp":1474992870790,"type":"exercise"},{"duration":30130,"timestamp":1474992933703,"type":"pause"},{"current_set":2,"duration":60492,"key":"sixpack.22","repetitions":26,"repetitions_goal":26,"sets_goal":2,"timestamp":1474992963833,"type":"exercise"},{"duration":30688,"timestamp":1474993088107,"type":"pause"},{"current_set":1,"duration":62906,"key":"sixpack.47","repetitions":26,"repetitions_goal":26,"sets_goal":2,"timestamp":1474993118795,"type":"exercise"},{"duration":30140,"timestamp":1474993181701,"type":"pause"},{"current_set":2,"duration":62900,"key":"sixpack.47","repetitions":26,"repetitions_goal":26,"sets_goal":2,"timestamp":1474993211841,"type":"exercise"},{"duration":30615,"timestamp":1474993274741,"type":"pause"},{"current_set":1,"duration":83732,"key":"sixpack.31","repetitions":26,"repetitions_goal":26,"sets_goal":2,"timestamp":1474993305356,"type":"exercise"},{"duration":30079,"timestamp":1474993389088,"type":"pause"},{"current_set":2,"duration":83691,"key":"sixpack.31","repetitions":26,"repetitions_goal":26,"sets_goal":2,"timestamp":1474993419167,"type":"exercise"},{"duration":30685,"timestamp":1474993502858,"type":"pause"},{"current_set":1,"duration":83649,"key":"sixpack.53","repetitions":26,"repetitions_goal":26,"sets_goal":2,"timestamp":1474993533543,"type":"exercise"},{"duration":23207,"timestamp":1474993617192,"type":"pause"},{"current_set":2,"duration":83666,"key":"sixpack.53","repetitions":26,"repetitions_goal":26,"sets_goal":2,"timestamp":1474993640399,"type":"exercise"},{"duration":30719,"timestamp":1474993724065,"type":"pause"},{"current_set":1,"duration":62885,"key":"sixpack.29","repetitions":26,"repetitions_goal":26,"sets_goal":2,"timestamp":1474993754784,"type":"exercise"},{"duration":30138,"timestamp":1474993817669,"type":"pause"},{"current_set":2,"duration":62862,"key":"sixpack.29","repetitions":26,"repetitions_goal":26,"sets_goal":2,"timestamp":1474993847807,"type":"exercise"},{"duration":34609,"timestamp":1474993910669,"type":"pause"},{"current_set":1,"duration":62860,"extra_mile":true,"key":"sixpack.22","repetitions":26,"repetitions_goal":26,"sets_goal":1,"timestamp":1474993945278,"type":"exercise"}]},"training_plan":{"key":"sixpack.basic-male.1","level":2,"level_day":11,"level_overall_days":15},"id":"57ea9f63dc33774c594c1e74","subjective_feeling_id":"5","sport_type_id":"77"}