{"start_time":1472797833000,"end_time":1472797933000,"created_at":1472797934000,"updated_at":1472797934000,"start_time_timezone_offset":0,"end_time_timezone_offset":0,"distance":0,"duration":100000,"calories":6,"pause_duration":0,"manual":false,"completed":true,"fitness":{"additional_repetitions_in_last_set":18,"max_repetitions":20,"sets":[{"duration":6000,"repetitions":3,"repetitions_goal":3},{"duration":5000,"repetitions":4,"repetitions_goal":4},{"duration":7000,"repetitions":4,"repetitions_goal":4},{"duration":6000,"repetitions":3,"repetitions_goal":3},{"duration":31000,"repetitions":20,"repetitions_goal":2}]},"training_plan":{"Key":"pushup_100","Level":1,"LevelDay":2,"LevelOverallDays":10},"id":"57c91cee7acb151192d39810","sport_type_id":"63"}