{"start_time":1477324689000,"end_time":1477325129000,"created_at":1477325137000,"updated_at":1477325137000,"start_time_timezone_offset":7200000,"end_time_timezone_offset":7200000,"distance":0,"duration":440000,"calories":22,"pause_duration":0,"manual":false,"completed":true,"fitness":{"additional_repetitions_in_last_set":1,"max_repetitions":8,"sets":[{"duration":56000,"repetitions":8,"repetitions_goal":8},{"duration":34000,"repetitions":5,"repetitions_goal":5},{"duration":30000,"repetitions":4,"repetitions_goal":4},{"duration":44000,"repetitions":5,"repetitions_goal":4}]},"training_plan":{"Key":"pullup_20","Level":2,"LevelDay":4,"LevelOverallDays":19},"id":"580e3151da311390dcf5cd96","sport_type_id":"65"}