{"start_time":1475685943000,"end_time":1475687872000,"created_at":1475687882000,"updated_at":1475687882000,"start_time_timezone_offset":7200000,"end_time_timezone_offset":7200000,"distance":0,"duration":1905621,"calories":198,"pause_duration":23379,"pulse_avg":0,"manual":false,"edited":false,"completed":true,"live_tracking_active":false,"live_tracking_enabled":false,"cheering_enabled":false,"indoor":true,"workout":{"training_plan":{"key":"sixpack.basic-male.1","level":3,"level_day":2,"level_overall_days":25},"extra_mile":true,"avatar_key":"daniel","exercises":[{"current_set":1,"duration":62879,"key":"sixpack.10","repetitions":26,"repetitions_goal":26,"sets_goal":3,"timestamp":1475685942974,"type":"exercise"},{"duration":30144,"timestamp":1475686005853,"type":"pause"},{"current_set":2,"duration":62875,"key":"sixpack.10","repetitions":26,"repetitions_goal":26,"sets_goal":3,"timestamp":1475686035997,"type":"exercise"},{"duration":60145,"timestamp":1475686098872,"type":"pause"},{"current_set":3,"duration":62904,"key":"sixpack.10","repetitions":26,"repetitions_goal":26,"sets_goal":3,"timestamp":1475686159017,"type":"exercise"},{"duration":60677,"timestamp":1475686221921,"type":"pause"},{"current_set":1,"duration":80468,"key":"sixpack.3","repetitions":26,"repetitions_goal":26,"sets_goal":3,"timestamp":1475686282598,"type":"exercise"},{"duration":55708,"timestamp":1475686378731,"type":"pause"},{"current_set":2,"duration":83763,"key":"sixpack.3","repetitions":26,"repetitions_goal":26,"sets_goal":3,"timestamp":1475686434439,"type":"exercise"},{"duration":60129,"timestamp":1475686525623,"type":"pause"},{"current_set":3,"duration":83791,"key":"sixpack.3","repetitions":26,"repetitions_goal":26,"sets_goal":3,"timestamp":1475686585752,"type":"exercise"},{"duration":46822,"timestamp":1475686669543,"type":"pause"},{"current_set":1,"duration":83756,"key":"sixpack.16","repetitions":26,"repetitions_goal":26,"sets_goal":3,"timestamp":1475686716365,"type":"exercise"},{"duration":23651,"timestamp":1475686800121,"type":"pause"},{"current_set":1,"duration":83823,"key":"sixpack.16","repetitions":26,"repetitions_goal":26,"sets_goal":3,"timestamp":1475686823772,"type":"exercise"},{"duration":24762,"timestamp":1475686907595,"type":"pause"},{"current_set":2,"duration":83754,"key":"sixpack.16","repetitions":26,"repetitions_goal":26,"sets_goal":3,"timestamp":1475686932357,"type":"exercise"},{"duration":60270,"timestamp":1475687016111,"type":"pause"},{"current_set":3,"duration":83841,"key":"sixpack.16","repetitions":26,"repetitions_goal":26,"sets_goal":3,"timestamp":1475687076381,"type":"exercise"},{"duration":90717,"timestamp":1475687160222,"type":"pause"},{"current_set":1,"duration":83789,"key":"sixpack.45","repetitions":26,"repetitions_goal":26,"sets_goal":3,"timestamp":1475687250939,"type":"exercise"},{"duration":21818,"timestamp":1475687334728,"type":"pause"},{"current_set":1,"duration":83790,"key":"sixpack.45","repetitions":26,"repetitions_goal":26,"sets_goal":3,"timestamp":1475687356546,"type":"exercise"},{"duration":18696,"timestamp":1475687440336,"type":"pause"},{"current_set":2,"duration":83756,"key":"sixpack.45","repetitions":26,"repetitions_goal":26,"sets_goal":3,"timestamp":1475687459032,"type":"exercise"},{"duration":90161,"timestamp":1475687542788,"type":"pause"},{"current_set":3,"duration":83768,"key":"sixpack.45","repetitions":26,"repetitions_goal":26,"sets_goal":3,"timestamp":1475687632949,"type":"exercise"},{"duration":91972,"timestamp":1475687716717,"type":"pause"},{"current_set":1,"duration":62992,"extra_mile":true,"key":"sixpack.10","repetitions":26,"repetitions_goal":26,"sets_goal":1,"timestamp":1475687808689,"type":"exercise"}]},"training_plan":{"key":"sixpack.basic-male.1","level":3,"level_day":2,"level_overall_days":25},"id":"57f535caf454ba9709b336fe","subjective_feeling_id":"3","sport_type_id":"77"}