{"start_time":1473945763000,"end_time":1473946443000,"created_at":1473946445000,"updated_at":1473946445000,"start_time_timezone_offset":7200000,"end_time_timezone_offset":7200000,"distance":0,"duration":680000,"calories":47,"pause_duration":0,"manual":false,"completed":true,"fitness":{"additional_repetitions_in_last_set":40,"max_repetitions":48,"sets":[{"duration":32000,"repetitions":24,"repetitions_goal":24},{"duration":32000,"repetitions":20,"repetitions_goal":20},{"duration":20000,"repetitions":16,"repetitions_goal":16},{"duration":19000,"repetitions":12,"repetitions_goal":12},{"duration":91000,"repetitions":48,"repetitions_goal":8}]},"training_plan":{"Key":"pushup_100","Level":2,"LevelDay":6,"LevelOverallDays":19},"id":"57daa34d9ad6986c92f67eb1","sport_type_id":"63"}