{"start_time":1473875043000,"end_time":1473875601000,"created_at":1473875604000,"updated_at":1473875604000,"start_time_timezone_offset":7200000,"end_time_timezone_offset":7200000,"distance":0,"duration":558000,"calories":27,"pause_duration":0,"manual":false,"completed":true,"fitness":{"additional_repetitions_in_last_set":44,"max_repetitions":56,"sets":[{"duration":12000,"repetitions":22,"repetitions_goal":22},{"duration":8000,"repetitions":12,"repetitions_goal":12},{"duration":24000,"repetitions":18,"repetitions_goal":18},{"duration":22000,"repetitions":12,"repetitions_goal":12},{"duration":286000,"repetitions":56,"repetitions_goal":12}]},"training_plan":{"Key":"pushup_100","Level":2,"LevelDay":5,"LevelOverallDays":19},"id":"57d98e94da31139075982ffd","sport_type_id":"63"}