{"start_time":1478700020000,"end_time":1478704417000,"created_at":1478876718000,"updated_at":1478876719000,"start_time_timezone_offset":3600000,"end_time_timezone_offset":3600000,"distance":14729,"duration":4395903,"elevation_gain":16,"elevation_loss":18,"average_speed":12.062232,"calories":1014,"longitude":17.676252,"latitude":48.367535,"max_speed":14.4,"pause_duration":0,"duration_per_km":298452,"temperature":7.0,"pulse_avg":0,"pulse_max":0,"avg_cadence":0,"max_cadence":0,"manual":false,"edited":false,"completed":true,"live_tracking_active":false,"live_tracking_enabled":false,"cheering_enabled":false,"indoor":false,"id":"5825de2e79a463cc61d4e986","weather_condition_id":"2","surface_id":"2","subjective_feeling_id":"1","sport_type_id":"1","user_equipment_ids":["57d716bd77877324cacaecbc"]}