{"start_time":1475591843000,"end_time":1475592730000,"created_at":1475592733000,"updated_at":1475592733000,"start_time_timezone_offset":7200000,"end_time_timezone_offset":7200000,"distance":0,"duration":887000,"calories":68,"pause_duration":0,"manual":false,"completed":true,"fitness":{"additional_repetitions_in_last_set":16,"max_repetitions":36,"sets":[{"duration":42000,"repetitions":36,"repetitions_goal":36},{"duration":43000,"repetitions":22,"repetitions_goal":22},{"duration":26000,"repetitions":16,"repetitions_goal":16},{"duration":19000,"repetitions":16,"repetitions_goal":16},{"duration":30000,"repetitions":30,"repetitions_goal":14}]},"training_plan":{"Key":"pushup_100","Level":2,"LevelDay":15,"LevelOverallDays":19},"id":"57f3c21d1e725556b19f0064","sport_type_id":"63"}