{"start_time":1472970084000,"end_time":1472970188000,"created_at":1472970189000,"updated_at":1472970189000,"start_time_timezone_offset":0,"end_time_timezone_offset":0,"distance":0,"duration":104000,"calories":9,"pause_duration":0,"manual":false,"completed":true,"fitness":{"additional_repetitions_in_last_set":15,"max_repetitions":21,"sets":[{"duration":6000,"repetitions":8,"repetitions_goal":8},{"duration":7000,"repetitions":8,"repetitions_goal":8},{"duration":9000,"repetitions":6,"repetitions_goal":6},{"duration":5000,"repetitions":7,"repetitions_goal":7},{"duration":41000,"repetitions":21,"repetitions_goal":6}]},"training_plan":{"Key":"pushup_100","Level":1,"LevelDay":6,"LevelOverallDays":10},"id":"57cbbdcd1e7255262635994e","sport_type_id":"63"}