{"start_time":1476033569000,"end_time":1476035842000,"created_at":1476035851000,"updated_at":1476035851000,"start_time_timezone_offset":7200000,"end_time_timezone_offset":7200000,"distance":0,"duration":1995684,"calories":198,"pause_duration":277316,"pulse_avg":0,"manual":false,"edited":false,"completed":true,"live_tracking_active":false,"live_tracking_enabled":false,"cheering_enabled":false,"indoor":true,"workout":{"training_plan":{"key":"sixpack.basic-male.1","level":3,"level_day":5,"level_overall_days":25},"extra_mile":true,"avatar_key":"daniel","exercises":[{"current_set":1,"duration":93331,"key":"sixpack.45","repetitions":30,"repetitions_goal":30,"sets_goal":3,"timestamp":1476033569342,"type":"exercise"},{"duration":90148,"timestamp":1476033700962,"type":"pause"},{"current_set":2,"duration":96537,"key":"sixpack.45","repetitions":30,"repetitions_goal":30,"sets_goal":3,"timestamp":1476033791110,"type":"exercise"},{"duration":90073,"timestamp":1476033915883,"type":"pause"},{"current_set":3,"duration":93354,"key":"sixpack.45","repetitions":30,"repetitions_goal":30,"sets_goal":3,"timestamp":1476034005956,"type":"exercise"},{"duration":43587,"timestamp":1476034131506,"type":"pause"},{"current_set":1,"duration":72584,"key":"sixpack.10","repetitions":30,"repetitions_goal":30,"sets_goal":3,"timestamp":1476034175093,"type":"exercise"},{"duration":60160,"timestamp":1476034247677,"type":"pause"},{"current_set":2,"duration":72576,"key":"sixpack.10","repetitions":30,"repetitions_goal":30,"sets_goal":3,"timestamp":1476034307837,"type":"exercise"},{"duration":60146,"timestamp":1476034380413,"type":"pause"},{"current_set":3,"duration":72492,"key":"sixpack.10","repetitions":30,"repetitions_goal":30,"sets_goal":3,"timestamp":1476034440559,"type":"exercise"},{"duration":60641,"timestamp":1476034513051,"type":"pause"},{"current_set":1,"duration":96545,"key":"sixpack.3","repetitions":30,"repetitions_goal":30,"sets_goal":3,"timestamp":1476034573692,"type":"exercise"},{"duration":60111,"timestamp":1476034702276,"type":"pause"},{"current_set":2,"duration":96519,"key":"sixpack.3","repetitions":30,"repetitions_goal":30,"sets_goal":3,"timestamp":1476034762387,"type":"exercise"},{"duration":60168,"timestamp":1476034858906,"type":"pause"},{"current_set":3,"duration":93266,"key":"sixpack.3","repetitions":30,"repetitions_goal":30,"sets_goal":3,"timestamp":1476034919074,"type":"exercise"},{"duration":60627,"timestamp":1476035064424,"type":"pause"},{"current_set":1,"duration":96512,"key":"sixpack.16","repetitions":30,"repetitions_goal":30,"sets_goal":3,"timestamp":1476035125051,"type":"exercise"},{"duration":60141,"timestamp":1476035221563,"type":"pause"},{"current_set":2,"duration":93293,"key":"sixpack.16","repetitions":30,"repetitions_goal":30,"sets_goal":3,"timestamp":1476035281704,"type":"exercise"},{"duration":90130,"timestamp":1476035380464,"type":"pause"},{"current_set":3,"duration":96540,"key":"sixpack.16","repetitions":30,"repetitions_goal":30,"sets_goal":3,"timestamp":1476035470594,"type":"exercise"},{"duration":92851,"timestamp":1476035567134,"type":"pause"},{"current_set":1,"duration":93352,"extra_mile":true,"key":"sixpack.45","repetitions":30,"repetitions_goal":30,"sets_goal":1,"timestamp":1476035659985,"type":"exercise"}]},"training_plan":{"key":"sixpack.basic-male.1","level":3,"level_day":5,"level_overall_days":25},"id":"57fa850b7fa48d74518020cb","subjective_feeling_id":"5","sport_type_id":"77"}