{"start_time":1478287881000,"end_time":1478290608000,"created_at":1478290631000,"updated_at":1478290631000,"start_time_timezone_offset":3600000,"end_time_timezone_offset":3600000,"distance":0,"duration":2586121,"calories":322,"pause_duration":140879,"pulse_avg":0,"manual":false,"edited":false,"completed":true,"live_tracking_active":false,"live_tracking_enabled":false,"cheering_enabled":false,"indoor":true,"workout":{"training_plan":{"key":"sixpack.basic-male.1","level":3,"level_day":17,"level_overall_days":25},"extra_mile":true,"avatar_key":"daniel","exercises":[{"current_set":1,"duration":135421,"key":"sixpack.30","repetitions":42,"repetitions_goal":42,"sets_goal":3,"timestamp":1478287881125,"type":"exercise"},{"duration":45150,"timestamp":1478288016546,"type":"pause"},{"current_set":2,"duration":135454,"key":"sixpack.30","repetitions":42,"repetitions_goal":42,"sets_goal":3,"timestamp":1478288061696,"type":"exercise"},{"duration":45142,"timestamp":1478288197150,"type":"pause"},{"current_set":3,"duration":135512,"key":"sixpack.30","repetitions":42,"repetitions_goal":42,"sets_goal":3,"timestamp":1478288242292,"type":"exercise"},{"duration":20487,"timestamp":1478288377804,"type":"pause"},{"current_set":1,"duration":6004,"key":"sixpack.38","repetitions":1,"repetitions_goal":42,"sets_goal":3,"timestamp":1478288398291,"type":"exercise"},{"duration":13250,"timestamp":1478288404295,"type":"pause"},{"current_set":1,"duration":202654,"key":"sixpack.38","repetitions":42,"repetitions_goal":42,"sets_goal":3,"timestamp":1478288417545,"type":"exercise"},{"duration":17972,"timestamp":1478288620199,"type":"pause"},{"current_set":1,"duration":16961,"key":"sixpack.38","repetitions":4,"repetitions_goal":42,"sets_goal":3,"timestamp":1478288638171,"type":"exercise"},{"duration":11911,"timestamp":1478288655132,"type":"pause"},{"current_set":1,"duration":5155,"key":"sixpack.38","repetitions":1,"repetitions_goal":42,"sets_goal":3,"timestamp":1478288667043,"type":"exercise"},{"duration":14078,"timestamp":1478288672198,"type":"pause"},{"current_set":1,"duration":202520,"key":"sixpack.38","repetitions":42,"repetitions_goal":42,"sets_goal":3,"timestamp":1478288686276,"type":"exercise"},{"duration":45126,"timestamp":1478288929421,"type":"pause"},{"current_set":2,"duration":202496,"key":"sixpack.38","repetitions":42,"repetitions_goal":42,"sets_goal":3,"timestamp":1478288974547,"type":"exercise"},{"duration":15069,"timestamp":1478289276792,"type":"pause"},{"current_set":3,"duration":8257,"key":"sixpack.38","repetitions":2,"repetitions_goal":42,"sets_goal":3,"timestamp":1478289291861,"type":"exercise"},{"duration":12769,"timestamp":1478289300118,"type":"pause"},{"current_set":1,"duration":101830,"key":"sixpack.19","repetitions":42,"repetitions_goal":42,"sets_goal":3,"timestamp":1478289312887,"type":"exercise"},{"duration":45135,"timestamp":1478289414717,"type":"pause"},{"current_set":2,"duration":101873,"key":"sixpack.19","repetitions":42,"repetitions_goal":42,"sets_goal":3,"timestamp":1478289459852,"type":"exercise"},{"duration":45199,"timestamp":1478289561725,"type":"pause"},{"current_set":3,"duration":101812,"key":"sixpack.19","repetitions":42,"repetitions_goal":42,"sets_goal":3,"timestamp":1478289606924,"type":"exercise"},{"duration":57735,"timestamp":1478289708736,"type":"pause"},{"current_set":1,"duration":202812,"key":"sixpack.12","repetitions":42,"repetitions_goal":42,"sets_goal":3,"timestamp":1478289766471,"type":"exercise"},{"duration":24848,"timestamp":1478289969283,"type":"pause"},{"current_set":2,"duration":202748,"key":"sixpack.12","repetitions":42,"repetitions_goal":42,"sets_goal":3,"timestamp":1478289994131,"type":"exercise"},{"duration":24993,"timestamp":1478290196879,"type":"pause"},{"current_set":3,"duration":202777,"key":"sixpack.12","repetitions":42,"repetitions_goal":42,"sets_goal":3,"timestamp":1478290221872,"type":"exercise"},{"duration":47574,"timestamp":1478290424649,"type":"pause"},{"current_set":1,"duration":135397,"extra_mile":true,"key":"sixpack.30","repetitions":42,"repetitions_goal":42,"sets_goal":1,"timestamp":1478290472223,"type":"exercise"}]},"training_plan":{"key":"sixpack.basic-male.1","level":3,"level_day":17,"level_overall_days":25},"id":"581cecc708dad178ec9fadb1","subjective_feeling_id":"5","sport_type_id":"77"}