{"start_time":1478282888000,"end_time":1478283411000,"created_at":1478283424000,"updated_at":1478283424000,"start_time_timezone_offset":3600000,"end_time_timezone_offset":3600000,"distance":0,"duration":523000,"calories":24,"pause_duration":0,"manual":false,"completed":true,"fitness":{"additional_repetitions_in_last_set":1,"max_repetitions":10,"sets":[{"duration":86000,"repetitions":10,"repetitions_goal":10},{"duration":56000,"repetitions":8,"repetitions_goal":8},{"duration":51000,"repetitions":6,"repetitions_goal":6},{"duration":54000,"repetitions":7,"repetitions_goal":6}]},"training_plan":{"Key":"pullup_20","Level":2,"LevelDay":8,"LevelOverallDays":19},"id":"581cd0a079a4636cbdb5367e","sport_type_id":"65"}