{"start_time":1474294871000,"end_time":1474295299000,"created_at":1474295309000,"updated_at":1474295309000,"start_time_timezone_offset":7200000,"end_time_timezone_offset":7200000,"distance":0,"duration":427950,"calories":46,"pause_duration":50,"pulse_avg":0,"manual":false,"edited":false,"completed":true,"live_tracking_active":false,"live_tracking_enabled":false,"cheering_enabled":false,"indoor":true,"workout":{"training_plan":{"key":"sixpack.basic-male.1","level":2,"level_day":6,"level_overall_days":15},"extra_mile":true,"avatar_key":"daniel","exercises":[{"current_set":1,"duration":2055,"key":"sixpack.24","repetitions":1,"repetitions_goal":26,"sets_goal":2,"timestamp":1474294871209,"type":"exercise"},{"duration":2726,"timestamp":1474294873264,"type":"pause"},{"current_set":1,"duration":4097,"key":"sixpack.24","repetitions":2,"repetitions_goal":26,"sets_goal":2,"timestamp":1474294875990,"type":"exercise"},{"duration":685,"timestamp":1474294880087,"type":"pause"},{"current_set":1,"duration":60564,"key":"sixpack.24","repetitions":26,"repetitions_goal":26,"sets_goal":2,"timestamp":1474294880772,"type":"exercise"},{"duration":29829,"timestamp":1474294941336,"type":"pause"},{"current_set":2,"duration":2156,"key":"sixpack.24","repetitions":1,"repetitions_goal":26,"sets_goal":2,"timestamp":1474294971165,"type":"exercise"},{"duration":12968,"timestamp":1474294973321,"type":"pause"},{"current_set":1,"duration":82303,"key":"sixpack.27","repetitions":26,"repetitions_goal":26,"sets_goal":2,"timestamp":1474294986289,"type":"exercise"},{"duration":29821,"timestamp":1474295068592,"type":"pause"},{"current_set":2,"duration":82324,"key":"sixpack.27","repetitions":26,"repetitions_goal":26,"sets_goal":2,"timestamp":1474295098413,"type":"exercise"},{"duration":36132,"timestamp":1474295180737,"type":"pause"},{"current_set":1,"duration":82290,"extra_mile":true,"key":"sixpack.28","repetitions":26,"repetitions_goal":26,"sets_goal":1,"timestamp":1474295216869,"type":"exercise"}]},"training_plan":{"key":"sixpack.basic-male.1","level":2,"level_day":6,"level_overall_days":15},"id":"57dff60d9ad698ec423bea61","subjective_feeling_id":"2","sport_type_id":"77"}