{"start_time":1474111874000,"end_time":1474112907000,"created_at":1474112918000,"updated_at":1474112918000,"start_time_timezone_offset":7200000,"end_time_timezone_offset":7200000,"distance":0,"duration":1032733,"calories":113,"pause_duration":267,"pulse_avg":0,"manual":false,"edited":false,"completed":true,"live_tracking_active":false,"live_tracking_enabled":false,"cheering_enabled":false,"indoor":true,"workout":{"training_plan":{"key":"sixpack.basic-male.1","level":2,"level_day":5,"level_overall_days":15},"extra_mile":true,"avatar_key":"daniel","exercises":[{"current_set":1,"duration":82323,"key":"sixpack.6","repetitions":26,"repetitions_goal":26,"sets_goal":3,"timestamp":1474111874029,"type":"exercise"},{"duration":29901,"timestamp":1474111956352,"type":"pause"},{"current_set":2,"duration":82199,"key":"sixpack.6","repetitions":26,"repetitions_goal":26,"sets_goal":3,"timestamp":1474111986253,"type":"exercise"},{"duration":29930,"timestamp":1474112068452,"type":"pause"},{"current_set":3,"duration":82173,"key":"sixpack.6","repetitions":26,"repetitions_goal":26,"sets_goal":3,"timestamp":1474112098382,"type":"exercise"},{"duration":30160,"timestamp":1474112180555,"type":"pause"},{"current_set":1,"duration":61440,"key":"sixpack.18","repetitions":26,"repetitions_goal":26,"sets_goal":3,"timestamp":1474112210715,"type":"exercise"},{"duration":29825,"timestamp":1474112272155,"type":"pause"},{"current_set":2,"duration":61516,"key":"sixpack.18","repetitions":26,"repetitions_goal":26,"sets_goal":3,"timestamp":1474112301980,"type":"exercise"},{"duration":29838,"timestamp":1474112363496,"type":"pause"},{"current_set":3,"duration":61471,"key":"sixpack.18","repetitions":26,"repetitions_goal":26,"sets_goal":3,"timestamp":1474112393334,"type":"exercise"},{"duration":30174,"timestamp":1474112454805,"type":"pause"},{"current_set":1,"duration":82256,"key":"sixpack.14","repetitions":26,"repetitions_goal":26,"sets_goal":3,"timestamp":1474112484979,"type":"exercise"},{"duration":29918,"timestamp":1474112567235,"type":"pause"},{"current_set":2,"duration":82195,"key":"sixpack.14","repetitions":26,"repetitions_goal":26,"sets_goal":3,"timestamp":1474112597153,"type":"exercise"},{"duration":29943,"timestamp":1474112679348,"type":"pause"},{"current_set":3,"duration":82207,"key":"sixpack.14","repetitions":26,"repetitions_goal":26,"sets_goal":3,"timestamp":1474112709291,"type":"exercise"},{"duration":32987,"timestamp":1474112791498,"type":"pause"},{"current_set":1,"duration":82277,"extra_mile":true,"key":"sixpack.6","repetitions":26,"repetitions_goal":26,"sets_goal":1,"timestamp":1474112824485,"type":"exercise"}]},"training_plan":{"key":"sixpack.basic-male.1","level":2,"level_day":5,"level_overall_days":15},"id":"57dd2d967fa48daa1a605309","subjective_feeling_id":"1","sport_type_id":"77"}