{"start_time":1474040733000,"end_time":1474045233000,"created_at":1474050003000,"updated_at":1474050003000,"start_time_timezone_offset":7200000,"end_time_timezone_offset":7200000,"distance":15000,"duration":4500000,"elevation_gain":0,"elevation_loss":0,"average_speed":11.999999,"calories":1025,"max_speed":0.0,"pause_duration":0,"duration_per_km":300000,"pulse_avg":0,"pulse_max":0,"avg_cadence":0,"max_cadence":0,"manual":true,"edited":false,"completed":true,"live_tracking_active":false,"live_tracking_enabled":false,"cheering_enabled":false,"indoor":false,"id":"57dc37d308cd12fa20e48b6b","surface_id":"1","subjective_feeling_id":"1","sport_type_id":"1","user_equipment_ids":["57d716bd77877324cacaecbc"]}