{"start_time":1476378112000,"end_time":1476378452000,"created_at":1476378455000,"updated_at":1476378455000,"start_time_timezone_offset":7200000,"end_time_timezone_offset":7200000,"distance":0,"duration":340000,"calories":18,"pause_duration":0,"manual":false,"completed":true,"fitness":{"additional_repetitions_in_last_set":0,"max_repetitions":6,"sets":[{"duration":44000,"repetitions":6,"repetitions_goal":6},{"duration":14000,"repetitions":4,"repetitions_goal":4},{"duration":29000,"repetitions":3,"repetitions_goal":3},{"duration":39000,"repetitions":4,"repetitions_goal":4}]},"training_plan":{"Key":"pullup_20","Level":2,"LevelDay":1,"LevelOverallDays":19},"id":"57ffbf571e7255e9e80857f7","sport_type_id":"65"}