{"start_time":1476377770000,"end_time":1476377794000,"created_at":1476377797000,"updated_at":1476377797000,"start_time_timezone_offset":7200000,"end_time_timezone_offset":7200000,"distance":0,"duration":24000,"calories":0,"pause_duration":0,"manual":false,"completed":true,"fitness":{"additional_repetitions_in_last_set":0,"max_repetitions":10,"sets":[{"duration":19000,"repetitions":10,"repetitions_goal":10}]},"training_plan":{"Key":"pullup_20","Level":1,"LevelDay":19,"LevelOverallDays":19},"id":"57ffbcc508cd12a9f67db7fd","sport_type_id":"65"}