{"start_time":1476377937000,"end_time":1476377953000,"created_at":1476377957000,"updated_at":1476377957000,"start_time_timezone_offset":7200000,"end_time_timezone_offset":7200000,"distance":0,"duration":16000,"calories":0,"pause_duration":0,"manual":false,"completed":true,"fitness":{"additional_repetitions_in_last_set":0,"max_repetitions":10,"sets":[{"duration":11000,"repetitions":10,"repetitions_goal":10}]},"training_plan":{"Key":"pullup_20","Level":1,"LevelDay":19,"LevelOverallDays":19},"id":"57ffbd659ad698f689ddbd69","sport_type_id":"65"}