{"start_time":1474475644000,"end_time":1474476766000,"created_at":1474476771000,"updated_at":1474476771000,"start_time_timezone_offset":7200000,"end_time_timezone_offset":7200000,"distance":0,"duration":1121469,"calories":121,"pause_duration":531,"pulse_avg":0,"manual":false,"edited":false,"completed":true,"live_tracking_active":false,"live_tracking_enabled":false,"cheering_enabled":false,"indoor":true,"workout":{"training_plan":{"key":"sixpack.basic-male.1","level":2,"level_day":8,"level_overall_days":15},"extra_mile":true,"avatar_key":"daniel","exercises":[{"current_set":1,"duration":70970,"key":"sixpack.24","repetitions":30,"repetitions_goal":30,"sets_goal":2,"timestamp":1474475644201,"type":"exercise"},{"duration":29831,"timestamp":1474475715171,"type":"pause"},{"current_set":2,"duration":70903,"key":"sixpack.24","repetitions":30,"repetitions_goal":30,"sets_goal":2,"timestamp":1474475745002,"type":"exercise"},{"duration":30165,"timestamp":1474475815905,"type":"pause"},{"current_set":1,"duration":94993,"key":"sixpack.27","repetitions":30,"repetitions_goal":30,"sets_goal":2,"timestamp":1474475846070,"type":"exercise"},{"duration":29907,"timestamp":1474475941063,"type":"pause"},{"current_set":2,"duration":94959,"key":"sixpack.27","repetitions":30,"repetitions_goal":30,"sets_goal":2,"timestamp":1474475970970,"type":"exercise"},{"duration":30271,"timestamp":1474476065929,"type":"pause"},{"current_set":1,"duration":94888,"key":"sixpack.28","repetitions":30,"repetitions_goal":30,"sets_goal":2,"timestamp":1474476096200,"type":"exercise"},{"duration":29955,"timestamp":1474476191088,"type":"pause"},{"current_set":2,"duration":94916,"key":"sixpack.28","repetitions":30,"repetitions_goal":30,"sets_goal":2,"timestamp":1474476221043,"type":"exercise"},{"duration":30248,"timestamp":1474476315959,"type":"pause"},{"current_set":1,"duration":143004,"key":"sixpack.41","repetitions":30,"repetitions_goal":30,"sets_goal":2,"timestamp":1474476346207,"type":"exercise"},{"duration":29824,"timestamp":1474476489211,"type":"pause"},{"current_set":2,"duration":142959,"key":"sixpack.41","repetitions":30,"repetitions_goal":30,"sets_goal":2,"timestamp":1474476519035,"type":"exercise"},{"duration":32748,"timestamp":1474476661994,"type":"pause"},{"current_set":1,"duration":70928,"extra_mile":true,"key":"sixpack.24","repetitions":30,"repetitions_goal":30,"sets_goal":1,"timestamp":1474476694742,"type":"exercise"}]},"training_plan":{"key":"sixpack.basic-male.1","level":2,"level_day":8,"level_overall_days":15},"id":"57e2bae3dc3377ddd846e641","sport_type_id":"77"}