{"start_time":1478108893000,"end_time":1478111453000,"created_at":1478111472000,"updated_at":1478111472000,"start_time_timezone_offset":3600000,"end_time_timezone_offset":3600000,"distance":0,"duration":2230863,"calories":280,"pause_duration":329137,"pulse_avg":0,"manual":false,"edited":false,"completed":true,"live_tracking_active":false,"live_tracking_enabled":false,"cheering_enabled":false,"indoor":true,"workout":{"training_plan":{"key":"sixpack.basic-male.1","level":3,"level_day":16,"level_overall_days":25},"extra_mile":true,"avatar_key":"daniel","exercises":[{"current_set":1,"duration":3959,"key":"sixpack.12","repetitions":1,"repetitions_goal":40,"sets_goal":3,"timestamp":1478108892941,"type":"exercise"},{"duration":23424,"timestamp":1478108896900,"type":"pause"},{"current_set":1,"duration":193243,"key":"sixpack.12","repetitions":40,"repetitions_goal":40,"sets_goal":3,"timestamp":1478108920324,"type":"exercise"},{"duration":31864,"timestamp":1478109113567,"type":"pause"},{"current_set":1,"duration":193125,"key":"sixpack.12","repetitions":40,"repetitions_goal":40,"sets_goal":3,"timestamp":1478109145431,"type":"exercise"},{"duration":19979,"timestamp":1478109338556,"type":"pause"},{"current_set":1,"duration":1833,"key":"sixpack.30","repetitions":1,"repetitions_goal":40,"sets_goal":3,"timestamp":1478109358535,"type":"exercise"},{"duration":11561,"timestamp":1478109361836,"type":"pause"},{"current_set":1,"duration":128967,"key":"sixpack.30","repetitions":40,"repetitions_goal":40,"sets_goal":3,"timestamp":1478109373397,"type":"exercise"},{"duration":45149,"timestamp":1478109502364,"type":"pause"},{"current_set":2,"duration":128992,"key":"sixpack.30","repetitions":40,"repetitions_goal":40,"sets_goal":3,"timestamp":1478109547513,"type":"exercise"},{"duration":13547,"timestamp":1478109676505,"type":"pause"},{"current_set":3,"duration":129022,"key":"sixpack.30","repetitions":40,"repetitions_goal":40,"sets_goal":3,"timestamp":1478109690052,"type":"exercise"},{"duration":45608,"timestamp":1478109886852,"type":"pause"},{"current_set":1,"duration":192923,"key":"sixpack.38","repetitions":40,"repetitions_goal":40,"sets_goal":3,"timestamp":1478109932460,"type":"exercise"},{"duration":15207,"timestamp":1478110125383,"type":"pause"},{"current_set":2,"duration":188105,"key":"sixpack.38","repetitions":40,"repetitions_goal":40,"sets_goal":3,"timestamp":1478110140590,"type":"exercise"},{"duration":45039,"timestamp":1478110495839,"type":"pause"},{"current_set":3,"duration":192897,"key":"sixpack.38","repetitions":40,"repetitions_goal":40,"sets_goal":3,"timestamp":1478110540878,"type":"exercise"},{"duration":45710,"timestamp":1478110806726,"type":"pause"},{"current_set":1,"duration":4637,"key":"sixpack.19","repetitions":2,"repetitions_goal":40,"sets_goal":3,"timestamp":1478110852436,"type":"exercise"},{"duration":9862,"timestamp":1478110857073,"type":"pause"},{"current_set":1,"duration":96993,"key":"sixpack.19","repetitions":40,"repetitions_goal":40,"sets_goal":3,"timestamp":1478110866935,"type":"exercise"},{"duration":15163,"timestamp":1478110963928,"type":"pause"},{"current_set":2,"duration":96991,"key":"sixpack.19","repetitions":40,"repetitions_goal":40,"sets_goal":3,"timestamp":1478110979091,"type":"exercise"},{"duration":15158,"timestamp":1478111076082,"type":"pause"},{"current_set":3,"duration":94586,"key":"sixpack.19","repetitions":40,"repetitions_goal":40,"sets_goal":3,"timestamp":1478111091240,"type":"exercise"},{"duration":54220,"timestamp":1478111205539,"type":"pause"},{"current_set":1,"duration":193099,"extra_mile":true,"key":"sixpack.12","repetitions":40,"repetitions_goal":40,"sets_goal":1,"timestamp":1478111259759,"type":"exercise"}]},"training_plan":{"key":"sixpack.basic-male.1","level":3,"level_day":16,"level_overall_days":25},"id":"581a30f0dc3377d6001333b2","subjective_feeling_id":"5","sport_type_id":"77"}