{"start_time":1473487880000,"end_time":1473488279000,"created_at":1473488283000,"updated_at":1473488283000,"start_time_timezone_offset":0,"end_time_timezone_offset":0,"distance":0,"duration":399000,"calories":22,"pause_duration":0,"manual":false,"completed":true,"fitness":{"additional_repetitions_in_last_set":20,"max_repetitions":30,"sets":[{"duration":67000,"repetitions":16,"repetitions_goal":16},{"duration":22000,"repetitions":12,"repetitions_goal":12},{"duration":19000,"repetitions":14,"repetitions_goal":14},{"duration":17000,"repetitions":10,"repetitions_goal":10},{"duration":121000,"repetitions":30,"repetitions_goal":10}]},"training_plan":{"Key":"pushup_100","Level":2,"LevelDay":1,"LevelOverallDays":19},"id":"57d3a59b79a463cfe073174a","sport_type_id":"63"}