{"start_time":1473182287000,"end_time":1473182358000,"created_at":1473182359000,"updated_at":1473182359000,"start_time_timezone_offset":0,"end_time_timezone_offset":0,"distance":0,"duration":71000,"calories":9,"pause_duration":0,"manual":false,"completed":true,"fitness":{"additional_repetitions_in_last_set":0,"max_repetitions":10,"sets":[{"duration":8000,"repetitions":10,"repetitions_goal":10},{"duration":5000,"repetitions":6,"repetitions_goal":6},{"duration":9000,"repetitions":10,"repetitions_goal":10},{"duration":7000,"repetitions":8,"repetitions_goal":8},{"duration":10000,"repetitions":6,"repetitions_goal":6}]},"training_plan":{"Key":"pushup_100","Level":1,"LevelDay":7,"LevelOverallDays":10},"id":"57cefa97dc3377326f7ebe0a","sport_type_id":"63"}