{"start_time":1473692257000,"end_time":1473692496000,"created_at":1473692496000,"updated_at":1473692496000,"start_time_timezone_offset":0,"end_time_timezone_offset":0,"distance":0,"duration":239000,"calories":10,"pause_duration":0,"manual":false,"completed":true,"fitness":{"additional_repetitions_in_last_set":1,"max_repetitions":3,"sets":[{"duration":27000,"repetitions":2,"repetitions_goal":2},{"duration":44000,"repetitions":2,"repetitions_goal":2},{"duration":5000,"repetitions":2,"repetitions_goal":2},{"duration":26000,"repetitions":3,"repetitions_goal":2}]},"training_plan":{"Key":"pullup_20","Level":1,"LevelDay":4,"LevelOverallDays":19},"id":"57d6c3500c9501b6caa49245","sport_type_id":"65"}