{"start_time":1475843830000,"end_time":1475849123000,"created_at":1475857709000,"updated_at":1475857710000,"start_time_timezone_offset":7200000,"end_time_timezone_offset":7200000,"distance":14801,"duration":5291722,"elevation_gain":16,"elevation_loss":18,"average_speed":10.069236,"calories":1048,"longitude":17.675837,"latitude":48.3677,"max_speed":13.8,"pause_duration":0,"duration_per_km":357525,"temperature":10.0,"notes":"Sick","pulse_avg":0,"pulse_max":0,"avg_cadence":0,"max_cadence":0,"manual":false,"edited":false,"completed":true,"live_tracking_active":false,"live_tracking_enabled":false,"cheering_enabled":false,"indoor":false,"id":"57f7cd2ddc3377fe9471ae29","weather_condition_id":"2","surface_id":"2","subjective_feeling_id":"3","sport_type_id":"1","user_equipment_ids":["57d716bd77877324cacaecbc"]}