{"start_time":1474294015000,"end_time":1474294797000,"created_at":1474294802000,"updated_at":1474294802000,"start_time_timezone_offset":7200000,"end_time_timezone_offset":7200000,"distance":0,"duration":600307,"calories":63,"pause_duration":181693,"pulse_avg":0,"manual":false,"edited":false,"completed":true,"live_tracking_active":false,"live_tracking_enabled":false,"cheering_enabled":false,"indoor":true,"workout":{"training_plan":{"key":"sixpack.basic-male.1","level":2,"level_day":6,"level_overall_days":15},"extra_mile":false,"avatar_key":"daniel","exercises":[{"current_set":1,"duration":82207,"key":"sixpack.28","repetitions":26,"repetitions_goal":26,"sets_goal":2,"timestamp":1474294015185,"type":"exercise"},{"duration":29842,"timestamp":1474294097392,"type":"pause"},{"current_set":2,"duration":82321,"key":"sixpack.28","repetitions":26,"repetitions_goal":26,"sets_goal":2,"timestamp":1474294127234,"type":"exercise"},{"duration":30233,"timestamp":1474294209556,"type":"pause"},{"current_set":1,"duration":123895,"key":"sixpack.41","repetitions":26,"repetitions_goal":26,"sets_goal":2,"timestamp":1474294239789,"type":"exercise"},{"duration":29921,"timestamp":1474294363684,"type":"pause"},{"current_set":2,"duration":123783,"key":"sixpack.41","repetitions":26,"repetitions_goal":26,"sets_goal":2,"timestamp":1474294393605,"type":"exercise"},{"duration":30166,"timestamp":1474294517388,"type":"pause"},{"current_set":1,"duration":62592,"key":"sixpack.24","repetitions":26,"repetitions_goal":26,"sets_goal":2,"timestamp":1474294547554,"type":"exercise"},{"duration":5347,"timestamp":1474294624112,"type":"pause"}]},"training_plan":{"key":"sixpack.basic-male.1","level":2,"level_day":6,"level_overall_days":15},"id":"57dff4129ad698b8493bce58","sport_type_id":"77"}