{"start_time":1476069402000,"end_time":1476070245000,"created_at":1476070246000,"updated_at":1476070246000,"start_time_timezone_offset":7200000,"end_time_timezone_offset":7200000,"distance":0,"duration":843000,"calories":58,"pause_duration":0,"manual":false,"completed":true,"fitness":{"additional_repetitions_in_last_set":12,"max_repetitions":38,"sets":[{"duration":60000,"repetitions":38,"repetitions_goal":38},{"duration":104000,"repetitions":22,"repetitions_goal":22},{"duration":22000,"repetitions":16,"repetitions_goal":16},{"duration":72000,"repetitions":20,"repetitions_goal":20},{"duration":18000,"repetitions":24,"repetitions_goal":12}]},"training_plan":{"Key":"pushup_100","Level":2,"LevelDay":17,"LevelOverallDays":19},"id":"57fb0b6671c40ca66b960bc7","sport_type_id":"63"}