{"start_time":1473506086000,"end_time":1473506167000,"created_at":1473506170000,"updated_at":1473506170000,"start_time_timezone_offset":0,"end_time_timezone_offset":0,"distance":0,"duration":81000,"calories":4,"pause_duration":0,"manual":false,"completed":true,"fitness":{"additional_repetitions_in_last_set":0,"max_repetitions":1,"sets":[{"duration":2000,"repetitions":1,"repetitions_goal":1},{"duration":5000,"repetitions":1,"repetitions_goal":1},{"duration":14000,"repetitions":1,"repetitions_goal":1},{"duration":16000,"repetitions":1,"repetitions_goal":1}]},"training_plan":{"Key":"pullup_20","Level":1,"LevelDay":1,"LevelOverallDays":19},"id":"57d3eb7a08dad15e91b26b35","sport_type_id":"65"}