{"start_time":1492839152000,"end_time":1492840637000,"created_at":1492840639000,"updated_at":1492840664000,"start_time_timezone_offset":7200000,"end_time_timezone_offset":7200000,"distance":0,"duration":1485000,"calories":97,"pause_duration":0,"manual":false,"completed":true,"fitness":{"additional_repetitions_in_last_set":112,"max_repetitions":130,"sets":[{"repetitions":74,"duration":221000,"repetitions_goal":74},{"repetitions":32,"duration":69000,"repetitions_goal":32},{"repetitions":28,"duration":82000,"repetitions_goal":28},{"repetitions":18,"duration":38000,"repetitions_goal":18},{"repetitions":130,"duration":109000,"repetitions_goal":18}]},"training_plan":{"Key":"pushup_100","Level":3,"LevelDay":22,"LevelOverallDays":25},"id":"58faf0bf7acb15b7a8f455f4","sport_type_id":"63"}