{"start_time":1492534817000,"end_time":1492538417000,"created_at":1492544167000,"updated_at":1492544205000,"start_time_timezone_offset":7200000,"end_time_timezone_offset":7200000,"distance":13000,"duration":3600000,"elevation_gain":0,"elevation_loss":0,"average_speed":13.0,"calories":890,"max_speed":0.0,"pause_duration":0,"duration_per_km":276923,"temperature":8.0,"pulse_avg":0,"pulse_max":0,"avg_cadence":0,"max_cadence":0,"manual":true,"edited":false,"completed":true,"live_tracking_active":false,"live_tracking_enabled":false,"cheering_enabled":false,"indoor":false,"id":"58f66aa79ad69874418286ad","weather_condition_id":"3","surface_id":"1","subjective_feeling_id":"1","sport_type_id":"1","user_equipment_ids":["58c5908a2103be9c117dd5c5"]}