{"start_time":1491537428000,"end_time":1491539017000,"created_at":1491539053000,"updated_at":1491539103000,"start_time_timezone_offset":7200000,"end_time_timezone_offset":7200000,"distance":0,"duration":1589000,"calories":96,"pause_duration":0,"manual":false,"completed":true,"fitness":{"additional_repetitions_in_last_set":72,"max_repetitions":90,"sets":[{"repetitions":74,"duration":322000,"repetitions_goal":74},{"repetitions":32,"duration":51000,"repetitions_goal":32},{"repetitions":28,"duration":60000,"repetitions_goal":28},{"repetitions":18,"duration":108000,"repetitions_goal":18},{"repetitions":90,"duration":100000,"repetitions_goal":18}]},"training_plan":{"Key":"pushup_100","Level":3,"LevelDay":22,"LevelOverallDays":25},"id":"58e7146d71c40c9962bb1336","sport_type_id":"63"}