{"start_time":1495767554000,"end_time":1495769246000,"created_at":1495769247000,"updated_at":1495769270000,"start_time_timezone_offset":7200000,"end_time_timezone_offset":7200000,"distance":0,"duration":1692000,"calories":96,"pause_duration":0,"manual":false,"completed":true,"fitness":{"additional_repetitions_in_last_set":32,"max_repetitions":74,"sets":[{"repetitions":74,"duration":377000,"repetitions_goal":74},{"repetitions":32,"duration":127000,"repetitions_goal":32},{"repetitions":28,"duration":23000,"repetitions_goal":28},{"repetitions":18,"duration":20000,"repetitions_goal":18},{"repetitions":50,"duration":180000,"repetitions_goal":18}]},"training_plan":{"Key":"pushup_100","Level":3,"LevelDay":22,"LevelOverallDays":25},"id":"5927a09f732471c122d167e3","sport_type_id":"63"}