{"start_time":1495079724000,"end_time":1495081977000,"created_at":1495082031000,"updated_at":1495082051000,"start_time_timezone_offset":7200000,"end_time_timezone_offset":7200000,"distance":0,"duration":2253000,"calories":92,"pause_duration":0,"manual":false,"completed":true,"fitness":{"additional_repetitions_in_last_set":202,"max_repetitions":220,"sets":[{"repetitions":70,"duration":318000,"repetitions_goal":70},{"repetitions":32,"duration":91000,"repetitions_goal":32},{"repetitions":24,"duration":101000,"repetitions_goal":24},{"repetitions":22,"duration":82000,"repetitions_goal":22},{"repetitions":220,"duration":754000,"repetitions_goal":18}]},"training_plan":{"Key":"pushup_100","Level":3,"LevelDay":21,"LevelOverallDays":25},"id":"591d242fd0e9e3b270185f60","sport_type_id":"63"}