{"start_time":1494906954000,"end_time":1494908677000,"created_at":1494908735000,"updated_at":1494908767000,"start_time_timezone_offset":7200000,"end_time_timezone_offset":7200000,"distance":0,"duration":1723000,"calories":97,"pause_duration":0,"manual":false,"completed":true,"fitness":{"additional_repetitions_in_last_set":172,"max_repetitions":190,"sets":[{"repetitions":78,"duration":279000,"repetitions_goal":78},{"repetitions":32,"duration":49000,"repetitions_goal":32},{"repetitions":26,"duration":47000,"repetitions_goal":26},{"repetitions":20,"duration":21000,"repetitions_goal":20},{"repetitions":190,"duration":362000,"repetitions_goal":18}]},"training_plan":{"Key":"pushup_100","Level":3,"LevelDay":24,"LevelOverallDays":25},"id":"591a7f3f13bc64d8971b3013","sport_type_id":"63"}