{"start_time":1496288768000,"end_time":1496290660000,"created_at":1496377313000,"updated_at":1496377340000,"start_time_timezone_offset":7200000,"end_time_timezone_offset":7200000,"distance":0,"duration":1892000,"calories":96,"pause_duration":0,"manual":false,"completed":true,"fitness":{"additional_repetitions_in_last_set":170,"max_repetitions":190,"sets":[{"repetitions":76,"duration":289000,"repetitions_goal":76},{"repetitions":32,"duration":120000,"repetitions_goal":32},{"repetitions":24,"duration":46000,"repetitions_goal":24},{"repetitions":20,"duration":60000,"repetitions_goal":20},{"repetitions":190,"duration":410000,"repetitions_goal":20}]},"training_plan":{"Key":"pushup_100","Level":3,"LevelDay":23,"LevelOverallDays":25},"id":"5930e7e108dad10aa52523ef","sport_type_id":"63"}