{"start_time":1490194929000,"end_time":1490200448000,"created_at":1490200579000,"updated_at":1490200613000,"start_time_timezone_offset":3600000,"end_time_timezone_offset":3600000,"distance":18186,"duration":5509876,"elevation_gain":29,"elevation_loss":39,"average_speed":11.882227,"calories":1254,"longitude":17.676449,"latitude":48.36757,"max_speed":14.4,"pause_duration":8150,"duration_per_km":302973,"temperature":15.0,"pulse_avg":0,"pulse_max":0,"avg_cadence":0,"max_cadence":0,"manual":false,"edited":false,"completed":true,"live_tracking_active":false,"live_tracking_enabled":false,"cheering_enabled":false,"indoor":false,"id":"58d2a8039ad6981ff386ca10","weather_condition_id":"3","surface_id":"1","subjective_feeling_id":"4","sport_type_id":"1","user_equipment_ids":["58c5908a2103be9c117dd5c5"]}