{"start_time":1494510391000,"end_time":1494516423000,"created_at":1494523881000,"updated_at":1494523918000,"start_time_timezone_offset":7200000,"end_time_timezone_offset":7200000,"distance":20192,"duration":6030885,"elevation_gain":39,"elevation_loss":41,"average_speed":12.053157,"calories":1392,"longitude":17.676588,"latitude":48.367577,"max_speed":13.5,"pause_duration":0,"duration_per_km":298677,"temperature":23.0,"pulse_avg":0,"pulse_max":0,"avg_cadence":0,"max_cadence":0,"manual":false,"edited":false,"completed":true,"live_tracking_active":false,"live_tracking_enabled":false,"cheering_enabled":false,"indoor":false,"id":"59149fe9d03a4c3a3a1c5008","weather_condition_id":"1","surface_id":"1","subjective_feeling_id":"1","sport_type_id":"1","user_equipment_ids":["58c5908a2103be9c117dd5c5"]}