{"start_time":1489682068000,"end_time":1489683817000,"created_at":1489683836000,"updated_at":1489683855000,"start_time_timezone_offset":3600000,"end_time_timezone_offset":3600000,"distance":0,"duration":1749000,"calories":93,"pause_duration":0,"manual":false,"completed":true,"fitness":{"additional_repetitions_in_last_set":58,"max_repetitions":76,"sets":[{"repetitions":70,"duration":187000,"repetitions_goal":70},{"repetitions":32,"duration":69000,"repetitions_goal":32},{"repetitions":24,"duration":28000,"repetitions_goal":24},{"repetitions":22,"duration":453000,"repetitions_goal":22},{"repetitions":76,"duration":107000,"repetitions_goal":18}]},"training_plan":{"Key":"pushup_100","Level":3,"LevelDay":21,"LevelOverallDays":25},"id":"58cac57cdcd33bb0c0d05bac","sport_type_id":"63"}