{"start_time":1489511160000,"end_time":1489512619000,"created_at":1489512622000,"updated_at":1489512658000,"start_time_timezone_offset":3600000,"end_time_timezone_offset":3600000,"distance":0,"duration":1459000,"calories":97,"pause_duration":0,"manual":false,"completed":true,"fitness":{"additional_repetitions_in_last_set":54,"max_repetitions":76,"sets":[{"repetitions":76,"duration":176000,"repetitions_goal":76},{"repetitions":32,"duration":30000,"repetitions_goal":32},{"repetitions":24,"duration":33000,"repetitions_goal":24},{"repetitions":20,"duration":36000,"repetitions_goal":20},{"repetitions":74,"duration":219000,"repetitions_goal":20}]},"training_plan":{"Key":"pushup_100","Level":3,"LevelDay":23,"LevelOverallDays":25},"id":"58c828ae7acb157cc74373c6","sport_type_id":"63"}