{"start_time":1508250321000,"end_time":1508253547000,"created_at":1508258896000,"updated_at":1508258949000,"start_time_timezone_offset":7200000,"end_time_timezone_offset":7200000,"distance":10130,"duration":3225000,"elevation_gain":432,"elevation_loss":426,"average_speed":11.308,"calories":0,"max_speed":32.181934,"pause_duration":1000,"duration_per_km":318361,"temperature":23.0,"pulse_avg":142,"pulse_max":154,"avg_cadence":0,"max_cadence":0,"manual":false,"edited":false,"completed":true,"live_tracking_active":false,"live_tracking_enabled":false,"cheering_enabled":false,"indoor":false,"id":"03ea23b0-d684-4e9f-b57b-05a6ad22e7be","weather_condition_id":"1","surface_id":"1","subjective_feeling_id":"1","sport_type_id":"1","user_equipment_ids":["5949455b9584a7052a5b0f55"]}