{"start_time":1491318924000,"end_time":1491321084000,"created_at":1491327648000,"updated_at":1491327697000,"start_time_timezone_offset":7200000,"end_time_timezone_offset":7200000,"distance":7500,"duration":2160000,"elevation_gain":0,"elevation_loss":0,"average_speed":12.5,"calories":517,"max_speed":0.0,"pause_duration":0,"duration_per_km":288000,"pulse_avg":0,"pulse_max":0,"avg_cadence":0,"max_cadence":0,"manual":true,"edited":false,"completed":true,"live_tracking_active":false,"live_tracking_enabled":false,"cheering_enabled":false,"indoor":false,"id":"58e3daa071c40c5ac4f67e88","surface_id":"1","subjective_feeling_id":"1","sport_type_id":"1","user_equipment_ids":["58c5908a2103be9c117dd5c5"]}