{"start_time":1491228131000,"end_time":1491231637000,"created_at":1491277425000,"updated_at":1491277495000,"start_time_timezone_offset":7200000,"end_time_timezone_offset":7200000,"distance":12301,"duration":3504216,"elevation_gain":8,"elevation_loss":10,"average_speed":12.637234,"calories":848,"longitude":17.676825,"latitude":48.367516,"max_speed":14.849999,"pause_duration":0,"duration_per_km":284872,"pulse_avg":0,"pulse_max":0,"avg_cadence":0,"max_cadence":0,"manual":false,"edited":false,"completed":true,"live_tracking_active":false,"live_tracking_enabled":false,"cheering_enabled":false,"indoor":false,"id":"58e316717fa48d970419e0e7","surface_id":"1","subjective_feeling_id":"1","sport_type_id":"1","user_equipment_ids":["58c5908a2103be9c117dd5c5"]}