{"start_time":1491191502000,"end_time":1491193437000,"created_at":1491193439000,"updated_at":1491193477000,"start_time_timezone_offset":7200000,"end_time_timezone_offset":7200000,"distance":0,"duration":1935000,"calories":92,"pause_duration":0,"manual":false,"completed":true,"fitness":{"additional_repetitions_in_last_set":62,"max_repetitions":80,"sets":[{"repetitions":70,"duration":773000,"repetitions_goal":70},{"repetitions":32,"duration":96000,"repetitions_goal":32},{"repetitions":24,"duration":56000,"repetitions_goal":24},{"repetitions":22,"duration":44000,"repetitions_goal":22},{"repetitions":80,"duration":69000,"repetitions_goal":18}]},"training_plan":{"Key":"pushup_100","Level":3,"LevelDay":21,"LevelOverallDays":25},"id":"58e1ce5f7f280e48ce7536cf","sport_type_id":"63"}