{"start_time":1493141501000,"end_time":1493142923000,"created_at":1493142925000,"updated_at":1493142954000,"start_time_timezone_offset":7200000,"end_time_timezone_offset":7200000,"distance":0,"duration":1422000,"calories":97,"pause_duration":0,"manual":false,"completed":true,"fitness":{"additional_repetitions_in_last_set":101,"max_repetitions":121,"sets":[{"repetitions":76,"duration":252000,"repetitions_goal":76},{"repetitions":32,"duration":40000,"repetitions_goal":32},{"repetitions":24,"duration":26000,"repetitions_goal":24},{"repetitions":20,"duration":31000,"repetitions_goal":20},{"repetitions":121,"duration":108000,"repetitions_goal":20}]},"training_plan":{"Key":"pushup_100","Level":3,"LevelDay":23,"LevelOverallDays":25},"id":"58ff8d8d79a463f0004e55c5","sport_type_id":"63"}