{"start_time":1492234726000,"end_time":1492236613000,"created_at":1492236655000,"updated_at":1492236694000,"start_time_timezone_offset":7200000,"end_time_timezone_offset":7200000,"distance":0,"duration":1887000,"calories":98,"pause_duration":0,"manual":false,"completed":true,"fitness":{"additional_repetitions_in_last_set":112,"max_repetitions":130,"sets":[{"repetitions":78,"duration":404000,"repetitions_goal":78},{"repetitions":32,"duration":163000,"repetitions_goal":32},{"repetitions":26,"duration":129000,"repetitions_goal":26},{"repetitions":20,"duration":114000,"repetitions_goal":20},{"repetitions":130,"duration":111000,"repetitions_goal":18}]},"training_plan":{"Key":"pushup_100","Level":3,"LevelDay":24,"LevelOverallDays":25},"id":"58f1b96fda311312d1154d0a","sport_type_id":"63"}