{"start_time":1494993341000,"end_time":1494995364000,"created_at":1494995367000,"updated_at":1494995422000,"start_time_timezone_offset":7200000,"end_time_timezone_offset":7200000,"distance":0,"duration":2023000,"calories":90,"pause_duration":0,"manual":false,"completed":true,"fitness":{"additional_repetitions_in_last_set":162,"max_repetitions":180,"sets":[{"repetitions":70,"duration":301000,"repetitions_goal":70},{"repetitions":32,"duration":223000,"repetitions_goal":32},{"repetitions":24,"duration":43000,"repetitions_goal":24},{"repetitions":22,"duration":109000,"repetitions_goal":22},{"repetitions":180,"duration":470000,"repetitions_goal":18}]},"training_plan":{"Key":"pushup_100","Level":3,"LevelDay":21,"LevelOverallDays":25},"id":"591bd1a7dc33771071d43a17","sport_type_id":"63"}