{"start_time":1490240988000,"end_time":1490243204000,"created_at":1490243208000,"updated_at":1490243247000,"start_time_timezone_offset":3600000,"end_time_timezone_offset":3600000,"distance":0,"duration":2216000,"calories":97,"pause_duration":0,"manual":false,"completed":true,"fitness":{"additional_repetitions_in_last_set":62,"max_repetitions":80,"sets":[{"repetitions":74,"duration":952000,"repetitions_goal":74},{"repetitions":32,"duration":151000,"repetitions_goal":32},{"repetitions":28,"duration":44000,"repetitions_goal":28},{"repetitions":18,"duration":37000,"repetitions_goal":18},{"repetitions":80,"duration":67000,"repetitions_goal":18}]},"training_plan":{"Key":"pushup_100","Level":3,"LevelDay":22,"LevelOverallDays":25},"id":"58d34e887f280e47b4001970","sport_type_id":"63"}