{"start_time":1492487916000,"end_time":1492489494000,"created_at":1492489496000,"updated_at":1492489517000,"start_time_timezone_offset":7200000,"end_time_timezone_offset":7200000,"distance":0,"duration":1578000,"calories":98,"pause_duration":0,"manual":false,"completed":true,"fitness":{"additional_repetitions_in_last_set":112,"max_repetitions":130,"sets":[{"repetitions":78,"duration":206000,"repetitions_goal":78},{"repetitions":32,"duration":123000,"repetitions_goal":32},{"repetitions":26,"duration":74000,"repetitions_goal":26},{"repetitions":20,"duration":80000,"repetitions_goal":20},{"repetitions":130,"duration":130000,"repetitions_goal":18}]},"training_plan":{"Key":"pushup_100","Level":3,"LevelDay":24,"LevelOverallDays":25},"id":"58f59518da311312d1474425","sport_type_id":"63"}