{"start_time":1492610433000,"end_time":1492614103000,"created_at":1492618442000,"updated_at":1492618469000,"start_time_timezone_offset":7200000,"end_time_timezone_offset":7200000,"distance":13100,"duration":3670000,"elevation_gain":0,"elevation_loss":0,"average_speed":12.850136,"calories":896,"max_speed":0.0,"pause_duration":0,"duration_per_km":280153,"temperature":3.0,"pulse_avg":0,"pulse_max":0,"avg_cadence":0,"max_cadence":0,"manual":true,"edited":false,"completed":true,"live_tracking_active":false,"live_tracking_enabled":false,"cheering_enabled":false,"indoor":false,"id":"58f78cca08dad194487096dd","weather_condition_id":"3","surface_id":"1","subjective_feeling_id":"1","sport_type_id":"1","user_equipment_ids":["58c5908a2103be9c117dd5c5"]}