{"start_time":1492325047000,"end_time":1492326717000,"created_at":1492326719000,"updated_at":1492326751000,"start_time_timezone_offset":7200000,"end_time_timezone_offset":7200000,"distance":0,"duration":1670000,"calories":97,"pause_duration":0,"manual":false,"completed":true,"fitness":{"additional_repetitions_in_last_set":120,"max_repetitions":140,"sets":[{"repetitions":76,"duration":364000,"repetitions_goal":76},{"repetitions":32,"duration":34000,"repetitions_goal":32},{"repetitions":24,"duration":98000,"repetitions_goal":24},{"repetitions":20,"duration":56000,"repetitions_goal":20},{"repetitions":140,"duration":153000,"repetitions_goal":20}]},"training_plan":{"Key":"pushup_100","Level":3,"LevelDay":23,"LevelOverallDays":25},"id":"58f3193f0c95017fc656cd5e","sport_type_id":"63"}