{"start_time":1490709783000,"end_time":1490712567000,"created_at":1490729384000,"updated_at":1490730997000,"start_time_timezone_offset":7200000,"end_time_timezone_offset":7200000,"distance":9421,"duration":2783624,"elevation_gain":8,"elevation_loss":10,"average_speed":12.183972,"calories":649,"longitude":17.67632,"latitude":48.367607,"max_speed":14.4,"pause_duration":0,"duration_per_km":295470,"temperature":15.0,"pulse_avg":0,"pulse_max":0,"avg_cadence":0,"max_cadence":0,"manual":false,"edited":false,"completed":true,"live_tracking_active":false,"live_tracking_enabled":false,"cheering_enabled":false,"indoor":false,"id":"58dab9a87f280ef2c11fa5ea","weather_condition_id":"3","surface_id":"1","subjective_feeling_id":"3","sport_type_id":"1","user_equipment_ids":["58c5908a2103be9c117dd5c5"]}