{"start_time":1490768618000,"end_time":1490768657000,"created_at":1490768659000,"updated_at":1490768754000,"start_time_timezone_offset":7200000,"end_time_timezone_offset":7200000,"distance":0,"duration":39000,"calories":2,"pause_duration":0,"manual":false,"completed":true,"fitness":{"additional_repetitions_in_last_set":0,"max_repetitions":9,"sets":[{"repetitions":9,"duration":34000,"repetitions_goal":70}]},"training_plan":{"Key":"pushup_100","Level":3,"LevelDay":21,"LevelOverallDays":25},"id":"58db5313cfc81e49c938a054","sport_type_id":"63"}