{"start_time":1495360924000,"end_time":1495366733000,"created_at":1495368284000,"updated_at":1495369532000,"start_time_timezone_offset":7200000,"end_time_timezone_offset":7200000,"distance":20186,"duration":5807507,"elevation_gain":29,"elevation_loss":32,"average_speed":12.513045,"calories":1369,"longitude":17.676447,"latitude":48.36759,"max_speed":15.299998,"pause_duration":0,"duration_per_km":287700,"temperature":15.0,"pulse_avg":0,"pulse_max":0,"avg_cadence":0,"max_cadence":0,"manual":false,"edited":false,"completed":true,"live_tracking_active":false,"live_tracking_enabled":false,"cheering_enabled":false,"indoor":false,"id":"5921825c0c950150902ab269","weather_condition_id":"1","surface_id":"1","subjective_feeling_id":"1","sport_type_id":"1","user_equipment_ids":["58c5908a2103be9c117dd5c5"]}