{"start_time":1491488645000,"end_time":1491494005000,"created_at":1491494018000,"updated_at":1491494050000,"start_time_timezone_offset":7200000,"end_time_timezone_offset":7200000,"distance":18000,"duration":5360000,"elevation_gain":0,"elevation_loss":0,"average_speed":12.089552,"calories":1241,"max_speed":0.0,"pause_duration":0,"duration_per_km":297778,"pulse_avg":0,"pulse_max":0,"avg_cadence":0,"max_cadence":0,"manual":true,"edited":false,"completed":true,"live_tracking_active":false,"live_tracking_enabled":false,"cheering_enabled":false,"indoor":false,"id":"58e664827f280eac0fc426eb","surface_id":"1","subjective_feeling_id":"1","sport_type_id":"1","user_equipment_ids":["58c5908a2103be9c117dd5c5"]}