{"start_time":1496721180000,"end_time":1496722994000,"created_at":1496723000000,"updated_at":1496723030000,"start_time_timezone_offset":7200000,"end_time_timezone_offset":7200000,"distance":0,"duration":1814000,"calories":96,"pause_duration":0,"manual":false,"completed":true,"fitness":{"additional_repetitions_in_last_set":61,"max_repetitions":81,"sets":[{"repetitions":76,"duration":329000,"repetitions_goal":76},{"repetitions":32,"duration":127000,"repetitions_goal":32},{"repetitions":24,"duration":67000,"repetitions_goal":24},{"repetitions":20,"duration":55000,"repetitions_goal":20},{"repetitions":81,"duration":270000,"repetitions_goal":20}]},"training_plan":{"Key":"pushup_100","Level":3,"LevelDay":23,"LevelOverallDays":25},"id":"59362e381e725547ebff9891","sport_type_id":"63"}