{"start_time":1496375068000,"end_time":1496377250000,"created_at":1496377314000,"updated_at":1496377340000,"start_time_timezone_offset":7200000,"end_time_timezone_offset":7200000,"distance":0,"duration":2182000,"calories":97,"pause_duration":0,"manual":false,"completed":true,"fitness":{"additional_repetitions_in_last_set":192,"max_repetitions":210,"sets":[{"repetitions":78,"duration":332000,"repetitions_goal":78},{"repetitions":32,"duration":131000,"repetitions_goal":32},{"repetitions":26,"duration":91000,"repetitions_goal":26},{"repetitions":20,"duration":108000,"repetitions_goal":20},{"repetitions":210,"duration":552000,"repetitions_goal":18}]},"training_plan":{"Key":"pushup_100","Level":3,"LevelDay":24,"LevelOverallDays":25},"id":"5930e7e213bc641379ecc30c","sport_type_id":"63"}