{"start_time":1494474835000,"end_time":1494476868000,"created_at":1494476925000,"updated_at":1494476945000,"start_time_timezone_offset":7200000,"end_time_timezone_offset":7200000,"distance":0,"duration":2033000,"calories":97,"pause_duration":0,"manual":false,"completed":true,"fitness":{"additional_repetitions_in_last_set":192,"max_repetitions":210,"sets":[{"repetitions":78,"duration":335000,"repetitions_goal":78},{"repetitions":32,"duration":28000,"repetitions_goal":32},{"repetitions":26,"duration":94000,"repetitions_goal":26},{"repetitions":20,"duration":72000,"repetitions_goal":20},{"repetitions":210,"duration":537000,"repetitions_goal":18}]},"training_plan":{"Key":"pushup_100","Level":3,"LevelDay":24,"LevelOverallDays":25},"id":"5913e87dda31132cb964fa41","sport_type_id":"63"}