{"start_time":1489426700000,"end_time":1489427780000,"created_at":1489683835000,"updated_at":1489683854000,"start_time_timezone_offset":3600000,"end_time_timezone_offset":3600000,"distance":0,"duration":1080000,"calories":12,"pause_duration":0,"manual":false,"completed":true,"fitness":{"additional_repetitions_in_last_set":0,"max_repetitions":15,"sets":[{"repetitions":4,"duration":26000,"repetitions_goal":4},{"repetitions":15,"duration":23000,"repetitions_goal":15},{"repetitions":3,"duration":13000,"repetitions_goal":3},{"repetitions":3,"duration":5000,"repetitions_goal":3},{"repetitions":4,"duration":4000,"repetitions_goal":4},{"repetitions":1,"duration":19000,"repetitions_goal":1}]},"id":"58cac57bae8cbe0a25c82b67","sport_type_id":"63"}