{"start_time":1491363878000,"end_time":1491363892000,"created_at":1491366187000,"updated_at":1491366200000,"start_time_timezone_offset":7200000,"end_time_timezone_offset":7200000,"distance":0,"duration":14000,"calories":0,"pause_duration":0,"manual":false,"completed":true,"fitness":{"additional_repetitions_in_last_set":0,"max_repetitions":1,"sets":[{"repetitions":1,"duration":9000,"repetitions_goal":74}]},"training_plan":{"Key":"pushup_100","Level":3,"LevelDay":22,"LevelOverallDays":25},"id":"58e4712b72b0ca6cadb1412a","sport_type_id":"63"}