{"start_time":1494906934000,"end_time":1494906949000,"created_at":1494907001000,"updated_at":1494907020000,"start_time_timezone_offset":7200000,"end_time_timezone_offset":7200000,"distance":0,"duration":15000,"calories":0,"pause_duration":0,"manual":false,"completed":true,"fitness":{"additional_repetitions_in_last_set":0,"max_repetitions":1,"sets":[{"repetitions":1,"duration":10000,"repetitions_goal":78}]},"training_plan":{"Key":"pushup_100","Level":3,"LevelDay":24,"LevelOverallDays":25},"id":"591a7879dcd33b459627a8d8","sport_type_id":"63"}