{"start_time":1508940280000,"end_time":1508946400000,"created_at":1508953310000,"updated_at":1509215481000,"start_time_timezone_offset":7200000,"end_time_timezone_offset":7200000,"distance":20050,"duration":6066000,"elevation_gain":771,"elevation_loss":772,"average_speed":11.899,"calories":1406,"max_speed":51.906532,"pause_duration":54000,"duration_per_km":302543,"temperature":13.0,"notes":"lave koleno po 15 km bolest","pulse_avg":149,"pulse_max":166,"avg_cadence":0,"max_cadence":0,"manual":false,"edited":true,"completed":true,"live_tracking_active":false,"live_tracking_enabled":false,"cheering_enabled":false,"id":"02c54454-1752-4543-a07b-f2b585ce1566","weather_condition_id":"2","surface_id":"1","subjective_feeling_id":"3","sport_type_id":"1","user_equipment_ids":["5949455b9584a7052a5b0f55"]}