{"start_time":1491364725000,"end_time":1491366158000,"created_at":1491366188000,"updated_at":1491366201000,"start_time_timezone_offset":7200000,"end_time_timezone_offset":7200000,"distance":0,"duration":1433000,"calories":93,"pause_duration":0,"manual":false,"completed":true,"fitness":{"additional_repetitions_in_last_set":50,"max_repetitions":76,"sets":[{"repetitions":76,"duration":318000,"repetitions_goal":76},{"repetitions":32,"duration":35000,"repetitions_goal":32},{"repetitions":24,"duration":55000,"repetitions_goal":24},{"repetitions":20,"duration":18000,"repetitions_goal":20},{"repetitions":70,"duration":99000,"repetitions_goal":20}]},"training_plan":{"Key":"pushup_100","Level":3,"LevelDay":23,"LevelOverallDays":25},"id":"58e4712cda31133302227e12","sport_type_id":"63"}