{"start_time":1494339354000,"end_time":1494345294000,"created_at":1494359125000,"updated_at":1494359155000,"start_time_timezone_offset":7200000,"end_time_timezone_offset":7200000,"distance":20000,"duration":5940000,"elevation_gain":0,"elevation_loss":0,"average_speed":12.121212,"calories":1357,"max_speed":0.0,"pause_duration":0,"duration_per_km":297000,"pulse_avg":0,"pulse_max":0,"avg_cadence":0,"max_cadence":0,"manual":true,"edited":false,"completed":true,"live_tracking_active":false,"live_tracking_enabled":false,"cheering_enabled":false,"indoor":false,"id":"59121c5513bc644ee47b99d3","surface_id":"1","subjective_feeling_id":"1","sport_type_id":"1","user_equipment_ids":["58c5908a2103be9c117dd5c5"]}