{"start_time":1495125776000,"end_time":1495128807000,"created_at":1495133727000,"updated_at":1495133756000,"start_time_timezone_offset":7200000,"end_time_timezone_offset":7200000,"distance":10020,"duration":3030076,"elevation_gain":18,"elevation_loss":13,"average_speed":11.904652,"calories":680,"longitude":17.677185,"latitude":48.36659,"max_speed":13.8,"pause_duration":0,"duration_per_km":302403,"temperature":23.0,"pulse_avg":0,"pulse_max":0,"avg_cadence":0,"max_cadence":0,"manual":false,"edited":false,"completed":true,"live_tracking_active":false,"live_tracking_enabled":false,"cheering_enabled":false,"indoor":false,"id":"591dee1f08dad1e034269856","weather_condition_id":"1","surface_id":"1","subjective_feeling_id":"1","sport_type_id":"1","user_equipment_ids":["58c5908a2103be9c117dd5c5"]}