{"start_time":1494388685000,"end_time":1494390571000,"created_at":1494390627000,"updated_at":1494390645000,"start_time_timezone_offset":7200000,"end_time_timezone_offset":7200000,"distance":0,"duration":1886000,"calories":96,"pause_duration":0,"manual":false,"completed":true,"fitness":{"additional_repetitions_in_last_set":160,"max_repetitions":180,"sets":[{"repetitions":76,"duration":430000,"repetitions_goal":76},{"repetitions":32,"duration":102000,"repetitions_goal":32},{"repetitions":24,"duration":51000,"repetitions_goal":24},{"repetitions":20,"duration":25000,"repetitions_goal":20},{"repetitions":180,"duration":312000,"repetitions_goal":20}]},"training_plan":{"Key":"pushup_100","Level":3,"LevelDay":23,"LevelOverallDays":25},"id":"591297637f280e588ace59b4","sport_type_id":"63"}