{"start_time":1491969307000,"end_time":1491970875000,"created_at":1491970923000,"updated_at":1491970955000,"start_time_timezone_offset":7200000,"end_time_timezone_offset":7200000,"distance":0,"duration":1568000,"calories":93,"pause_duration":0,"manual":false,"completed":true,"fitness":{"additional_repetitions_in_last_set":72,"max_repetitions":90,"sets":[{"repetitions":70,"duration":253000,"repetitions_goal":70},{"repetitions":32,"duration":189000,"repetitions_goal":32},{"repetitions":24,"duration":46000,"repetitions_goal":24},{"repetitions":22,"duration":64000,"repetitions_goal":22},{"repetitions":90,"duration":109000,"repetitions_goal":18}]},"training_plan":{"Key":"pushup_100","Level":3,"LevelDay":21,"LevelOverallDays":25},"id":"58edab6b79a463cdef6047fa","sport_type_id":"63"}