{"start_time":1491047626000,"end_time":1491050518000,"created_at":1491072060000,"updated_at":1491072112000,"start_time_timezone_offset":7200000,"end_time_timezone_offset":7200000,"distance":10164,"duration":2883393,"elevation_gain":15,"elevation_loss":10,"average_speed":12.690049,"calories":701,"longitude":17.67586,"latitude":48.367718,"max_speed":16.05,"pause_duration":6955,"duration_per_km":283687,"temperature":14.0,"pulse_avg":0,"pulse_max":0,"avg_cadence":0,"max_cadence":0,"manual":false,"edited":false,"completed":true,"live_tracking_active":false,"live_tracking_enabled":false,"cheering_enabled":false,"indoor":false,"id":"58dff43c08dad1bcf004e57d","weather_condition_id":"1","surface_id":"1","subjective_feeling_id":"1","sport_type_id":"1","user_equipment_ids":["58c5908a2103be9c117dd5c5"]}