{"start_time":1493351801000,"end_time":1493353508000,"created_at":1493353510000,"updated_at":1493353525000,"start_time_timezone_offset":7200000,"end_time_timezone_offset":7200000,"distance":0,"duration":1707000,"calories":98,"pause_duration":0,"manual":false,"completed":true,"fitness":{"additional_repetitions_in_last_set":112,"max_repetitions":130,"sets":[{"repetitions":78,"duration":352000,"repetitions_goal":78},{"repetitions":32,"duration":37000,"repetitions_goal":32},{"repetitions":26,"duration":50000,"repetitions_goal":26},{"repetitions":20,"duration":87000,"repetitions_goal":20},{"repetitions":130,"duration":215000,"repetitions_goal":18}]},"training_plan":{"Key":"pushup_100","Level":3,"LevelDay":24,"LevelOverallDays":25},"id":"5902c4267acb1553dfdd749b","sport_type_id":"63"}