{"start_time":1495684806000,"end_time":1495686627000,"created_at":1495686689000,"updated_at":1495686720000,"start_time_timezone_offset":7200000,"end_time_timezone_offset":7200000,"distance":0,"duration":1821000,"calories":97,"pause_duration":0,"manual":false,"completed":true,"fitness":{"additional_repetitions_in_last_set":162,"max_repetitions":180,"sets":[{"repetitions":78,"duration":387000,"repetitions_goal":78},{"repetitions":32,"duration":30000,"repetitions_goal":32},{"repetitions":26,"duration":114000,"repetitions_goal":26},{"repetitions":20,"duration":114000,"repetitions_goal":20},{"repetitions":180,"duration":210000,"repetitions_goal":18}]},"training_plan":{"Key":"pushup_100","Level":3,"LevelDay":24,"LevelOverallDays":25},"id":"59265e2113bc6413778006a3","sport_type_id":"63"}