{"start_time":1497012824000,"end_time":1497018704000,"created_at":1497021065000,"updated_at":1497021088000,"start_time_timezone_offset":7200000,"end_time_timezone_offset":7200000,"distance":20064,"duration":5879029,"elevation_gain":13,"elevation_loss":18,"average_speed":12.286111,"calories":1361,"longitude":17.676615,"latitude":48.367554,"max_speed":13.5,"pause_duration":0,"duration_per_km":293014,"temperature":28.0,"pulse_avg":0,"pulse_max":0,"avg_cadence":0,"max_cadence":0,"manual":false,"edited":false,"completed":true,"live_tracking_active":false,"live_tracking_enabled":false,"cheering_enabled":false,"indoor":false,"id":"593aba893fa78828f08a99e4","weather_condition_id":"1","surface_id":"1","subjective_feeling_id":"1","sport_type_id":"1","user_equipment_ids":["58c5908a2103be9c117dd5c5"]}