{"start_time":1490031070000,"end_time":1490032411000,"created_at":1490032416000,"updated_at":1490032451000,"start_time_timezone_offset":3600000,"end_time_timezone_offset":3600000,"distance":0,"duration":1341000,"calories":0,"pause_duration":0,"manual":false,"completed":true,"fitness":{"additional_repetitions_in_last_set":130,"max_repetitions":230,"sets":[{"repetitions":230,"duration":1333000,"repetitions_goal":100}]},"training_plan":{"Key":"pushup_100","Level":3,"LevelDay":25,"LevelOverallDays":25},"id":"58d01720dc3377e74cee0edf","sport_type_id":"63"}