{"start_time":1492660256000,"end_time":1492662090000,"created_at":1492662138000,"updated_at":1492662158000,"start_time_timezone_offset":7200000,"end_time_timezone_offset":7200000,"distance":0,"duration":1834000,"calories":97,"pause_duration":0,"manual":false,"completed":true,"fitness":{"additional_repetitions_in_last_set":100,"max_repetitions":120,"sets":[{"repetitions":76,"duration":358000,"repetitions_goal":76},{"repetitions":32,"duration":143000,"repetitions_goal":32},{"repetitions":24,"duration":136000,"repetitions_goal":24},{"repetitions":20,"duration":140000,"repetitions_goal":20},{"repetitions":120,"duration":91000,"repetitions_goal":20}]},"training_plan":{"Key":"pushup_100","Level":3,"LevelDay":23,"LevelOverallDays":25},"id":"58f8377a71c40c9d6df21235","sport_type_id":"63"}