{"start_time":1491722534000,"end_time":1491729745000,"created_at":1491757806000,"updated_at":1491765300000,"start_time_timezone_offset":7200000,"end_time_timezone_offset":7200000,"distance":23780,"duration":7196000,"elevation_gain":39,"elevation_loss":41,"average_speed":11.897,"calories":1640,"longitude":17.676739,"latitude":48.367596,"max_speed":14.4,"pause_duration":15115,"duration_per_km":302607,"temperature":12.0,"pulse_avg":0,"pulse_max":0,"avg_cadence":0,"max_cadence":0,"manual":false,"edited":true,"completed":true,"live_tracking_active":false,"live_tracking_enabled":false,"cheering_enabled":false,"id":"58ea6aee7fa48db3a3fa6ba7","weather_condition_id":"1","surface_id":"1","subjective_feeling_id":"1","sport_type_id":"1","user_equipment_ids":["58c5908a2103be9c117dd5c5"]}