{"start_time":1497451281000,"end_time":1497457327000,"created_at":1497463953000,"updated_at":1497463983000,"start_time_timezone_offset":7200000,"end_time_timezone_offset":7200000,"distance":20060,"duration":6036757,"elevation_gain":20,"elevation_loss":18,"average_speed":11.956155,"calories":1361,"longitude":17.67657,"latitude":48.36749,"max_speed":13.5,"pause_duration":8046,"duration_per_km":300935,"temperature":27.0,"pulse_avg":0,"pulse_max":0,"avg_cadence":0,"max_cadence":0,"manual":false,"edited":false,"completed":true,"live_tracking_active":false,"live_tracking_enabled":false,"cheering_enabled":false,"indoor":false,"id":"59417c9113bc64354b256dc5","weather_condition_id":"1","surface_id":"1","subjective_feeling_id":"1","sport_type_id":"1","user_equipment_ids":["58c5908a2103be9c117dd5c5"]}