{"start_time":1495040198000,"end_time":1495043177000,"created_at":1495043673000,"updated_at":1495043725000,"start_time_timezone_offset":7200000,"end_time_timezone_offset":7200000,"distance":10102,"duration":2978305,"elevation_gain":8,"elevation_loss":10,"average_speed":12.210704,"calories":685,"longitude":17.676277,"latitude":48.367622,"max_speed":13.5,"pause_duration":0,"duration_per_km":294823,"temperature":24.0,"pulse_avg":0,"pulse_max":0,"avg_cadence":0,"max_cadence":0,"manual":false,"edited":false,"completed":true,"live_tracking_active":false,"live_tracking_enabled":false,"cheering_enabled":false,"indoor":false,"id":"591c8e59dcd33bcb7f4236dc","weather_condition_id":"1","surface_id":"1","subjective_feeling_id":"1","sport_type_id":"1","user_equipment_ids":["58c5908a2103be9c117dd5c5"]}