{"start_time":1492574294000,"end_time":1492575912000,"created_at":1492575958000,"updated_at":1492575988000,"start_time_timezone_offset":7200000,"end_time_timezone_offset":7200000,"distance":0,"duration":1618000,"calories":97,"pause_duration":0,"manual":false,"completed":true,"fitness":{"additional_repetitions_in_last_set":102,"max_repetitions":120,"sets":[{"repetitions":74,"duration":277000,"repetitions_goal":74},{"repetitions":32,"duration":149000,"repetitions_goal":32},{"repetitions":28,"duration":74000,"repetitions_goal":28},{"repetitions":18,"duration":17000,"repetitions_goal":18},{"repetitions":120,"duration":134000,"repetitions_goal":18}]},"training_plan":{"Key":"pushup_100","Level":3,"LevelDay":22,"LevelOverallDays":25},"id":"58f6e6d61e72550c9e41da85","sport_type_id":"63"}