{"start_time":1495721741000,"end_time":1495725525000,"created_at":1495769730000,"updated_at":1495769775000,"start_time_timezone_offset":7200000,"end_time_timezone_offset":7200000,"distance":13072,"duration":3782727,"elevation_gain":22,"elevation_loss":25,"average_speed":12.440549,"calories":887,"longitude":17.676218,"latitude":48.367664,"max_speed":15.299998,"pause_duration":0,"duration_per_km":289376,"temperature":15.0,"pulse_avg":0,"pulse_max":0,"avg_cadence":0,"max_cadence":0,"manual":false,"edited":false,"completed":true,"live_tracking_active":false,"live_tracking_enabled":false,"cheering_enabled":false,"indoor":false,"id":"5927a2825f19b1b40bd28ddc","weather_condition_id":"1","surface_id":"1","subjective_feeling_id":"1","sport_type_id":"1","user_equipment_ids":["58c5908a2103be9c117dd5c5"]}