{"start_time":1492781742000,"end_time":1492787337000,"created_at":1492791874000,"updated_at":1492792056000,"start_time_timezone_offset":7200000,"end_time_timezone_offset":7200000,"distance":18620,"duration":5554901,"elevation_gain":22,"elevation_loss":13,"average_speed":12.067,"calories":1272,"longitude":17.683058,"latitude":48.366302,"max_speed":15.899999,"pause_duration":41994,"duration_per_km":298329,"temperature":10.0,"pulse_avg":0,"pulse_max":0,"avg_cadence":0,"max_cadence":0,"manual":false,"edited":true,"completed":true,"live_tracking_active":false,"live_tracking_enabled":false,"cheering_enabled":false,"id":"58fa3242dcd33b0e4015caad","weather_condition_id":"1","surface_id":"1","subjective_feeling_id":"1","sport_type_id":"1","user_equipment_ids":["58c5908a2103be9c117dd5c5"]}