{"start_time":1496668963000,"end_time":1496675200000,"created_at":1496723074000,"updated_at":1496723090000,"start_time_timezone_offset":7200000,"end_time_timezone_offset":7200000,"distance":20235,"duration":6236353,"elevation_gain":8,"elevation_loss":10,"average_speed":11.680865,"calories":1375,"longitude":17.676493,"latitude":48.36764,"max_speed":13.65,"pause_duration":0,"duration_per_km":308196,"temperature":27.0,"pulse_avg":0,"pulse_max":0,"avg_cadence":0,"max_cadence":0,"manual":false,"edited":false,"completed":true,"live_tracking_active":false,"live_tracking_enabled":false,"cheering_enabled":false,"indoor":false,"id":"59362e82dc33773372e9444f","weather_condition_id":"1","surface_id":"1","subjective_feeling_id":"1","sport_type_id":"1","user_equipment_ids":["58c5908a2103be9c117dd5c5"]}