{"start_time":1493558861000,"end_time":1493564811000,"created_at":1493564845000,"updated_at":1493564897000,"start_time_timezone_offset":7200000,"end_time_timezone_offset":7200000,"distance":20000,"duration":5950000,"elevation_gain":0,"elevation_loss":0,"average_speed":12.100841,"calories":1367,"max_speed":0.0,"pause_duration":0,"duration_per_km":297500,"temperature":16.0,"notes":"po chorobe","pulse_avg":0,"pulse_max":0,"avg_cadence":0,"max_cadence":0,"manual":true,"edited":false,"completed":true,"live_tracking_active":false,"live_tracking_enabled":false,"cheering_enabled":false,"indoor":false,"id":"5905fdad72b0cad48bff841a","weather_condition_id":"1","surface_id":"1","subjective_feeling_id":"2","sport_type_id":"1","user_equipment_ids":["58c5908a2103be9c117dd5c5"]}