{"start_time":1491728287000,"end_time":1491798414000,"created_at":1491798460000,"updated_at":1491798489000,"start_time_timezone_offset":7200000,"end_time_timezone_offset":7200000,"distance":0,"duration":70127000,"calories":97,"pause_duration":0,"manual":false,"completed":true,"fitness":{"additional_repetitions_in_last_set":70,"max_repetitions":90,"sets":[{"repetitions":76,"duration":1105000,"repetitions_goal":76},{"repetitions":32,"duration":67000,"repetitions_goal":32},{"repetitions":24,"duration":182000,"repetitions_goal":24},{"repetitions":20,"duration":114000,"repetitions_goal":20},{"repetitions":90,"duration":98000,"repetitions_goal":20}]},"training_plan":{"Key":"pushup_100","Level":3,"LevelDay":23,"LevelOverallDays":25},"id":"58eb09bcdc337742c067e674","sport_type_id":"63"}