{"start_time":1496893788000,"end_time":1496895819000,"created_at":1496895823000,"updated_at":1496895857000,"start_time_timezone_offset":7200000,"end_time_timezone_offset":7200000,"distance":0,"duration":2031000,"calories":96,"pause_duration":0,"manual":false,"completed":true,"fitness":{"additional_repetitions_in_last_set":71,"max_repetitions":91,"sets":[{"repetitions":76,"duration":354000,"repetitions_goal":76},{"repetitions":32,"duration":34000,"repetitions_goal":32},{"repetitions":24,"duration":104000,"repetitions_goal":24},{"repetitions":20,"duration":79000,"repetitions_goal":20},{"repetitions":91,"duration":495000,"repetitions_goal":20}]},"training_plan":{"Key":"pushup_100","Level":3,"LevelDay":23,"LevelOverallDays":25},"id":"5938d14fd03a4ce01450f79c","sport_type_id":"63"}