{"start_time":1492747145000,"end_time":1492748663000,"created_at":1492748711000,"updated_at":1492748723000,"start_time_timezone_offset":7200000,"end_time_timezone_offset":7200000,"distance":0,"duration":1518000,"calories":90,"pause_duration":0,"manual":false,"completed":true,"fitness":{"additional_repetitions_in_last_set":102,"max_repetitions":120,"sets":[{"repetitions":78,"duration":442000,"repetitions_goal":78},{"repetitions":32,"duration":27000,"repetitions_goal":32},{"repetitions":26,"duration":79000,"repetitions_goal":26},{"repetitions":20,"duration":16000,"repetitions_goal":20},{"repetitions":120,"duration":99000,"repetitions_goal":18}]},"training_plan":{"Key":"pushup_100","Level":3,"LevelDay":24,"LevelOverallDays":25},"id":"58f989a7d03a4c565345dc2b","sport_type_id":"63"}