{"start_time":1491277467000,"end_time":1491279788000,"created_at":1491279794000,"updated_at":1491279808000,"start_time_timezone_offset":7200000,"end_time_timezone_offset":7200000,"distance":0,"duration":2321000,"calories":97,"pause_duration":0,"manual":false,"completed":true,"fitness":{"additional_repetitions_in_last_set":65,"max_repetitions":83,"sets":[{"repetitions":74,"duration":891000,"repetitions_goal":74},{"repetitions":32,"duration":158000,"repetitions_goal":32},{"repetitions":28,"duration":57000,"repetitions_goal":28},{"repetitions":18,"duration":96000,"repetitions_goal":18},{"repetitions":83,"duration":154000,"repetitions_goal":18}]},"training_plan":{"Key":"pushup_100","Level":3,"LevelDay":22,"LevelOverallDays":25},"id":"58e31fb271c40c6c34eb7442","sport_type_id":"63"}