{"start_time":1489687967000,"end_time":1489687994000,"created_at":1489687996000,"updated_at":1489688030000,"start_time_timezone_offset":3600000,"end_time_timezone_offset":3600000,"distance":0,"duration":27000,"calories":0,"pause_duration":0,"manual":false,"completed":true,"fitness":{"additional_repetitions_in_last_set":0,"max_repetitions":2,"sets":[{"repetitions":2,"duration":8000,"repetitions_goal":2}]},"training_plan":{"Key":"situp_100","Level":1,"LevelDay":1,"LevelOverallDays":9},"id":"58cad5bcda3113d3612886c2","sport_type_id":"64"}