{"start_time":1492054070000,"end_time":1492055936000,"created_at":1492055981000,"updated_at":1492056002000,"start_time_timezone_offset":7200000,"end_time_timezone_offset":7200000,"distance":0,"duration":1866000,"calories":97,"pause_duration":0,"manual":false,"completed":true,"fitness":{"additional_repetitions_in_last_set":92,"max_repetitions":110,"sets":[{"repetitions":74,"duration":362000,"repetitions_goal":74},{"repetitions":32,"duration":143000,"repetitions_goal":32},{"repetitions":28,"duration":245000,"repetitions_goal":28},{"repetitions":18,"duration":50000,"repetitions_goal":18},{"repetitions":110,"duration":101000,"repetitions_goal":18}]},"training_plan":{"Key":"pushup_100","Level":3,"LevelDay":22,"LevelOverallDays":25},"id":"58eef7adda3113423c8af53b","sport_type_id":"63"}