{"start_time":1491451012000,"end_time":1491452606000,"created_at":1491539052000,"updated_at":1491539103000,"start_time_timezone_offset":7200000,"end_time_timezone_offset":7200000,"distance":0,"duration":1594000,"calories":98,"pause_duration":0,"manual":false,"completed":true,"fitness":{"additional_repetitions_in_last_set":60,"max_repetitions":78,"sets":[{"repetitions":78,"duration":243000,"repetitions_goal":78},{"repetitions":32,"duration":74000,"repetitions_goal":32},{"repetitions":26,"duration":101000,"repetitions_goal":26},{"repetitions":20,"duration":136000,"repetitions_goal":20},{"repetitions":78,"duration":73000,"repetitions_goal":18}]},"training_plan":{"Key":"pushup_100","Level":3,"LevelDay":24,"LevelOverallDays":25},"id":"58e7146c0a623bf9d69148b0","sport_type_id":"63"}