{"start_time":1497846723000,"end_time":1497846902000,"created_at":1498019901000,"updated_at":1498019951000,"start_time_timezone_offset":7200000,"end_time_timezone_offset":7200000,"distance":0,"duration":179000,"calories":28,"pause_duration":0,"manual":false,"completed":true,"fitness":{"additional_repetitions_in_last_set":0,"max_repetitions":121,"sets":[{"repetitions":8,"duration":6000,"repetitions_goal":8},{"repetitions":121,"duration":137000,"repetitions_goal":121}]},"id":"5949f83d9ad698edd45a0f97","sport_type_id":"63"}