{"start_time":1493869924000,"end_time":1493871424000,"created_at":1493871479000,"updated_at":1493871491000,"start_time_timezone_offset":7200000,"end_time_timezone_offset":7200000,"distance":0,"duration":1500000,"calories":95,"pause_duration":0,"manual":false,"completed":true,"fitness":{"additional_repetitions_in_last_set":112,"max_repetitions":130,"sets":[{"repetitions":74,"duration":255000,"repetitions_goal":74},{"repetitions":32,"duration":119000,"repetitions_goal":32},{"repetitions":28,"duration":38000,"repetitions_goal":28},{"repetitions":18,"duration":48000,"repetitions_goal":18},{"repetitions":130,"duration":93000,"repetitions_goal":18}]},"training_plan":{"Key":"pushup_100","Level":3,"LevelDay":22,"LevelOverallDays":25},"id":"590aab7708dad1826d3fb492","sport_type_id":"63"}