{"start_time":1496807130000,"end_time":1496808998000,"created_at":1496809055000,"updated_at":1496809077000,"start_time_timezone_offset":7200000,"end_time_timezone_offset":7200000,"distance":0,"duration":1868000,"elevation_gain":0,"elevation_loss":0,"calories":112,"max_speed":0.0,"pause_duration":0,"manual":false,"edited":false,"completed":true,"live_tracking_active":false,"indoor":false,"fitness":{"additional_repetitions_in_last_set":0,"max_repetitions":82,"sets":[{"repetitions":74,"duration":438000,"repetitions_goal":74},{"repetitions":32,"duration":68000,"repetitions_goal":32},{"repetitions":28,"duration":177000,"repetitions_goal":28},{"repetitions":18,"duration":34000,"repetitions_goal":18},{"repetitions":80,"duration":184000,"repetitions_goal":18},{"repetitions":82,"duration":185000,"repetitions_goal":82}]},"training_plan":{"Key":"pushup_100","Level":3,"LevelDay":22,"LevelOverallDays":25},"id":"59377e5f08cd12738a5ebf1e","sport_type_id":"63"}