{"start_time":1506236904000,"end_time":1506243397000,"created_at":1506246454000,"updated_at":1506273086000,"start_time_timezone_offset":7200000,"end_time_timezone_offset":7200000,"distance":22338,"duration":6481708,"elevation_gain":21,"elevation_loss":29,"average_speed":12.40673,"calories":1581,"longitude":17.676073,"latitude":48.367676,"max_speed":15.299999,"pause_duration":11022,"duration_per_km":290165,"temperature":12.0,"pulse_avg":0,"pulse_max":0,"avg_cadence":0,"max_cadence":0,"manual":false,"edited":false,"completed":true,"live_tracking_active":false,"live_tracking_enabled":false,"cheering_enabled":false,"indoor":false,"id":"133bf95a-4ff2-4ffc-a41f-683c8523bf64","weather_condition_id":"2","surface_id":"1","subjective_feeling_id":"1","sport_type_id":"1","user_equipment_ids":["5949455b9584a7052a5b0f55"]}