{"start_time":1489662635000,"end_time":1489668127000,"created_at":1489683850000,"updated_at":1489683907000,"start_time_timezone_offset":3600000,"end_time_timezone_offset":3600000,"distance":18090,"duration":5491336,"elevation_gain":39,"elevation_loss":46,"average_speed":11.859408,"calories":1246,"longitude":17.676027,"latitude":48.367653,"max_speed":20.1,"pause_duration":0,"duration_per_km":303556,"temperature":15.0,"pulse_avg":0,"pulse_max":0,"avg_cadence":0,"max_cadence":0,"manual":false,"edited":false,"completed":true,"live_tracking_active":false,"live_tracking_enabled":false,"cheering_enabled":false,"indoor":false,"id":"58cac58a73247148262d2d14","weather_condition_id":"1","surface_id":"1","subjective_feeling_id":"1","sport_type_id":"1","user_equipment_ids":["58c5908a2103be9c117dd5c5"]}