{"start_time":1489854030000,"end_time":1489858830000,"created_at":1489870201000,"updated_at":1489870221000,"start_time_timezone_offset":3600000,"end_time_timezone_offset":3600000,"distance":16100,"duration":4800000,"elevation_gain":0,"elevation_loss":0,"average_speed":12.075,"calories":1108,"max_speed":0.0,"pause_duration":0,"duration_per_km":298137,"pulse_avg":0,"pulse_max":0,"avg_cadence":0,"max_cadence":0,"manual":true,"edited":false,"completed":true,"live_tracking_active":false,"live_tracking_enabled":false,"cheering_enabled":false,"indoor":false,"id":"58cd9d797acb1577577fe7f3","surface_id":"1","subjective_feeling_id":"1","sport_type_id":"1","user_equipment_ids":["58c5908a2103be9c117dd5c5"]}