{"start_time":1496847978000,"end_time":1496853888000,"created_at":1496865852000,"updated_at":1496865887000,"start_time_timezone_offset":7200000,"end_time_timezone_offset":7200000,"distance":20122,"duration":5908910,"elevation_gain":27,"elevation_loss":18,"average_speed":12.259316,"calories":1365,"longitude":17.676308,"latitude":48.367542,"max_speed":15.299998,"pause_duration":0,"duration_per_km":293654,"temperature":20.0,"pulse_avg":0,"pulse_max":0,"avg_cadence":0,"max_cadence":0,"manual":false,"edited":false,"completed":true,"live_tracking_active":false,"live_tracking_enabled":false,"cheering_enabled":false,"indoor":false,"id":"59385c3ccfc81e90cfe49fc4","weather_condition_id":"2","surface_id":"1","subjective_feeling_id":"1","sport_type_id":"1","user_equipment_ids":["58c5908a2103be9c117dd5c5"]}