{"start_time":1494301639000,"end_time":1494303910000,"created_at":1494303933000,"updated_at":1494303981000,"start_time_timezone_offset":7200000,"end_time_timezone_offset":7200000,"distance":0,"duration":2271000,"calories":97,"pause_duration":0,"manual":false,"completed":true,"fitness":{"additional_repetitions_in_last_set":142,"max_repetitions":160,"sets":[{"repetitions":78,"duration":963000,"repetitions_goal":78},{"repetitions":32,"duration":40000,"repetitions_goal":32},{"repetitions":26,"duration":57000,"repetitions_goal":26},{"repetitions":20,"duration":107000,"repetitions_goal":20},{"repetitions":160,"duration":139000,"repetitions_goal":18}]},"training_plan":{"Key":"pushup_100","Level":3,"LevelDay":24,"LevelOverallDays":25},"id":"591144bdf454ba05b7e8f58a","sport_type_id":"63"}