{"start_time":1497585612000,"end_time":1497587260000,"created_at":1497587262000,"updated_at":1497587289000,"start_time_timezone_offset":7200000,"end_time_timezone_offset":7200000,"distance":0,"duration":1648000,"calories":89,"pause_duration":0,"manual":false,"completed":true,"fitness":{"additional_repetitions_in_last_set":162,"max_repetitions":180,"sets":[{"repetitions":74,"duration":333000,"repetitions_goal":74},{"repetitions":32,"duration":27000,"repetitions_goal":32},{"repetitions":28,"duration":25000,"repetitions_goal":28},{"repetitions":18,"duration":104000,"repetitions_goal":18},{"repetitions":180,"duration":296000,"repetitions_goal":18}]},"training_plan":{"Key":"pushup_100","Level":3,"LevelDay":22,"LevelOverallDays":25},"id":"59435e3e08dad17be3c13973","sport_type_id":"63"}