{"start_time":1493610892000,"end_time":1493612477000,"created_at":1493612528000,"updated_at":1493612565000,"start_time_timezone_offset":7200000,"end_time_timezone_offset":7200000,"distance":0,"duration":1585000,"calories":95,"pause_duration":0,"manual":false,"completed":true,"fitness":{"additional_repetitions_in_last_set":102,"max_repetitions":120,"sets":[{"repetitions":74,"duration":346000,"repetitions_goal":74},{"repetitions":32,"duration":45000,"repetitions_goal":32},{"repetitions":28,"duration":36000,"repetitions_goal":28},{"repetitions":18,"duration":116000,"repetitions_goal":18},{"repetitions":120,"duration":99000,"repetitions_goal":18}]},"training_plan":{"Key":"pushup_100","Level":3,"LevelDay":22,"LevelOverallDays":25},"id":"5906b7f0dcd33b4933e1be9a","sport_type_id":"63"}