{"start_time":1491312684000,"end_time":1491314945000,"created_at":1491327273000,"updated_at":1491327300000,"start_time_timezone_offset":7200000,"end_time_timezone_offset":7200000,"distance":8024,"duration":2260706,"elevation_gain":5,"elevation_loss":10,"average_speed":12.7776,"calories":553,"longitude":17.675892,"latitude":48.36768,"max_speed":14.1,"pause_duration":-1,"duration_per_km":281743,"pulse_avg":0,"pulse_max":0,"avg_cadence":0,"max_cadence":0,"manual":false,"edited":false,"completed":true,"live_tracking_active":false,"live_tracking_enabled":false,"cheering_enabled":false,"indoor":false,"id":"58e3d929f454ba8965b3d358","surface_id":"1","subjective_feeling_id":"1","sport_type_id":"1","user_equipment_ids":["58c5908a2103be9c117dd5c5"]}