{"start_time":1491881901000,"end_time":1491884034000,"created_at":1491884081000,"updated_at":1491884103000,"start_time_timezone_offset":7200000,"end_time_timezone_offset":7200000,"distance":0,"duration":2133000,"calories":98,"pause_duration":0,"manual":false,"completed":true,"fitness":{"additional_repetitions_in_last_set":62,"max_repetitions":80,"sets":[{"repetitions":78,"duration":880000,"repetitions_goal":78},{"repetitions":32,"duration":73000,"repetitions_goal":32},{"repetitions":26,"duration":62000,"repetitions_goal":26},{"repetitions":20,"duration":67000,"repetitions_goal":20},{"repetitions":80,"duration":82000,"repetitions_goal":18}]},"training_plan":{"Key":"pushup_100","Level":3,"LevelDay":24,"LevelOverallDays":25},"id":"58ec58313fa7887993dcbc06","sport_type_id":"63"}