{"start_time":1495166267000,"end_time":1495168433000,"created_at":1495168493000,"updated_at":1495168532000,"start_time_timezone_offset":7200000,"end_time_timezone_offset":7200000,"distance":0,"duration":2166000,"calories":96,"pause_duration":0,"manual":false,"completed":true,"fitness":{"additional_repetitions_in_last_set":152,"max_repetitions":170,"sets":[{"repetitions":74,"duration":530000,"repetitions_goal":74},{"repetitions":32,"duration":134000,"repetitions_goal":32},{"repetitions":28,"duration":74000,"repetitions_goal":28},{"repetitions":18,"duration":45000,"repetitions_goal":18},{"repetitions":170,"duration":416000,"repetitions_goal":18}]},"training_plan":{"Key":"pushup_100","Level":3,"LevelDay":22,"LevelOverallDays":25},"id":"591e75edd0e9e3b862404705","sport_type_id":"63"}