{"start_time":1494649426000,"end_time":1494651243000,"created_at":1494651299000,"updated_at":1494651337000,"start_time_timezone_offset":7200000,"end_time_timezone_offset":7200000,"distance":0,"duration":1817000,"calories":93,"pause_duration":0,"manual":false,"completed":true,"fitness":{"additional_repetitions_in_last_set":170,"max_repetitions":190,"sets":[{"repetitions":76,"duration":391000,"repetitions_goal":76},{"repetitions":32,"duration":83000,"repetitions_goal":32},{"repetitions":24,"duration":78000,"repetitions_goal":24},{"repetitions":20,"duration":133000,"repetitions_goal":20},{"repetitions":190,"duration":218000,"repetitions_goal":20}]},"training_plan":{"Key":"pushup_100","Level":3,"LevelDay":23,"LevelOverallDays":25},"id":"591691a3d0e9e351e2fad6e6","sport_type_id":"63"}