{"start_time":1496164096000,"end_time":1496169877000,"created_at":1496374575000,"updated_at":1496374593000,"start_time_timezone_offset":7200000,"end_time_timezone_offset":7200000,"distance":20112,"duration":5780551,"elevation_gain":22,"elevation_loss":24,"average_speed":12.525311,"calories":1364,"longitude":17.676497,"latitude":48.36761,"max_speed":14.4,"pause_duration":0,"duration_per_km":287418,"temperature":30.0,"pulse_avg":0,"pulse_max":0,"avg_cadence":0,"max_cadence":0,"manual":false,"edited":false,"completed":true,"live_tracking_active":false,"live_tracking_enabled":false,"cheering_enabled":false,"indoor":false,"id":"5930dd2f13bc643116ec8e53","weather_condition_id":"1","surface_id":"1","subjective_feeling_id":"1","sport_type_id":"1","user_equipment_ids":["58c5908a2103be9c117dd5c5"]}