{"start_time":1490371247000,"end_time":1490376047000,"created_at":1490380808000,"updated_at":1490380839000,"start_time_timezone_offset":3600000,"end_time_timezone_offset":3600000,"distance":16100,"duration":4800000,"elevation_gain":0,"elevation_loss":0,"average_speed":12.075,"calories":1110,"max_speed":0.0,"pause_duration":0,"duration_per_km":298137,"pulse_avg":0,"pulse_max":0,"avg_cadence":0,"max_cadence":0,"manual":true,"edited":false,"completed":true,"live_tracking_active":false,"live_tracking_enabled":false,"cheering_enabled":false,"indoor":false,"id":"58d568087acb1531f0979b77","surface_id":"1","subjective_feeling_id":"1","sport_type_id":"1","user_equipment_ids":["58c5908a2103be9c117dd5c5"]}