{"start_time":1506754151000,"end_time":1506760265000,"created_at":1507322481000,"updated_at":1507322575000,"start_time_timezone_offset":7200000,"end_time_timezone_offset":7200000,"distance":20220,"duration":6027000,"elevation_gain":812,"elevation_loss":819,"average_speed":12.078,"calories":0,"max_speed":18.884554,"pause_duration":87000,"duration_per_km":298071,"temperature":10.0,"pulse_avg":149,"pulse_max":168,"avg_cadence":0,"max_cadence":0,"manual":false,"edited":false,"completed":true,"live_tracking_active":false,"live_tracking_enabled":false,"cheering_enabled":false,"indoor":false,"id":"04619ade-d630-4c3e-9988-d38f9d3d0152","weather_condition_id":"1","surface_id":"1","subjective_feeling_id":"1","sport_type_id":"1","user_equipment_ids":["5949455b9584a7052a5b0f55"]}