{"start_time":1493697745000,"end_time":1493699218000,"created_at":1493699269000,"updated_at":1493699292000,"start_time_timezone_offset":7200000,"end_time_timezone_offset":7200000,"distance":0,"duration":1473000,"calories":95,"pause_duration":0,"manual":false,"completed":true,"fitness":{"additional_repetitions_in_last_set":110,"max_repetitions":130,"sets":[{"repetitions":76,"duration":293000,"repetitions_goal":76},{"repetitions":32,"duration":28000,"repetitions_goal":32},{"repetitions":24,"duration":27000,"repetitions_goal":24},{"repetitions":20,"duration":54000,"repetitions_goal":20},{"repetitions":130,"duration":134000,"repetitions_goal":20}]},"training_plan":{"Key":"pushup_100","Level":3,"LevelDay":23,"LevelOverallDays":25},"id":"59080ac50a623b385a7c5ff5","sport_type_id":"63"}