{"start_time":1496116279000,"end_time":1496117950000,"created_at":1496118007000,"updated_at":1496118036000,"start_time_timezone_offset":7200000,"end_time_timezone_offset":7200000,"distance":0,"duration":1671000,"calories":96,"pause_duration":0,"manual":false,"completed":true,"fitness":{"additional_repetitions_in_last_set":182,"max_repetitions":200,"sets":[{"repetitions":74,"duration":210000,"repetitions_goal":74},{"repetitions":32,"duration":77000,"repetitions_goal":32},{"repetitions":28,"duration":61000,"repetitions_goal":28},{"repetitions":18,"duration":27000,"repetitions_goal":18},{"repetitions":200,"duration":331000,"repetitions_goal":18}]},"training_plan":{"Key":"pushup_100","Level":3,"LevelDay":22,"LevelOverallDays":25},"id":"592cf2f7732471a3971568e1","sport_type_id":"63"}