{"start_time":1494561645000,"end_time":1494563491000,"created_at":1494563553000,"updated_at":1494563574000,"start_time_timezone_offset":7200000,"end_time_timezone_offset":7200000,"distance":0,"duration":1846000,"calories":96,"pause_duration":0,"manual":false,"completed":true,"fitness":{"additional_repetitions_in_last_set":162,"max_repetitions":180,"sets":[{"repetitions":74,"duration":502000,"repetitions_goal":74},{"repetitions":32,"duration":25000,"repetitions_goal":32},{"repetitions":28,"duration":97000,"repetitions_goal":28},{"repetitions":18,"duration":33000,"repetitions_goal":18},{"repetitions":180,"duration":231000,"repetitions_goal":18}]},"training_plan":{"Key":"pushup_100","Level":3,"LevelDay":22,"LevelOverallDays":25},"id":"59153ae17fa48dbc0c335df3","sport_type_id":"63"}