{"start_time":1492328384000,"end_time":1492334261000,"created_at":1492339144000,"updated_at":1492339159000,"start_time_timezone_offset":7200000,"end_time_timezone_offset":7200000,"distance":20177,"duration":5875316,"elevation_gain":40,"elevation_loss":30,"average_speed":12.363113,"calories":1390,"longitude":17.675856,"latitude":48.367752,"max_speed":16.35,"pause_duration":0,"duration_per_km":291189,"temperature":12.0,"pulse_avg":0,"pulse_max":0,"avg_cadence":0,"max_cadence":0,"manual":false,"edited":false,"completed":true,"live_tracking_active":false,"live_tracking_enabled":false,"cheering_enabled":false,"indoor":false,"id":"58f349c87fa48de074fc6a2e","weather_condition_id":"2","surface_id":"1","subjective_feeling_id":"1","sport_type_id":"1","user_equipment_ids":["58c5908a2103be9c117dd5c5"]}