{"start_time":1495511754000,"end_time":1495513726000,"created_at":1495513788000,"updated_at":1495513821000,"start_time_timezone_offset":7200000,"end_time_timezone_offset":7200000,"distance":0,"duration":1972000,"calories":96,"pause_duration":0,"manual":false,"completed":true,"fitness":{"additional_repetitions_in_last_set":150,"max_repetitions":170,"sets":[{"repetitions":76,"duration":572000,"repetitions_goal":76},{"repetitions":32,"duration":32000,"repetitions_goal":32},{"repetitions":24,"duration":113000,"repetitions_goal":24},{"repetitions":20,"duration":32000,"repetitions_goal":20},{"repetitions":170,"duration":257000,"repetitions_goal":20}]},"training_plan":{"Key":"pushup_100","Level":3,"LevelDay":23,"LevelOverallDays":25},"id":"5923babcf454ba3e0e8c28a0","sport_type_id":"63"}