{"start_time":1494856167000,"end_time":1494861755000,"created_at":1494865686000,"updated_at":1494865728000,"start_time_timezone_offset":7200000,"end_time_timezone_offset":7200000,"distance":19399,"duration":5587201,"elevation_gain":29,"elevation_loss":31,"average_speed":12.499352,"calories":1316,"longitude":17.676462,"latitude":48.367664,"max_speed":14.4,"pause_duration":0,"duration_per_km":288015,"temperature":22.0,"pulse_avg":0,"pulse_max":0,"avg_cadence":0,"max_cadence":0,"manual":false,"edited":false,"completed":true,"live_tracking_active":false,"live_tracking_enabled":false,"cheering_enabled":false,"indoor":false,"id":"5919d7168a28a1a2c930c665","weather_condition_id":"2","surface_id":"1","subjective_feeling_id":"1","sport_type_id":"1","user_equipment_ids":["58c5908a2103be9c117dd5c5"]}