{"start_time":1495859458000,"end_time":1495863274000,"created_at":1495952234000,"updated_at":1495952293000,"start_time_timezone_offset":7200000,"end_time_timezone_offset":7200000,"distance":13135,"duration":3781116,"elevation_gain":22,"elevation_loss":18,"average_speed":12.498215,"calories":890,"longitude":17.675825,"latitude":48.367657,"max_speed":14.4,"pause_duration":34013,"duration_per_km":287866,"temperature":14.0,"pulse_avg":0,"pulse_max":0,"avg_cadence":0,"max_cadence":0,"manual":false,"edited":false,"completed":true,"live_tracking_active":false,"live_tracking_enabled":false,"cheering_enabled":false,"indoor":false,"id":"592a6b6a7324716c7af2ab34","weather_condition_id":"1","surface_id":"1","subjective_feeling_id":"1","sport_type_id":"1","user_equipment_ids":["58c5908a2103be9c117dd5c5"]}