{"start_time":1510670144000,"end_time":1510673363000,"created_at":1510689139000,"updated_at":1510689275000,"start_time_timezone_offset":3600000,"end_time_timezone_offset":3600000,"distance":10090,"duration":3218000,"elevation_gain":379,"elevation_loss":378,"average_speed":11.288,"calories":0,"max_speed":18.746742,"pause_duration":1000,"duration_per_km":318930,"temperature":4.0,"notes":"koleno sval bolest","pulse_avg":144,"pulse_max":168,"avg_cadence":0,"max_cadence":0,"manual":false,"edited":false,"completed":true,"live_tracking_active":false,"live_tracking_enabled":false,"cheering_enabled":false,"indoor":false,"id":"27def79e-08e4-4276-b189-5ce1f505762f","weather_condition_id":"1","surface_id":"1","subjective_feeling_id":"2","sport_type_id":"1","user_equipment_ids":["59f4bddb7bd9b920829d213d"]}