{"start_time":1497844337000,"end_time":1497846705000,"created_at":1497846706000,"updated_at":1497846733000,"start_time_timezone_offset":7200000,"end_time_timezone_offset":7200000,"distance":0,"duration":2368000,"calories":96,"pause_duration":0,"manual":false,"completed":true,"fitness":{"additional_repetitions_in_last_set":80,"max_repetitions":100,"sets":[{"repetitions":76,"duration":519000,"repetitions_goal":76},{"repetitions":32,"duration":64000,"repetitions_goal":32},{"repetitions":24,"duration":233000,"repetitions_goal":24},{"repetitions":20,"duration":154000,"repetitions_goal":20},{"repetitions":100,"duration":433000,"repetitions_goal":20}]},"training_plan":{"Key":"pushup_100","Level":3,"LevelDay":23,"LevelOverallDays":25},"id":"594753b272b0ca1902ecb8d6","sport_type_id":"63"}