{"start_time":1496722847000,"end_time":1496723004000,"created_at":1496895821000,"updated_at":1496895857000,"start_time_timezone_offset":7200000,"end_time_timezone_offset":7200000,"distance":0,"duration":157000,"calories":29,"pause_duration":0,"manual":false,"completed":true,"fitness":{"additional_repetitions_in_last_set":0,"max_repetitions":120,"sets":[{"repetitions":15,"duration":20000,"repetitions_goal":15},{"repetitions":120,"duration":98000,"repetitions_goal":120}]},"id":"5938d14d08dad10878abd8b4","sport_type_id":"63"}