{"start_time":1510064912000,"end_time":1510068016000,"created_at":1510070090000,"updated_at":1510071183000,"start_time_timezone_offset":3600000,"end_time_timezone_offset":3600000,"distance":10100,"duration":3104000,"elevation_gain":389,"elevation_loss":390,"average_speed":11.714,"calories":0,"max_speed":15.798844,"pause_duration":0,"duration_per_km":307327,"temperature":14.0,"notes":"koleno sval jemna bolest","pulse_avg":148,"pulse_max":169,"avg_cadence":0,"max_cadence":0,"manual":false,"edited":false,"completed":true,"live_tracking_active":false,"live_tracking_enabled":false,"cheering_enabled":false,"indoor":false,"id":"54869ad3-e8e2-4133-9e38-102b3b99b723","weather_condition_id":"1","surface_id":"1","subjective_feeling_id":"2","sport_type_id":"1","user_equipment_ids":["59f4bddb7bd9b920829d213d"]}