{"start_time":1490022297000,"end_time":1490027568000,"created_at":1490029289000,"updated_at":1490029338000,"start_time_timezone_offset":3600000,"end_time_timezone_offset":3600000,"distance":18244,"duration":5269149,"elevation_gain":30,"elevation_loss":37,"average_speed":12.464707,"calories":1255,"longitude":17.67648,"latitude":48.36762,"max_speed":14.4,"pause_duration":0,"duration_per_km":288815,"pulse_avg":0,"pulse_max":0,"avg_cadence":0,"max_cadence":0,"manual":false,"edited":false,"completed":true,"live_tracking_active":false,"live_tracking_enabled":false,"cheering_enabled":false,"indoor":false,"id":"58d00ae98a28a183f557ff84","surface_id":"1","subjective_feeling_id":"1","sport_type_id":"1","user_equipment_ids":["58c5908a2103be9c117dd5c5"]}