{"start_time":1489773024000,"end_time":1489774547000,"created_at":1489774551000,"updated_at":1489774574000,"start_time_timezone_offset":3600000,"end_time_timezone_offset":3600000,"distance":0,"duration":1523000,"calories":98,"pause_duration":0,"manual":false,"completed":true,"fitness":{"additional_repetitions_in_last_set":52,"max_repetitions":78,"sets":[{"repetitions":78,"duration":279000,"repetitions_goal":78},{"repetitions":32,"duration":49000,"repetitions_goal":32},{"repetitions":26,"duration":43000,"repetitions_goal":26},{"repetitions":20,"duration":104000,"repetitions_goal":20},{"repetitions":70,"duration":81000,"repetitions_goal":18}]},"training_plan":{"Key":"pushup_100","Level":3,"LevelDay":24,"LevelOverallDays":25},"id":"58cc27d713bc644cb98af794","sport_type_id":"63"}