{"start_time":1490157763000,"end_time":1490159217000,"created_at":1490159218000,"updated_at":1490159240000,"start_time_timezone_offset":3600000,"end_time_timezone_offset":3600000,"distance":0,"duration":1454000,"calories":93,"pause_duration":0,"manual":false,"completed":true,"fitness":{"additional_repetitions_in_last_set":82,"max_repetitions":100,"sets":[{"repetitions":70,"duration":301000,"repetitions_goal":70},{"repetitions":32,"duration":31000,"repetitions_goal":32},{"repetitions":24,"duration":67000,"repetitions_goal":24},{"repetitions":22,"duration":59000,"repetitions_goal":22},{"repetitions":100,"duration":90000,"repetitions_goal":18}]},"training_plan":{"Key":"pushup_100","Level":3,"LevelDay":21,"LevelOverallDays":25},"id":"58d2067279a463e304a8f0e6","sport_type_id":"63"}