{"start_time":1506086848000,"end_time":1506092760000,"created_at":1506095452000,"updated_at":1506095471000,"start_time_timezone_offset":7200000,"end_time_timezone_offset":7200000,"distance":20386,"duration":5911363,"elevation_gain":30,"elevation_loss":30,"average_speed":12.415005,"calories":1443,"longitude":17.675928,"latitude":48.367435,"max_speed":13.8,"pause_duration":0,"duration_per_km":289972,"temperature":16.0,"pulse_avg":0,"pulse_max":0,"avg_cadence":0,"max_cadence":0,"manual":false,"edited":false,"completed":true,"live_tracking_active":false,"live_tracking_enabled":false,"cheering_enabled":false,"indoor":false,"id":"3c112b62-b21f-48cd-83df-f66cd3e31b61","weather_condition_id":"2","surface_id":"1","subjective_feeling_id":"1","sport_type_id":"1","user_equipment_ids":["5949455b9584a7052a5b0f55"]}