{"start_time":1492146624000,"end_time":1492148227000,"created_at":1492148268000,"updated_at":1492148296000,"start_time_timezone_offset":7200000,"end_time_timezone_offset":7200000,"distance":0,"duration":1603000,"calories":97,"pause_duration":0,"manual":false,"completed":true,"fitness":{"additional_repetitions_in_last_set":70,"max_repetitions":90,"sets":[{"repetitions":76,"duration":434000,"repetitions_goal":76},{"repetitions":32,"duration":52000,"repetitions_goal":32},{"repetitions":24,"duration":42000,"repetitions_goal":24},{"repetitions":20,"duration":28000,"repetitions_goal":20},{"repetitions":90,"duration":81000,"repetitions_goal":20}]},"training_plan":{"Key":"pushup_100","Level":3,"LevelDay":23,"LevelOverallDays":25},"id":"58f0602cd03a4c5d479c0e52","sport_type_id":"63"}