{"start_time":1493536641000,"end_time":1493538161000,"created_at":1493538161000,"updated_at":1493538190000,"start_time_timezone_offset":7200000,"end_time_timezone_offset":7200000,"distance":0,"duration":1520000,"calories":97,"pause_duration":0,"manual":false,"completed":true,"fitness":{"additional_repetitions_in_last_set":117,"max_repetitions":135,"sets":[{"repetitions":74,"duration":285000,"repetitions_goal":74},{"repetitions":32,"duration":112000,"repetitions_goal":32},{"repetitions":28,"duration":32000,"repetitions_goal":28},{"repetitions":18,"duration":18000,"repetitions_goal":18},{"repetitions":135,"duration":108000,"repetitions_goal":18}]},"training_plan":{"Key":"pushup_100","Level":3,"LevelDay":22,"LevelOverallDays":25},"id":"59059571d03a4ca85ebd2dfc","sport_type_id":"63"}