{"start_time":1493958598000,"end_time":1493960178000,"created_at":1493960180000,"updated_at":1493960202000,"start_time_timezone_offset":7200000,"end_time_timezone_offset":7200000,"distance":0,"duration":1580000,"calories":96,"pause_duration":0,"manual":false,"completed":true,"fitness":{"additional_repetitions_in_last_set":120,"max_repetitions":140,"sets":[{"repetitions":76,"duration":313000,"repetitions_goal":76},{"repetitions":32,"duration":58000,"repetitions_goal":32},{"repetitions":24,"duration":44000,"repetitions_goal":24},{"repetitions":20,"duration":90000,"repetitions_goal":20},{"repetitions":140,"duration":109000,"repetitions_goal":20}]},"training_plan":{"Key":"pushup_100","Level":3,"LevelDay":23,"LevelOverallDays":25},"id":"590c05f47f280e178e9f68fd","sport_type_id":"63"}