{"start_time":1495769257000,"end_time":1495769702000,"created_at":1496722999000,"updated_at":1496723030000,"start_time_timezone_offset":7200000,"end_time_timezone_offset":7200000,"distance":0,"duration":445000,"calories":49,"pause_duration":0,"manual":false,"completed":true,"fitness":{"additional_repetitions_in_last_set":0,"max_repetitions":109,"sets":[{"repetitions":11,"duration":6000,"repetitions_goal":11},{"repetitions":109,"duration":67000,"repetitions_goal":109}]},"id":"59362e3713bc6413792ddfad","sport_type_id":"63"}