{"start_time":1497326092000,"end_time":1497327942000,"created_at":1497327946000,"updated_at":1497327971000,"start_time_timezone_offset":7200000,"end_time_timezone_offset":7200000,"distance":0,"duration":1850000,"calories":97,"pause_duration":0,"manual":false,"completed":true,"fitness":{"additional_repetitions_in_last_set":182,"max_repetitions":200,"sets":[{"repetitions":78,"duration":324000,"repetitions_goal":78},{"repetitions":32,"duration":40000,"repetitions_goal":32},{"repetitions":26,"duration":30000,"repetitions_goal":26},{"repetitions":20,"duration":25000,"repetitions_goal":20},{"repetitions":200,"duration":463000,"repetitions_goal":18}]},"training_plan":{"Key":"pushup_100","Level":3,"LevelDay":24,"LevelOverallDays":25},"id":"593f694a8a28a18c35893afc","sport_type_id":"63"}