{"start_time":1493783904000,"end_time":1493785645000,"created_at":1493785695000,"updated_at":1493785718000,"start_time_timezone_offset":7200000,"end_time_timezone_offset":7200000,"distance":0,"duration":1741000,"calories":98,"pause_duration":0,"manual":false,"completed":true,"fitness":{"additional_repetitions_in_last_set":112,"max_repetitions":130,"sets":[{"repetitions":78,"duration":407000,"repetitions_goal":78},{"repetitions":32,"duration":82000,"repetitions_goal":32},{"repetitions":26,"duration":45000,"repetitions_goal":26},{"repetitions":20,"duration":58000,"repetitions_goal":20},{"repetitions":130,"duration":184000,"repetitions_goal":18}]},"training_plan":{"Key":"pushup_100","Level":3,"LevelDay":24,"LevelOverallDays":25},"id":"59095c5fd0e9e3e562e5cb48","sport_type_id":"63"}