{"start_time":1493733643000,"end_time":1493736703000,"created_at":1493744642000,"updated_at":1493744669000,"start_time_timezone_offset":7200000,"end_time_timezone_offset":7200000,"distance":11000,"duration":3060000,"elevation_gain":0,"elevation_loss":0,"average_speed":12.941175,"calories":753,"max_speed":0.0,"pause_duration":0,"duration_per_km":278182,"temperature":18.0,"pulse_avg":0,"pulse_max":0,"avg_cadence":0,"max_cadence":0,"manual":true,"edited":false,"completed":true,"live_tracking_active":false,"live_tracking_enabled":false,"cheering_enabled":false,"indoor":false,"id":"5908bc020a623b3d07e082c6","weather_condition_id":"1","surface_id":"1","subjective_feeling_id":"1","sport_type_id":"1","user_equipment_ids":["58c5908a2103be9c117dd5c5"]}