{"start_time":1494048451000,"end_time":1494051235000,"created_at":1494263376000,"updated_at":1494263419000,"start_time_timezone_offset":7200000,"end_time_timezone_offset":7200000,"distance":10140,"duration":2777971,"elevation_gain":14,"elevation_loss":10,"average_speed":13.140526,"calories":701,"longitude":17.675974,"latitude":48.3677,"max_speed":14.550001,"pause_duration":4586,"duration_per_km":273962,"temperature":20.0,"pulse_avg":0,"pulse_max":0,"avg_cadence":0,"max_cadence":0,"manual":false,"edited":false,"completed":true,"live_tracking_active":false,"live_tracking_enabled":false,"cheering_enabled":false,"indoor":false,"id":"5910a650ae8cbeb14817e193","weather_condition_id":"1","surface_id":"1","subjective_feeling_id":"1","sport_type_id":"1","user_equipment_ids":["58c5908a2103be9c117dd5c5"]}