{"start_time":1506435212000,"end_time":1506441236000,"created_at":1506485731000,"updated_at":1506485761000,"start_time_timezone_offset":7200000,"end_time_timezone_offset":7200000,"distance":20038,"duration":5939369,"elevation_gain":19,"elevation_loss":24,"average_speed":12.142502,"calories":1418,"longitude":17.67602,"latitude":48.36766,"max_speed":14.550001,"pause_duration":84058,"duration_per_km":296405,"temperature":24.0,"pulse_avg":0,"pulse_max":0,"avg_cadence":0,"max_cadence":0,"manual":false,"edited":false,"completed":true,"live_tracking_active":false,"live_tracking_enabled":false,"cheering_enabled":false,"indoor":false,"id":"1ca018f2-9e84-4bfe-b27b-1c9515284be6","weather_condition_id":"1","surface_id":"1","subjective_feeling_id":"1","sport_type_id":"1","user_equipment_ids":["5949455b9584a7052a5b0f55"]}