{"start_time":1493902844000,"end_time":1493908264000,"created_at":1493908972000,"updated_at":1493909007000,"start_time_timezone_offset":7200000,"end_time_timezone_offset":7200000,"distance":18350,"duration":5387142,"elevation_gain":29,"elevation_loss":31,"average_speed":12.2578535,"calories":1264,"longitude":17.676413,"latitude":48.36762,"max_speed":14.4,"pause_duration":32001,"duration_per_km":293577,"temperature":18.0,"pulse_avg":0,"pulse_max":0,"avg_cadence":0,"max_cadence":0,"manual":false,"edited":false,"completed":true,"live_tracking_active":false,"live_tracking_enabled":false,"cheering_enabled":false,"indoor":false,"id":"590b3dec8a28a14ae8a436c5","weather_condition_id":"1","surface_id":"1","subjective_feeling_id":"1","sport_type_id":"1","user_equipment_ids":["58c5908a2103be9c117dd5c5"]}