{"start_time":1507730910000,"end_time":1507737073000,"created_at":1507743412000,"updated_at":1509215562000,"start_time_timezone_offset":7200000,"end_time_timezone_offset":7200000,"distance":20050,"duration":6161000,"elevation_gain":765,"elevation_loss":784,"average_speed":11.716,"calories":1407,"max_speed":33.81954,"pause_duration":2000,"duration_per_km":307281,"temperature":20.0,"pulse_avg":144,"pulse_max":167,"avg_cadence":0,"max_cadence":0,"manual":false,"edited":true,"completed":true,"live_tracking_active":false,"live_tracking_enabled":false,"cheering_enabled":false,"id":"4638c5ef-c79d-4b7e-8ed7-393d7f98652c","weather_condition_id":"1","surface_id":"1","subjective_feeling_id":"1","sport_type_id":"1","user_equipment_ids":["5949455b9584a7052a5b0f55"]}