{"start_time":1490333614000,"end_time":1490335277000,"created_at":1490335278000,"updated_at":1490335298000,"start_time_timezone_offset":3600000,"end_time_timezone_offset":3600000,"distance":0,"duration":1663000,"calories":97,"pause_duration":0,"manual":false,"completed":true,"fitness":{"additional_repetitions_in_last_set":60,"max_repetitions":80,"sets":[{"repetitions":76,"duration":389000,"repetitions_goal":76},{"repetitions":32,"duration":47000,"repetitions_goal":32},{"repetitions":24,"duration":36000,"repetitions_goal":24},{"repetitions":20,"duration":118000,"repetitions_goal":20},{"repetitions":80,"duration":107000,"repetitions_goal":20}]},"training_plan":{"Key":"pushup_100","Level":3,"LevelDay":23,"LevelOverallDays":25},"id":"58d4b62e7324710d180321c9","sport_type_id":"63"}