{"start_time":1494651600000,"end_time":1494654355000,"created_at":1494656892000,"updated_at":1494656931000,"start_time_timezone_offset":7200000,"end_time_timezone_offset":7200000,"distance":10106,"duration":2754571,"elevation_gain":8,"elevation_loss":10,"average_speed":13.207719,"calories":688,"longitude":17.67587,"latitude":48.3677,"max_speed":15.299998,"pause_duration":0,"duration_per_km":272568,"temperature":14.0,"pulse_avg":0,"pulse_max":0,"avg_cadence":0,"max_cadence":0,"manual":false,"edited":false,"completed":true,"live_tracking_active":false,"live_tracking_enabled":false,"cheering_enabled":false,"indoor":false,"id":"5916a77c79a463fac4fd9fa2","weather_condition_id":"3","surface_id":"1","subjective_feeling_id":"1","sport_type_id":"1","user_equipment_ids":["58c5908a2103be9c117dd5c5"]}