{"start_time":1530343468000,"end_time":1530347050000,"created_at":1541329030000,"updated_at":1541330144000,"start_time_timezone_offset":7200000,"end_time_timezone_offset":7200000,"distance":10101,"duration":3577000,"elevation_gain":415,"elevation_loss":420,"average_speed":10.166,"calories":0,"max_speed":72.46792,"pause_duration":5000,"duration_per_km":354123,"temperature":20.0,"pulse_avg":162,"pulse_max":177,"avg_cadence":0,"max_cadence":0,"manual":false,"edited":false,"completed":true,"live_tracking_active":false,"live_tracking_enabled":false,"cheering_enabled":false,"indoor":false,"id":"39b84c65-6cc4-4fdd-a088-93076f8b69eb","weather_condition_id":"1","surface_id":"1","subjective_feeling_id":"1","sport_type_id":"1","user_equipment_ids":["59f4bddb7bd9b920829d213d"]}