{"start_time":1538286266000,"end_time":1538289703000,"created_at":1541329247000,"updated_at":1541330085000,"start_time_timezone_offset":7200000,"end_time_timezone_offset":7200000,"distance":10121,"duration":3428000,"elevation_gain":389,"elevation_loss":400,"average_speed":10.629,"calories":0,"max_speed":29.84206,"pause_duration":9000,"duration_per_km":338702,"temperature":14.0,"pulse_avg":172,"pulse_max":190,"avg_cadence":0,"max_cadence":0,"manual":false,"edited":false,"completed":true,"live_tracking_active":false,"live_tracking_enabled":false,"cheering_enabled":false,"indoor":false,"id":"268c4dd8-45b9-4d53-8912-921d2a95bc0e","weather_condition_id":"2","surface_id":"1","subjective_feeling_id":"1","sport_type_id":"1","user_equipment_ids":["59f4bddb7bd9b920829d213d"]}