{"start_time":1545552385000,"end_time":1545556145000,"created_at":1558165584000,"updated_at":1558166813000,"start_time_timezone_offset":3600000,"end_time_timezone_offset":3600000,"distance":10160,"duration":3759000,"elevation_gain":393,"elevation_loss":379,"average_speed":9.73,"calories":858,"max_speed":16.232037,"pause_duration":1000,"duration_per_km":369980,"temperature":10.0,"pulse_avg":172,"pulse_max":185,"avg_cadence":0,"max_cadence":0,"manual":false,"edited":false,"completed":true,"live_tracking_active":false,"live_tracking_enabled":false,"cheering_enabled":false,"indoor":false,"id":"008b0a43-585f-4df0-89fa-d4d087af1b58","weather_condition_id":"1","surface_id":"1","subjective_feeling_id":"1","sport_type_id":"1","user_equipment_ids":["59f4bddb7bd9b920829d213d"]}