{"start_time":1515836588000,"end_time":1515839952000,"created_at":1527011958000,"updated_at":1527012407000,"start_time_timezone_offset":3600000,"end_time_timezone_offset":3600000,"distance":10120,"duration":3352000,"elevation_gain":331,"elevation_loss":383,"average_speed":10.869,"calories":0,"max_speed":16.97516,"pause_duration":12000,"duration_per_km":331225,"temperature":3.0,"pulse_avg":166,"pulse_max":183,"avg_cadence":0,"max_cadence":0,"manual":false,"edited":false,"completed":true,"live_tracking_active":false,"live_tracking_enabled":false,"cheering_enabled":false,"indoor":false,"id":"2981119e-e32f-4f43-ac31-c51b6674ea1a","weather_condition_id":"1","surface_id":"1","subjective_feeling_id":"2","sport_type_id":"1","user_equipment_ids":["59f4bddb7bd9b920829d213d"]}