{"start_time":1549695758000,"end_time":1549699661000,"created_at":1558165910000,"updated_at":1558166914000,"start_time_timezone_offset":3600000,"end_time_timezone_offset":3600000,"distance":11300,"duration":3900000,"elevation_gain":489,"elevation_loss":510,"average_speed":10.431,"calories":827,"max_speed":22.79149,"pause_duration":3000,"duration_per_km":345133,"temperature":10.0,"pulse_avg":162,"pulse_max":177,"avg_cadence":0,"max_cadence":0,"manual":false,"edited":false,"completed":true,"live_tracking_active":false,"live_tracking_enabled":false,"cheering_enabled":false,"indoor":false,"id":"4f9a8fc5-433d-43f2-be18-041b6c28789a","weather_condition_id":"2","surface_id":"1","subjective_feeling_id":"1","sport_type_id":"1","user_equipment_ids":["59f4bddb7bd9b920829d213d"]}