{"start_time":1553324244000,"end_time":1553327726000,"created_at":1558165910000,"updated_at":1558167011000,"start_time_timezone_offset":3600000,"end_time_timezone_offset":3600000,"distance":10110,"duration":3480000,"elevation_gain":392,"elevation_loss":400,"average_speed":10.459,"calories":759,"max_speed":15.30396,"pause_duration":2000,"duration_per_km":344214,"temperature":12.0,"pulse_avg":163,"pulse_max":178,"avg_cadence":0,"max_cadence":0,"manual":false,"edited":false,"completed":true,"live_tracking_active":false,"live_tracking_enabled":false,"cheering_enabled":false,"indoor":false,"id":"3d840185-6656-41f9-8141-01ba51da56e3","weather_condition_id":"1","surface_id":"1","subjective_feeling_id":"1","sport_type_id":"1","user_equipment_ids":["59f4bddb7bd9b920829d213d"]}