{"start_time":1550906763000,"end_time":1550911749000,"created_at":1558165633000,"updated_at":1558166948000,"start_time_timezone_offset":3600000,"end_time_timezone_offset":3600000,"distance":14330,"duration":4985000,"elevation_gain":469,"elevation_loss":451,"average_speed":10.349,"calories":1113,"max_speed":15.87149,"pause_duration":1000,"duration_per_km":347872,"temperature":10.0,"pulse_avg":170,"pulse_max":187,"avg_cadence":0,"max_cadence":0,"manual":false,"edited":false,"completed":true,"live_tracking_active":false,"live_tracking_enabled":false,"cheering_enabled":false,"indoor":false,"id":"24e5be3e-efd3-4772-8016-f72f60957a33","weather_condition_id":"2","surface_id":"2","subjective_feeling_id":"1","sport_type_id":"1","user_equipment_ids":["59f4bddb7bd9b920829d213d"]}