{"start_time":1556949869000,"end_time":1556953202000,"created_at":1558165940000,"updated_at":1558167118000,"start_time_timezone_offset":7200000,"end_time_timezone_offset":7200000,"distance":10120,"duration":3330000,"elevation_gain":366,"elevation_loss":383,"average_speed":10.941,"calories":730,"max_speed":16.020834,"pause_duration":3000,"duration_per_km":329051,"temperature":14.0,"pulse_avg":166,"pulse_max":186,"avg_cadence":0,"max_cadence":0,"manual":false,"edited":false,"completed":true,"live_tracking_active":false,"live_tracking_enabled":false,"cheering_enabled":false,"indoor":false,"id":"20bc3e89-b556-4690-9aec-201c241e799f","weather_condition_id":"1","surface_id":"2","subjective_feeling_id":"1","sport_type_id":"1","user_equipment_ids":["59f4bddb7bd9b920829d213d"]}