{"start_time":1556348829000,"end_time":1556352298000,"created_at":1558165940000,"updated_at":1558167101000,"start_time_timezone_offset":7200000,"end_time_timezone_offset":7200000,"distance":10160,"duration":3467000,"elevation_gain":409,"elevation_loss":424,"average_speed":10.55,"calories":710,"max_speed":14.076222,"pause_duration":2000,"duration_per_km":341240,"temperature":15.0,"pulse_avg":155,"pulse_max":174,"avg_cadence":0,"max_cadence":0,"manual":false,"edited":false,"completed":true,"live_tracking_active":false,"live_tracking_enabled":false,"cheering_enabled":false,"indoor":false,"id":"54a14ca3-a7c7-40cb-bb10-0f58113e6785","weather_condition_id":"1","surface_id":"2","subjective_feeling_id":"1","sport_type_id":"1","user_equipment_ids":["59f4bddb7bd9b920829d213d"]}