[{"version":1,"timestamp":"2015-12-30 12:25:39 UTC","elevation":138,"source_type":11,"duration":15364,"distance":0,"elevation_gain":0,"elevation_loss":0},
{"version":1,"timestamp":"2015-12-30 12:27:26 UTC","elevation":138,"source_type":11,"duration":46398,"distance":23,"elevation_gain":0,"elevation_loss":0},
{"version":1,"timestamp":"2015-12-30 12:27:28 UTC","elevation":138,"source_type":11,"duration":48356,"distance":23,"elevation_gain":0,"elevation_loss":0},
{"version":1,"timestamp":"2015-12-30 12:27:30 UTC","elevation":138,"source_type":11,"duration":50350,"distance":23,"elevation_gain":0,"elevation_loss":0},
{"version":1,"timestamp":"2015-12-30 12:27:32 UTC","elevation":138,"source_type":11,"duration":52353,"distance":23,"elevation_gain":0,"elevation_loss":0},
{"version":1,"timestamp":"2015-12-30 12:27:39 UTC","elevation":138,"source_type":11,"duration":54347,"distance":32,"elevation_gain":0,"elevation_loss":0},
{"version":1,"timestamp":"2015-12-30 12:27:43 UTC","elevation":138,"source_type":11,"duration":58341,"distance":39,"elevation_gain":0,"elevation_loss":0},
{"version":1,"timestamp":"2015-12-30 12:27:45 UTC","elevation":138,"source_type":11,"duration":60352,"distance":39,"elevation_gain":0,"elevation_loss":0},
{"version":1,"timestamp":"2015-12-30 12:27:47 UTC","elevation":139,"source_type":11,"duration":62345,"distance":49,"elevation_gain":0,"elevation_loss":0},
{"version":1,"timestamp":"2015-12-30 12:27:51 UTC","elevation":139,"source_type":11,"duration":66349,"distance":59,"elevation_gain":0,"elevation_loss":0},
{"version":1,"timestamp":"2015-12-30 12:27:53 UTC","elevation":139,"source_type":11,"duration":68350,"distance":59,"elevation_gain":0,"elevation_loss":0},
{"version":1,"timestamp":"2015-12-30 12:27:55 UTC","elevation":139,"source_type":11,"duration":70344,"distance":59,"elevation_gain":0,"elevation_loss":0},
{"version":1,"timestamp":"2015-12-30 12:27:57 UTC","elevation":139,"source_type":11,"duration":72348,"distance":59,"elevation_gain":0,"elevation_loss":0},
{"version":1,"timestamp":"2015-12-30 12:27:59 UTC","elevation":139,"source_type":11,"duration":74331,"distance":59,"elevation_gain":0,"elevation_loss":0},
{"version":1,"timestamp":"2015-12-30 12:28:05 UTC","elevation":138,"source_type":11,"duration":75328,"distance":90,"elevation_gain":0,"elevation_loss":0},
{"version":1,"timestamp":"2015-12-30 12:28:09 UTC","elevation":138,"source_type":11,"duration":79336,"distance":97,"elevation_gain":0,"elevation_loss":0},
{"version":1,"timestamp":"2015-12-30 12:28:11 UTC","elevation":138,"source_type":11,"duration":81345,"distance":97,"elevation_gain":0,"elevation_loss":0},
{"version":1,"timestamp":"2015-12-30 12:28:13 UTC","elevation":138,"source_type":11,"duration":83336,"distance":104,"elevation_gain":0,"elevation_loss":0},
{"version":1,"timestamp":"2015-12-30 12:28:15 UTC","elevation":138,"source_type":11,"duration":85327,"distance":104,"elevation_gain":0,"elevation_loss":0},
{"version":1,"timestamp":"2015-12-30 12:28:17 UTC","elevation":138,"source_type":11,"duration":87327,"distance":104,"elevation_gain":0,"elevation_loss":0},
{"version":1,"timestamp":"2015-12-30 12:28:42 UTC","elevation":138,"source_type":11,"duration":92321,"distance":114,"elevation_gain":0,"elevation_loss":0},
{"version":1,"timestamp":"2015-12-30 12:28:44 UTC","elevation":138,"source_type":11,"duration":94306,"distance":114,"elevation_gain":0,"elevation_loss":0},
{"version":1,"timestamp":"2015-12-30 12:28:46 UTC","elevation":138,"source_type":11,"duration":96317,"distance":114,"elevation_gain":0,"elevation_loss":0},
{"version":1,"timestamp":"2015-12-30 12:28:54 UTC","elevation":138,"source_type":11,"duration":98323,"distance":121,"elevation_gain":0,"elevation_loss":0},
{"version":1,"timestamp":"2015-12-30 12:29:00 UTC","elevation":138,"source_type":11,"duration":104325,"distance":129,"elevation_gain":0,"elevation_loss":0},
{"version":1,"timestamp":"2015-12-30 12:29:06 UTC","elevation":138,"source_type":11,"duration":110323,"distance":129,"elevation_gain":0,"elevation_loss":0},
{"version":1,"timestamp":"2015-12-30 12:29:08 UTC","elevation":138,"source_type":11,"duration":112322,"distance":129,"elevation_gain":0,"elevation_loss":0},
{"version":1,"timestamp":"2015-12-30 12:29:25 UTC","elevation":138,"source_type":11,"duration":115321,"distance":141,"elevation_gain":0,"elevation_loss":0},
{"version":1,"timestamp":"2015-12-30 12:29:27 UTC","elevation":138,"source_type":11,"duration":117337,"distance":141,"elevation_gain":0,"elevation_loss":0},
{"version":1,"timestamp":"2015-12-30 12:29:29 UTC","elevation":138,"source_type":11,"duration":119318,"distance":141,"elevation_gain":0,"elevation_loss":0},
{"version":1,"timestamp":"2015-12-30 12:29:31 UTC","elevation":138,"source_type":11,"duration":121325,"distance":141,"elevation_gain":0,"elevation_loss":0},
{"version":1,"timestamp":"2015-12-30 12:29:33 UTC","elevation":138,"source_type":11,"duration":123325,"distance":149,"elevation_gain":0,"elevation_loss":0},
{"version":1,"timestamp":"2015-12-30 12:29:39 UTC","elevation":138,"source_type":11,"duration":129330,"distance":156,"elevation_gain":0,"elevation_loss":0},
{"version":1,"timestamp":"2015-12-30 12:29:45 UTC","elevation":138,"source_type":11,"duration":135345,"distance":163,"elevation_gain":0,"elevation_loss":0},
{"version":1,"timestamp":"2015-12-30 12:29:51 UTC","elevation":138,"source_type":11,"duration":141329,"distance":170,"elevation_gain":0,"elevation_loss":0},
{"version":1,"timestamp":"2015-12-30 12:29:53 UTC","elevation":138,"source_type":11,"duration":143332,"distance":170,"elevation_gain":0,"elevation_loss":0},
{"version":1,"timestamp":"2015-12-30 12:29:55 UTC","elevation":138,"source_type":11,"duration":145454,"distance":170,"elevation_gain":0,"elevation_loss":0},
{"version":1,"timestamp":"2015-12-30 12:29:57 UTC","elevation":138,"source_type":11,"duration":147335,"distance":177,"elevation_gain":0,"elevation_loss":0},
{"version":1,"timestamp":"2015-12-30 12:30:03 UTC","elevation":138,"source_type":11,"duration":153321,"distance":185,"elevation_gain":0,"elevation_loss":0},
{"version":1,"timestamp":"2015-12-30 12:30:05 UTC","elevation":138,"source_type":11,"duration":155326,"distance":185,"elevation_gain":0,"elevation_loss":0},
{"version":1,"timestamp":"2015-12-30 12:30:07 UTC","elevation":138,"source_type":11,"duration":157437,"distance":185,"elevation_gain":0,"elevation_loss":0},
{"version":1,"timestamp":"2015-12-30 12:30:09 UTC","elevation":138,"source_type":11,"duration":159319,"distance":185,"elevation_gain":0,"elevation_loss":0},
{"version":1,"timestamp":"2015-12-30 12:30:11 UTC","elevation":137,"source_type":11,"duration":161328,"distance":192,"elevation_gain":0,"elevation_loss":0},
{"version":1,"timestamp":"2015-12-30 12:30:17 UTC","elevation":137,"source_type":11,"duration":167325,"distance":199,"elevation_gain":0,"elevation_loss":0},
{"version":1,"timestamp":"2015-12-30 12:30:23 UTC","elevation":137,"source_type":11,"duration":173323,"distance":207,"elevation_gain":0,"elevation_loss":0},
{"version":1,"timestamp":"2015-12-30 12:30:29 UTC","elevation":137,"source_type":11,"duration":179393,"distance":215,"elevation_gain":0,"elevation_loss":0},
{"version":1,"timestamp":"2015-12-30 12:30:31 UTC","elevation":137,"source_type":11,"duration":181334,"distance":215,"elevation_gain":0,"elevation_loss":0},
{"version":1,"timestamp":"2015-12-30 12:30:33 UTC","elevation":137,"source_type":11,"duration":183318,"distance":215,"elevation_gain":0,"elevation_loss":0},
{"version":1,"timestamp":"2015-12-30 12:30:35 UTC","elevation":137,"source_type":11,"duration":185329,"distance":222,"elevation_gain":0,"elevation_loss":0},
{"version":1,"timestamp":"2015-12-30 12:30:37 UTC","elevation":137,"source_type":11,"duration":187326,"distance":222,"elevation_gain":0,"elevation_loss":0},
{"version":1,"timestamp":"2015-12-30 12:30:41 UTC","elevation":137,"source_type":11,"duration":191335,"distance":229,"elevation_gain":0,"elevation_loss":0},
{"version":1,"timestamp":"2015-12-30 12:30:49 UTC","elevation":137,"source_type":11,"duration":199322,"distance":229,"elevation_gain":0,"elevation_loss":0},
{"version":1,"timestamp":"2015-12-30 12:30:51 UTC","elevation":137,"source_type":11,"duration":201329,"distance":229,"elevation_gain":0,"elevation_loss":0},
{"version":1,"timestamp":"2015-12-30 12:31:03 UTC","elevation":137,"source_type":11,"duration":204293,"distance":242,"elevation_gain":0,"elevation_loss":0},
{"version":1,"timestamp":"2015-12-30 12:31:09 UTC","elevation":136,"source_type":11,"duration":210304,"distance":250,"elevation_gain":0,"elevation_loss":0},
{"version":1,"timestamp":"2015-12-30 12:31:15 UTC","elevation":136,"source_type":11,"duration":216338,"distance":258,"elevation_gain":0,"elevation_loss":0},
{"version":1,"timestamp":"2015-12-30 12:31:19 UTC","elevation":136,"source_type":11,"duration":220312,"distance":258,"elevation_gain":0,"elevation_loss":0},
{"version":1,"timestamp":"2015-12-30 12:31:21 UTC","elevation":136,"source_type":11,"duration":222310,"distance":265,"elevation_gain":0,"elevation_loss":0},
{"version":1,"timestamp":"2015-12-30 12:31:23 UTC","elevation":136,"source_type":11,"duration":224299,"distance":265,"elevation_gain":0,"elevation_loss":0},
{"version":1,"timestamp":"2015-12-30 12:31:27 UTC","elevation":136,"source_type":11,"duration":228306,"distance":273,"elevation_gain":0,"elevation_loss":0},
{"version":1,"timestamp":"2015-12-30 12:31:31 UTC","elevation":136,"source_type":11,"duration":232315,"distance":273,"elevation_gain":0,"elevation_loss":0},
{"version":1,"timestamp":"2015-12-30 12:31:33 UTC","elevation":136,"source_type":11,"duration":234307,"distance":273,"elevation_gain":0,"elevation_loss":0},
{"version":1,"timestamp":"2015-12-30 12:31:35 UTC","elevation":136,"source_type":11,"duration":236310,"distance":273,"elevation_gain":0,"elevation_loss":0},
{"version":1,"timestamp":"2015-12-30 12:31:37 UTC","elevation":136,"source_type":11,"duration":238304,"distance":281,"elevation_gain":0,"elevation_loss":0},
{"version":1,"timestamp":"2015-12-30 12:31:43 UTC","elevation":135,"source_type":11,"duration":244316,"distance":289,"elevation_gain":0,"elevation_loss":0},
{"version":1,"timestamp":"2015-12-30 12:31:45 UTC","elevation":135,"source_type":11,"duration":246308,"distance":289,"elevation_gain":0,"elevation_loss":0},
{"version":1,"timestamp":"2015-12-30 12:31:47 UTC","elevation":135,"source_type":11,"duration":248314,"distance":289,"elevation_gain":0,"elevation_loss":0},
{"version":1,"timestamp":"2015-12-30 12:31:49 UTC","elevation":135,"source_type":11,"duration":250306,"distance":297,"elevation_gain":0,"elevation_loss":0},
{"version":1,"timestamp":"2015-12-30 12:31:55 UTC","elevation":135,"source_type":11,"duration":256297,"distance":305,"elevation_gain":0,"elevation_loss":0},
{"version":1,"timestamp":"2015-12-30 12:32:01 UTC","elevation":135,"source_type":11,"duration":262303,"distance":312,"elevation_gain":0,"elevation_loss":0},
{"version":1,"timestamp":"2015-12-30 12:32:07 UTC","elevation":135,"source_type":11,"duration":268314,"distance":319,"elevation_gain":0,"elevation_loss":0},
{"version":1,"timestamp":"2015-12-30 12:32:09 UTC","elevation":135,"source_type":11,"duration":270296,"distance":319,"elevation_gain":0,"elevation_loss":0},
{"version":1,"timestamp":"2015-12-30 12:32:11 UTC","elevation":135,"source_type":11,"duration":272314,"distance":319,"elevation_gain":0,"elevation_loss":0},
{"version":1,"timestamp":"2015-12-30 12:32:13 UTC","elevation":135,"source_type":11,"duration":274301,"distance":319,"elevation_gain":0,"elevation_loss":0},
{"version":1,"timestamp":"2015-12-30 12:32:25 UTC","elevation":136,"source_type":11,"duration":286333,"distance":328,"elevation_gain":0,"elevation_loss":0},
{"version":1,"timestamp":"2015-12-30 12:32:27 UTC","elevation":136,"source_type":11,"duration":288310,"distance":334,"elevation_gain":0,"elevation_loss":0},
{"version":1,"timestamp":"2015-12-30 12:32:29 UTC","elevation":137,"source_type":11,"duration":290304,"distance":337,"elevation_gain":0,"elevation_loss":0},
{"version":1,"timestamp":"2015-12-30 12:32:31 UTC","elevation":137,"source_type":11,"duration":292311,"distance":337,"elevation_gain":0,"elevation_loss":0},
{"version":1,"timestamp":"2015-12-30 12:32:33 UTC","elevation":137,"source_type":11,"duration":294301,"distance":341,"elevation_gain":0,"elevation_loss":0},
{"version":1,"timestamp":"2015-12-30 12:32:35 UTC","elevation":137,"source_type":11,"duration":296315,"distance":345,"elevation_gain":0,"elevation_loss":0},
{"version":1,"timestamp":"2015-12-30 12:32:37 UTC","elevation":137,"source_type":11,"duration":298310,"distance":345,"elevation_gain":0,"elevation_loss":0},
{"version":1,"timestamp":"2015-12-30 12:32:39 UTC","elevation":137,"source_type":11,"duration":300303,"distance":345,"elevation_gain":0,"elevation_loss":0},
{"version":1,"timestamp":"2015-12-30 12:32:45 UTC","elevation":138,"source_type":11,"duration":306306,"distance":352,"elevation_gain":0,"elevation_loss":0},
{"version":1,"timestamp":"2015-12-30 12:32:47 UTC","elevation":138,"source_type":11,"duration":308308,"distance":356,"elevation_gain":0,"elevation_loss":0},
{"version":1,"timestamp":"2015-12-30 12:32:49 UTC","elevation":138,"source_type":11,"duration":310297,"distance":360,"elevation_gain":0,"elevation_loss":0},
{"version":1,"timestamp":"2015-12-30 12:32:53 UTC","elevation":139,"source_type":11,"duration":314313,"distance":364,"elevation_gain":0,"elevation_loss":0},
{"version":1,"timestamp":"2015-12-30 12:32:55 UTC","elevation":139,"source_type":11,"duration":316294,"distance":367,"elevation_gain":0,"elevation_loss":0},
{"version":1,"timestamp":"2015-12-30 12:32:59 UTC","elevation":139,"source_type":11,"duration":320296,"distance":371,"elevation_gain":0,"elevation_loss":0},
{"version":1,"timestamp":"2015-12-30 12:33:01 UTC","elevation":139,"source_type":11,"duration":322303,"distance":374,"elevation_gain":0,"elevation_loss":0},
{"version":1,"timestamp":"2015-12-30 12:33:05 UTC","elevation":139,"source_type":11,"duration":326310,"distance":377,"elevation_gain":0,"elevation_loss":0},
{"version":1,"timestamp":"2015-12-30 12:33:09 UTC","elevation":139,"source_type":11,"duration":330298,"distance":381,"elevation_gain":0,"elevation_loss":0},
{"version":1,"timestamp":"2015-12-30 12:33:13 UTC","elevation":139,"source_type":11,"duration":334302,"distance":385,"elevation_gain":0,"elevation_loss":0},
{"version":1,"timestamp":"2015-12-30 12:33:17 UTC","elevation":139,"source_type":11,"duration":338314,"distance":389,"elevation_gain":0,"elevation_loss":0},
{"version":1,"timestamp":"2015-12-30 12:33:21 UTC","elevation":140,"source_type":11,"duration":342302,"distance":394,"elevation_gain":0,"elevation_loss":0},
{"version":1,"timestamp":"2015-12-30 12:33:25 UTC","elevation":140,"source_type":11,"duration":346308,"distance":398,"elevation_gain":0,"elevation_loss":0},
{"version":1,"timestamp":"2015-12-30 12:33:27 UTC","elevation":140,"source_type":11,"duration":348309,"distance":402,"elevation_gain":0,"elevation_loss":0},
{"version":1,"timestamp":"2015-12-30 12:33:31 UTC","elevation":140,"source_type":11,"duration":352300,"distance":406,"elevation_gain":0,"elevation_loss":0},
{"version":1,"timestamp":"2015-12-30 12:33:33 UTC","elevation":140,"source_type":11,"duration":354316,"distance":410,"elevation_gain":0,"elevation_loss":0},
{"version":1,"timestamp":"2015-12-30 12:33:37 UTC","elevation":140,"source_type":11,"duration":358309,"distance":414,"elevation_gain":0,"elevation_loss":0},
{"version":1,"timestamp":"2015-12-30 12:33:39 UTC","elevation":140,"source_type":11,"duration":360297,"distance":417,"elevation_gain":0,"elevation_loss":0},
{"version":1,"timestamp":"2015-12-30 12:33:45 UTC","elevation":140,"source_type":11,"duration":366298,"distance":421,"elevation_gain":0,"elevation_loss":0},
{"version":1,"timestamp":"2015-12-30 12:33:49 UTC","elevation":140,"source_type":11,"duration":370296,"distance":421,"elevation_gain":0,"elevation_loss":0},
{"version":1,"timestamp":"2015-12-30 12:33:51 UTC","elevation":140,"source_type":11,"duration":372301,"distance":421,"elevation_gain":0,"elevation_loss":0},
{"version":1,"timestamp":"2015-12-30 12:34:09 UTC","elevation":141,"source_type":11,"duration":374288,"distance":429,"elevation_gain":0,"elevation_loss":0},
{"version":1,"timestamp":"2015-12-30 12:34:13 UTC","elevation":141,"source_type":11,"duration":378294,"distance":436,"elevation_gain":0,"elevation_loss":0},
{"version":1,"timestamp":"2015-12-30 12:34:15 UTC","elevation":141,"source_type":11,"duration":380299,"distance":436,"elevation_gain":0,"elevation_loss":0},
{"version":1,"timestamp":"2015-12-30 12:34:17 UTC","elevation":141,"source_type":11,"duration":382300,"distance":436,"elevation_gain":0,"elevation_loss":0},
{"version":1,"timestamp":"2015-12-30 12:34:19 UTC","elevation":141,"source_type":11,"duration":384311,"distance":443,"elevation_gain":0,"elevation_loss":0},
{"version":1,"timestamp":"2015-12-30 12:34:27 UTC","elevation":141,"source_type":11,"duration":392300,"distance":451,"elevation_gain":0,"elevation_loss":0},
{"version":1,"timestamp":"2015-12-30 12:34:33 UTC","elevation":141,"source_type":11,"duration":398307,"distance":457,"elevation_gain":0,"elevation_loss":0},
{"version":1,"timestamp":"2015-12-30 12:34:35 UTC","elevation":141,"source_type":11,"duration":400305,"distance":457,"elevation_gain":0,"elevation_loss":0},
{"version":1,"timestamp":"2015-12-30 12:34:37 UTC","elevation":141,"source_type":11,"duration":402298,"distance":457,"elevation_gain":0,"elevation_loss":0},
{"version":1,"timestamp":"2015-12-30 12:34:39 UTC","elevation":142,"source_type":11,"duration":404288,"distance":463,"elevation_gain":0,"elevation_loss":0},
{"version":1,"timestamp":"2015-12-30 12:34:41 UTC","elevation":142,"source_type":11,"duration":406297,"distance":463,"elevation_gain":0,"elevation_loss":0},
{"version":1,"timestamp":"2015-12-30 12:34:47 UTC","elevation":142,"source_type":11,"duration":412306,"distance":463,"elevation_gain":0,"elevation_loss":0},
{"version":1,"timestamp":"2015-12-30 12:34:49 UTC","elevation":142,"source_type":11,"duration":414290,"distance":463,"elevation_gain":0,"elevation_loss":0},
{"version":1,"timestamp":"2015-12-30 12:35:13 UTC","elevation":142,"source_type":11,"duration":416275,"distance":482,"elevation_gain":0,"elevation_loss":0},
{"version":1,"timestamp":"2015-12-30 12:35:17 UTC","elevation":143,"source_type":11,"duration":420283,"distance":488,"elevation_gain":0,"elevation_loss":0},
{"version":1,"timestamp":"2015-12-30 12:35:19 UTC","elevation":143,"source_type":11,"duration":422276,"distance":488,"elevation_gain":0,"elevation_loss":0},
{"version":1,"timestamp":"2015-12-30 12:35:21 UTC","elevation":143,"source_type":11,"duration":424288,"distance":495,"elevation_gain":0,"elevation_loss":0},
{"version":1,"timestamp":"2015-12-30 12:35:25 UTC","elevation":143,"source_type":11,"duration":428282,"distance":503,"elevation_gain":0,"elevation_loss":0},
{"version":1,"timestamp":"2015-12-30 12:35:29 UTC","elevation":143,"source_type":11,"duration":432277,"distance":511,"elevation_gain":5,"elevation_loss":0},
{"version":1,"timestamp":"2015-12-30 12:35:33 UTC","elevation":144,"source_type":11,"duration":436286,"distance":518,"elevation_gain":5,"elevation_loss":0},
{"version":1,"timestamp":"2015-12-30 12:35:39 UTC","elevation":144,"source_type":11,"duration":442274,"distance":526,"elevation_gain":5,"elevation_loss":0},
{"version":1,"timestamp":"2015-12-30 12:35:43 UTC","elevation":144,"source_type":11,"duration":446276,"distance":526,"elevation_gain":5,"elevation_loss":0},
{"version":1,"timestamp":"2015-12-30 12:35:45 UTC","elevation":144,"source_type":11,"duration":448283,"distance":533,"elevation_gain":5,"elevation_loss":0},
{"version":1,"timestamp":"2015-12-30 12:35:47 UTC","elevation":144,"source_type":11,"duration":450287,"distance":533,"elevation_gain":5,"elevation_loss":0},
{"version":1,"timestamp":"2015-12-30 12:35:49 UTC","elevation":144,"source_type":11,"duration":452282,"distance":533,"elevation_gain":5,"elevation_loss":0},
{"version":1,"timestamp":"2015-12-30 12:35:53 UTC","elevation":145,"source_type":11,"duration":456282,"distance":540,"elevation_gain":6,"elevation_loss":0},
{"version":1,"timestamp":"2015-12-30 12:35:59 UTC","elevation":145,"source_type":11,"duration":462279,"distance":547,"elevation_gain":6,"elevation_loss":0},
{"version":1,"timestamp":"2015-12-30 12:36:05 UTC","elevation":145,"source_type":11,"duration":468303,"distance":553,"elevation_gain":6,"elevation_loss":0},
{"version":1,"timestamp":"2015-12-30 12:36:11 UTC","elevation":145,"source_type":11,"duration":474283,"distance":560,"elevation_gain":7,"elevation_loss":0},
{"version":1,"timestamp":"2015-12-30 12:36:13 UTC","elevation":145,"source_type":11,"duration":476285,"distance":560,"elevation_gain":7,"elevation_loss":0},
{"version":1,"timestamp":"2015-12-30 12:36:15 UTC","elevation":145,"source_type":11,"duration":478285,"distance":560,"elevation_gain":7,"elevation_loss":0},
{"version":1,"timestamp":"2015-12-30 12:36:17 UTC","elevation":145,"source_type":11,"duration":480288,"distance":567,"elevation_gain":7,"elevation_loss":0},
{"version":1,"timestamp":"2015-12-30 12:36:23 UTC","elevation":145,"source_type":11,"duration":486275,"distance":575,"elevation_gain":7,"elevation_loss":0},
{"version":1,"timestamp":"2015-12-30 12:36:29 UTC","elevation":145,"source_type":11,"duration":492275,"distance":582,"elevation_gain":7,"elevation_loss":0},
{"version":1,"timestamp":"2015-12-30 12:36:35 UTC","elevation":145,"source_type":11,"duration":498287,"distance":589,"elevation_gain":7,"elevation_loss":0},
{"version":1,"timestamp":"2015-12-30 12:36:41 UTC","elevation":145,"source_type":11,"duration":504281,"distance":597,"elevation_gain":7,"elevation_loss":0},
{"version":1,"timestamp":"2015-12-30 12:36:43 UTC","elevation":145,"source_type":11,"duration":506278,"distance":597,"elevation_gain":7,"elevation_loss":0},
{"version":1,"timestamp":"2015-12-30 12:36:45 UTC","elevation":145,"source_type":11,"duration":508289,"distance":597,"elevation_gain":7,"elevation_loss":0},
{"version":1,"timestamp":"2015-12-30 12:36:51 UTC","elevation":145,"source_type":11,"duration":514277,"distance":600,"elevation_gain":7,"elevation_loss":0},
{"version":1,"timestamp":"2015-12-30 12:36:55 UTC","elevation":145,"source_type":11,"duration":518288,"distance":604,"elevation_gain":7,"elevation_loss":0},
{"version":1,"timestamp":"2015-12-30 12:36:59 UTC","elevation":145,"source_type":11,"duration":522280,"distance":609,"elevation_gain":7,"elevation_loss":0},
{"version":1,"timestamp":"2015-12-30 12:37:03 UTC","elevation":145,"source_type":11,"duration":526270,"distance":613,"elevation_gain":7,"elevation_loss":0},
{"version":1,"timestamp":"2015-12-30 12:37:07 UTC","elevation":145,"source_type":11,"duration":530555,"distance":617,"elevation_gain":7,"elevation_loss":0},
{"version":1,"timestamp":"2015-12-30 12:37:11 UTC","elevation":144,"source_type":11,"duration":534281,"distance":622,"elevation_gain":7,"elevation_loss":0},
{"version":1,"timestamp":"2015-12-30 12:37:13 UTC","elevation":144,"source_type":11,"duration":536279,"distance":626,"elevation_gain":7,"elevation_loss":0},
{"version":1,"timestamp":"2015-12-30 12:37:17 UTC","elevation":144,"source_type":11,"duration":540295,"distance":630,"elevation_gain":7,"elevation_loss":0},
{"version":1,"timestamp":"2015-12-30 12:37:21 UTC","elevation":144,"source_type":11,"duration":544286,"distance":634,"elevation_gain":7,"elevation_loss":0},
{"version":1,"timestamp":"2015-12-30 12:37:25 UTC","elevation":144,"source_type":11,"duration":548273,"distance":638,"elevation_gain":7,"elevation_loss":0},
{"version":1,"timestamp":"2015-12-30 12:37:29 UTC","elevation":143,"source_type":11,"duration":552337,"distance":642,"elevation_gain":7,"elevation_loss":0},
{"version":1,"timestamp":"2015-12-30 12:37:33 UTC","elevation":143,"source_type":11,"duration":556289,"distance":647,"elevation_gain":7,"elevation_loss":0},
{"version":1,"timestamp":"2015-12-30 12:37:35 UTC","elevation":143,"source_type":11,"duration":558275,"distance":647,"elevation_gain":7,"elevation_loss":0},
{"version":1,"timestamp":"2015-12-30 12:37:37 UTC","elevation":143,"source_type":11,"duration":560275,"distance":651,"elevation_gain":7,"elevation_loss":0},
{"version":1,"timestamp":"2015-12-30 12:37:39 UTC","elevation":143,"source_type":11,"duration":562279,"distance":655,"elevation_gain":7,"elevation_loss":0},
{"version":1,"timestamp":"2015-12-30 12:37:43 UTC","elevation":143,"source_type":11,"duration":566284,"distance":659,"elevation_gain":7,"elevation_loss":0},
{"version":1,"timestamp":"2015-12-30 12:37:47 UTC","elevation":142,"source_type":11,"duration":570280,"distance":664,"elevation_gain":7,"elevation_loss":0},
{"version":1,"timestamp":"2015-12-30 12:37:49 UTC","elevation":142,"source_type":11,"duration":572272,"distance":667,"elevation_gain":7,"elevation_loss":0},
{"version":1,"timestamp":"2015-12-30 12:37:53 UTC","elevation":142,"source_type":11,"duration":576274,"distance":672,"elevation_gain":7,"elevation_loss":0},
{"version":1,"timestamp":"2015-12-30 12:37:57 UTC","elevation":142,"source_type":11,"duration":580291,"distance":676,"elevation_gain":7,"elevation_loss":0},
{"version":1,"timestamp":"2015-12-30 12:38:01 UTC","elevation":142,"source_type":11,"duration":584282,"distance":681,"elevation_gain":7,"elevation_loss":0},
{"version":1,"timestamp":"2015-12-30 12:38:03 UTC","elevation":142,"source_type":11,"duration":586279,"distance":681,"elevation_gain":7,"elevation_loss":0},
{"version":1,"timestamp":"2015-12-30 12:38:05 UTC","elevation":142,"source_type":11,"duration":588284,"distance":681,"elevation_gain":7,"elevation_loss":0},
{"version":1,"timestamp":"2015-12-30 12:38:07 UTC","elevation":142,"source_type":11,"duration":590284,"distance":681,"elevation_gain":7,"elevation_loss":0},
{"version":1,"timestamp":"2015-12-30 12:38:14 UTC","elevation":141,"source_type":11,"duration":592266,"distance":695,"elevation_gain":7,"elevation_loss":0},
{"version":1,"timestamp":"2015-12-30 12:38:21 UTC","elevation":141,"source_type":11,"duration":599272,"distance":702,"elevation_gain":7,"elevation_loss":0},
{"version":1,"timestamp":"2015-12-30 12:38:29 UTC","elevation":140,"source_type":11,"duration":607269,"distance":711,"elevation_gain":7,"elevation_loss":5},
{"version":1,"timestamp":"2015-12-30 12:38:33 UTC","elevation":140,"source_type":11,"duration":611275,"distance":711,"elevation_gain":7,"elevation_loss":5},
{"version":1,"timestamp":"2015-12-30 12:38:35 UTC","elevation":140,"source_type":11,"duration":613282,"distance":718,"elevation_gain":7,"elevation_loss":5},
{"version":1,"timestamp":"2015-12-30 12:38:41 UTC","elevation":140,"source_type":11,"duration":619283,"distance":726,"elevation_gain":7,"elevation_loss":5},
{"version":1,"timestamp":"2015-12-30 12:38:47 UTC","elevation":140,"source_type":11,"duration":625283,"distance":733,"elevation_gain":7,"elevation_loss":5},
{"version":1,"timestamp":"2015-12-30 12:38:53 UTC","elevation":140,"source_type":11,"duration":631278,"distance":741,"elevation_gain":7,"elevation_loss":5},
{"version":1,"timestamp":"2015-12-30 12:38:55 UTC","elevation":140,"source_type":11,"duration":633285,"distance":741,"elevation_gain":7,"elevation_loss":5},
{"version":1,"timestamp":"2015-12-30 12:38:57 UTC","elevation":140,"source_type":11,"duration":635436,"distance":741,"elevation_gain":7,"elevation_loss":5},
{"version":1,"timestamp":"2015-12-30 12:38:59 UTC","elevation":140,"source_type":11,"duration":637282,"distance":741,"elevation_gain":7,"elevation_loss":5},
{"version":1,"timestamp":"2015-12-30 12:39:01 UTC","elevation":140,"source_type":11,"duration":639279,"distance":748,"elevation_gain":7,"elevation_loss":5},
{"version":1,"timestamp":"2015-12-30 12:39:09 UTC","elevation":140,"source_type":11,"duration":647272,"distance":757,"elevation_gain":7,"elevation_loss":5},
{"version":1,"timestamp":"2015-12-30 12:39:15 UTC","elevation":140,"source_type":11,"duration":653272,"distance":765,"elevation_gain":7,"elevation_loss":5},
{"version":1,"timestamp":"2015-12-30 12:39:21 UTC","elevation":140,"source_type":11,"duration":659286,"distance":774,"elevation_gain":7,"elevation_loss":5},
{"version":1,"timestamp":"2015-12-30 12:39:27 UTC","elevation":140,"source_type":11,"duration":665290,"distance":782,"elevation_gain":7,"elevation_loss":5},
{"version":1,"timestamp":"2015-12-30 12:39:33 UTC","elevation":140,"source_type":11,"duration":671280,"distance":789,"elevation_gain":7,"elevation_loss":5},
{"version":1,"timestamp":"2015-12-30 12:39:39 UTC","elevation":140,"source_type":11,"duration":677274,"distance":796,"elevation_gain":7,"elevation_loss":5},
{"version":1,"timestamp":"2015-12-30 12:39:45 UTC","elevation":140,"source_type":11,"duration":683282,"distance":800,"elevation_gain":7,"elevation_loss":5},
{"version":1,"timestamp":"2015-12-30 12:39:47 UTC","elevation":140,"source_type":11,"duration":685280,"distance":800,"elevation_gain":7,"elevation_loss":5},
{"version":1,"timestamp":"2015-12-30 12:39:49 UTC","elevation":140,"source_type":11,"duration":687267,"distance":800,"elevation_gain":7,"elevation_loss":5},
{"version":1,"timestamp":"2015-12-30 12:39:51 UTC","elevation":140,"source_type":11,"duration":689282,"distance":800,"elevation_gain":7,"elevation_loss":5},
{"version":1,"timestamp":"2015-12-30 12:39:53 UTC","elevation":140,"source_type":11,"duration":691279,"distance":804,"elevation_gain":7,"elevation_loss":5},
{"version":1,"timestamp":"2015-12-30 12:39:55 UTC","elevation":140,"source_type":11,"duration":693282,"distance":808,"elevation_gain":7,"elevation_loss":5},
{"version":1,"timestamp":"2015-12-30 12:39:57 UTC","elevation":140,"source_type":11,"duration":695276,"distance":811,"elevation_gain":7,"elevation_loss":5},
{"version":1,"timestamp":"2015-12-30 12:40:01 UTC","elevation":140,"source_type":11,"duration":699279,"distance":816,"elevation_gain":7,"elevation_loss":5},
{"version":1,"timestamp":"2015-12-30 12:40:03 UTC","elevation":140,"source_type":11,"duration":701308,"distance":820,"elevation_gain":7,"elevation_loss":5},
{"version":1,"timestamp":"2015-12-30 12:40:07 UTC","elevation":140,"source_type":11,"duration":705278,"distance":824,"elevation_gain":7,"elevation_loss":5},
{"version":1,"timestamp":"2015-12-30 12:40:11 UTC","elevation":140,"source_type":11,"duration":709278,"distance":828,"elevation_gain":7,"elevation_loss":5},
{"version":1,"timestamp":"2015-12-30 12:40:15 UTC","elevation":140,"source_type":11,"duration":713277,"distance":832,"elevation_gain":7,"elevation_loss":5},
{"version":1,"timestamp":"2015-12-30 12:40:19 UTC","elevation":140,"source_type":11,"duration":717277,"distance":836,"elevation_gain":7,"elevation_loss":5},
{"version":1,"timestamp":"2015-12-30 12:40:23 UTC","elevation":140,"source_type":11,"duration":721283,"distance":841,"elevation_gain":7,"elevation_loss":5},
{"version":1,"timestamp":"2015-12-30 12:40:27 UTC","elevation":140,"source_type":11,"duration":725280,"distance":841,"elevation_gain":7,"elevation_loss":5},
{"version":1,"timestamp":"2015-12-30 12:40:29 UTC","elevation":140,"source_type":11,"duration":727277,"distance":841,"elevation_gain":7,"elevation_loss":5},
{"version":1,"timestamp":"2015-12-30 12:40:41 UTC","elevation":140,"source_type":11,"duration":729262,"distance":855,"elevation_gain":7,"elevation_loss":5},
{"version":1,"timestamp":"2015-12-30 12:40:47 UTC","elevation":140,"source_type":11,"duration":735259,"distance":863,"elevation_gain":7,"elevation_loss":5},
{"version":1,"timestamp":"2015-12-30 12:40:53 UTC","elevation":141,"source_type":11,"duration":741249,"distance":871,"elevation_gain":7,"elevation_loss":5},
{"version":1,"timestamp":"2015-12-30 12:40:59 UTC","elevation":141,"source_type":11,"duration":747243,"distance":878,"elevation_gain":7,"elevation_loss":5},
{"version":1,"timestamp":"2015-12-30 12:41:05 UTC","elevation":141,"source_type":11,"duration":753262,"distance":886,"elevation_gain":7,"elevation_loss":5},
{"version":1,"timestamp":"2015-12-30 12:41:13 UTC","elevation":141,"source_type":11,"duration":761245,"distance":894,"elevation_gain":7,"elevation_loss":5},
{"version":1,"timestamp":"2015-12-30 12:41:21 UTC","elevation":141,"source_type":11,"duration":769264,"distance":902,"elevation_gain":7,"elevation_loss":5},
{"version":1,"timestamp":"2015-12-30 12:41:29 UTC","elevation":141,"source_type":11,"duration":777243,"distance":910,"elevation_gain":7,"elevation_loss":5},
{"version":1,"timestamp":"2015-12-30 12:41:35 UTC","elevation":141,"source_type":11,"duration":783258,"distance":917,"elevation_gain":7,"elevation_loss":5},
{"version":1,"timestamp":"2015-12-30 12:41:41 UTC","elevation":141,"source_type":11,"duration":789252,"distance":924,"elevation_gain":7,"elevation_loss":5},
{"version":1,"timestamp":"2015-12-30 12:41:47 UTC","elevation":141,"source_type":11,"duration":795258,"distance":932,"elevation_gain":7,"elevation_loss":5},
{"version":1,"timestamp":"2015-12-30 12:41:53 UTC","elevation":141,"source_type":11,"duration":801250,"distance":940,"elevation_gain":7,"elevation_loss":5},
{"version":1,"timestamp":"2015-12-30 12:41:59 UTC","elevation":141,"source_type":11,"duration":807254,"distance":947,"elevation_gain":7,"elevation_loss":5},
{"version":1,"timestamp":"2015-12-30 12:42:01 UTC","elevation":141,"source_type":11,"duration":809262,"distance":947,"elevation_gain":7,"elevation_loss":5},
{"version":1,"timestamp":"2015-12-30 12:42:03 UTC","elevation":141,"source_type":11,"duration":811248,"distance":947,"elevation_gain":7,"elevation_loss":5},
{"version":1,"timestamp":"2015-12-30 12:42:05 UTC","elevation":141,"source_type":11,"duration":813253,"distance":955,"elevation_gain":7,"elevation_loss":5},
{"version":1,"timestamp":"2015-12-30 12:42:11 UTC","elevation":140,"source_type":11,"duration":819251,"distance":958,"elevation_gain":7,"elevation_loss":5},
{"version":1,"timestamp":"2015-12-30 12:42:13 UTC","elevation":140,"source_type":11,"duration":821267,"distance":962,"elevation_gain":7,"elevation_loss":5},
{"version":1,"timestamp":"2015-12-30 12:42:17 UTC","elevation":140,"source_type":11,"duration":825270,"distance":966,"elevation_gain":7,"elevation_loss":5},
{"version":1,"timestamp":"2015-12-30 12:42:19 UTC","elevation":140,"source_type":11,"duration":827244,"distance":969,"elevation_gain":7,"elevation_loss":5},
{"version":1,"timestamp":"2015-12-30 12:42:23 UTC","elevation":140,"source_type":11,"duration":831261,"distance":973,"elevation_gain":7,"elevation_loss":5},
{"version":1,"timestamp":"2015-12-30 12:42:25 UTC","elevation":140,"source_type":11,"duration":833259,"distance":976,"elevation_gain":7,"elevation_loss":5},
{"version":1,"timestamp":"2015-12-30 12:42:29 UTC","elevation":140,"source_type":11,"duration":837250,"distance":980,"elevation_gain":7,"elevation_loss":5},
{"version":1,"timestamp":"2015-12-30 12:42:31 UTC","elevation":140,"source_type":11,"duration":839253,"distance":984,"elevation_gain":7,"elevation_loss":5},
{"version":1,"timestamp":"2015-12-30 12:42:35 UTC","elevation":139,"source_type":11,"duration":843260,"distance":987,"elevation_gain":7,"elevation_loss":6},
{"version":1,"timestamp":"2015-12-30 12:42:37 UTC","elevation":139,"source_type":11,"duration":845264,"distance":987,"elevation_gain":7,"elevation_loss":6},
{"version":1,"timestamp":"2015-12-30 12:42:39 UTC","elevation":139,"source_type":11,"duration":847247,"distance":991,"elevation_gain":7,"elevation_loss":6},
{"version":1,"timestamp":"2015-12-30 12:42:43 UTC","elevation":139,"source_type":11,"duration":851257,"distance":996,"elevation_gain":7,"elevation_loss":6},
{"version":1,"timestamp":"2015-12-30 12:42:45 UTC","elevation":139,"source_type":11,"duration":853251,"distance":999,"elevation_gain":7,"elevation_loss":6},
{"version":1,"timestamp":"2015-12-30 12:42:49 UTC","elevation":139,"source_type":11,"duration":857250,"distance":1003,"elevation_gain":7,"elevation_loss":6},
{"version":1,"timestamp":"2015-12-30 12:42:51 UTC","elevation":139,"source_type":11,"duration":859253,"distance":1006,"elevation_gain":7,"elevation_loss":6},
{"version":1,"timestamp":"2015-12-30 12:42:55 UTC","elevation":139,"source_type":11,"duration":863303,"distance":1010,"elevation_gain":7,"elevation_loss":6},
{"version":1,"timestamp":"2015-12-30 12:42:57 UTC","elevation":139,"source_type":11,"duration":865253,"distance":1013,"elevation_gain":7,"elevation_loss":6},
{"version":1,"timestamp":"2015-12-30 12:43:01 UTC","elevation":139,"source_type":11,"duration":869390,"distance":1016,"elevation_gain":7,"elevation_loss":6},
{"version":1,"timestamp":"2015-12-30 12:43:03 UTC","elevation":139,"source_type":11,"duration":871255,"distance":1019,"elevation_gain":7,"elevation_loss":6},
{"version":1,"timestamp":"2015-12-30 12:43:07 UTC","elevation":139,"source_type":11,"duration":875262,"distance":1023,"elevation_gain":7,"elevation_loss":6},
{"version":1,"timestamp":"2015-12-30 12:43:11 UTC","elevation":139,"source_type":11,"duration":879240,"distance":1027,"elevation_gain":7,"elevation_loss":6},
{"version":1,"timestamp":"2015-12-30 12:43:13 UTC","elevation":139,"source_type":11,"duration":881240,"distance":1031,"elevation_gain":7,"elevation_loss":6},
{"version":1,"timestamp":"2015-12-30 12:43:17 UTC","elevation":139,"source_type":11,"duration":885240,"distance":1035,"elevation_gain":7,"elevation_loss":6},
{"version":1,"timestamp":"2015-12-30 12:43:19 UTC","elevation":139,"source_type":11,"duration":887241,"distance":1038,"elevation_gain":7,"elevation_loss":6},
{"version":1,"timestamp":"2015-12-30 12:43:23 UTC","elevation":139,"source_type":11,"duration":891240,"distance":1042,"elevation_gain":7,"elevation_loss":6},
{"version":1,"timestamp":"2015-12-30 12:43:25 UTC","elevation":139,"source_type":11,"duration":893249,"distance":1045,"elevation_gain":7,"elevation_loss":6},
{"version":1,"timestamp":"2015-12-30 12:43:29 UTC","elevation":139,"source_type":11,"duration":897258,"distance":1049,"elevation_gain":7,"elevation_loss":6},
{"version":1,"timestamp":"2015-12-30 12:43:33 UTC","elevation":139,"source_type":11,"duration":901243,"distance":1053,"elevation_gain":7,"elevation_loss":6},
{"version":1,"timestamp":"2015-12-30 12:43:35 UTC","elevation":139,"source_type":11,"duration":903246,"distance":1057,"elevation_gain":7,"elevation_loss":6},
{"version":1,"timestamp":"2015-12-30 12:43:37 UTC","elevation":139,"source_type":11,"duration":905258,"distance":1057,"elevation_gain":7,"elevation_loss":6},
{"version":1,"timestamp":"2015-12-30 12:43:39 UTC","elevation":139,"source_type":11,"duration":907246,"distance":1060,"elevation_gain":7,"elevation_loss":6},
{"version":1,"timestamp":"2015-12-30 12:43:41 UTC","elevation":139,"source_type":11,"duration":909260,"distance":1060,"elevation_gain":7,"elevation_loss":6},
{"version":1,"timestamp":"2015-12-30 12:43:43 UTC","elevation":139,"source_type":11,"duration":911252,"distance":1065,"elevation_gain":7,"elevation_loss":6},
{"version":1,"timestamp":"2015-12-30 12:43:45 UTC","elevation":139,"source_type":11,"duration":913255,"distance":1068,"elevation_gain":7,"elevation_loss":6},
{"version":1,"timestamp":"2015-12-30 12:43:49 UTC","elevation":139,"source_type":11,"duration":917252,"distance":1072,"elevation_gain":7,"elevation_loss":6},
{"version":1,"timestamp":"2015-12-30 12:43:53 UTC","elevation":139,"source_type":11,"duration":921459,"distance":1076,"elevation_gain":7,"elevation_loss":6},
{"version":1,"timestamp":"2015-12-30 12:43:55 UTC","elevation":139,"source_type":11,"duration":923261,"distance":1079,"elevation_gain":7,"elevation_loss":6},
{"version":1,"timestamp":"2015-12-30 12:43:59 UTC","elevation":138,"source_type":11,"duration":927244,"distance":1083,"elevation_gain":7,"elevation_loss":7},
{"version":1,"timestamp":"2015-12-30 12:44:03 UTC","elevation":138,"source_type":11,"duration":931265,"distance":1087,"elevation_gain":7,"elevation_loss":7},
{"version":1,"timestamp":"2015-12-30 12:44:07 UTC","elevation":138,"source_type":11,"duration":935254,"distance":1091,"elevation_gain":7,"elevation_loss":7},
{"version":1,"timestamp":"2015-12-30 12:44:11 UTC","elevation":138,"source_type":11,"duration":939256,"distance":1095,"elevation_gain":7,"elevation_loss":7},
{"version":1,"timestamp":"2015-12-30 12:44:13 UTC","elevation":138,"source_type":11,"duration":941260,"distance":1099,"elevation_gain":7,"elevation_loss":7},
{"version":1,"timestamp":"2015-12-30 12:44:17 UTC","elevation":138,"source_type":11,"duration":945261,"distance":1103,"elevation_gain":7,"elevation_loss":7},
{"version":1,"timestamp":"2015-12-30 12:44:21 UTC","elevation":138,"source_type":11,"duration":949247,"distance":1107,"elevation_gain":7,"elevation_loss":7},
{"version":1,"timestamp":"2015-12-30 12:44:25 UTC","elevation":138,"source_type":11,"duration":953254,"distance":1110,"elevation_gain":7,"elevation_loss":7},
{"version":1,"timestamp":"2015-12-30 12:44:29 UTC","elevation":138,"source_type":11,"duration":957247,"distance":1114,"elevation_gain":7,"elevation_loss":7},
{"version":1,"timestamp":"2015-12-30 12:44:31 UTC","elevation":138,"source_type":11,"duration":959251,"distance":1114,"elevation_gain":7,"elevation_loss":7},
{"version":1,"timestamp":"2015-12-30 12:44:33 UTC","elevation":138,"source_type":11,"duration":961246,"distance":1114,"elevation_gain":7,"elevation_loss":7},
{"version":1,"timestamp":"2015-12-30 12:44:44 UTC","elevation":137,"source_type":11,"duration":964235,"distance":1133,"elevation_gain":7,"elevation_loss":8},
{"version":1,"timestamp":"2015-12-30 12:44:50 UTC","elevation":137,"source_type":11,"duration":970241,"distance":1140,"elevation_gain":7,"elevation_loss":8},
{"version":1,"timestamp":"2015-12-30 12:44:56 UTC","elevation":137,"source_type":11,"duration":976242,"distance":1147,"elevation_gain":7,"elevation_loss":8},
{"version":1,"timestamp":"2015-12-30 12:45:02 UTC","elevation":136,"source_type":11,"duration":982249,"distance":1155,"elevation_gain":7,"elevation_loss":9},
{"version":1,"timestamp":"2015-12-30 12:45:04 UTC","elevation":136,"source_type":11,"duration":984239,"distance":1155,"elevation_gain":7,"elevation_loss":9},
{"version":1,"timestamp":"2015-12-30 12:45:06 UTC","elevation":136,"source_type":11,"duration":986242,"distance":1155,"elevation_gain":7,"elevation_loss":9},
{"version":1,"timestamp":"2015-12-30 12:45:08 UTC","elevation":136,"source_type":11,"duration":988235,"distance":1155,"elevation_gain":7,"elevation_loss":9},
{"version":1,"timestamp":"2015-12-30 12:45:18 UTC","elevation":136,"source_type":11,"duration":998226,"distance":1170,"elevation_gain":7,"elevation_loss":9},
{"version":1,"timestamp":"2015-12-30 12:45:20 UTC","elevation":136,"source_type":11,"duration":1000238,"distance":1170,"elevation_gain":7,"elevation_loss":9},
{"version":1,"timestamp":"2015-12-30 12:45:22 UTC","elevation":136,"source_type":11,"duration":1002243,"distance":1170,"elevation_gain":7,"elevation_loss":9},
{"version":1,"timestamp":"2015-12-30 12:45:24 UTC","elevation":136,"source_type":11,"duration":1004231,"distance":1170,"elevation_gain":7,"elevation_loss":9},
{"version":1,"timestamp":"2015-12-30 12:45:26 UTC","elevation":136,"source_type":11,"duration":1006239,"distance":1178,"elevation_gain":7,"elevation_loss":9},
{"version":1,"timestamp":"2015-12-30 12:45:34 UTC","elevation":136,"source_type":11,"duration":1014239,"distance":1185,"elevation_gain":7,"elevation_loss":9},
{"version":1,"timestamp":"2015-12-30 12:45:42 UTC","elevation":136,"source_type":11,"duration":1022243,"distance":1191,"elevation_gain":7,"elevation_loss":9},
{"version":1,"timestamp":"2015-12-30 12:45:48 UTC","elevation":135,"source_type":11,"duration":1028252,"distance":1198,"elevation_gain":7,"elevation_loss":10},
{"version":1,"timestamp":"2015-12-30 12:45:56 UTC","elevation":135,"source_type":11,"duration":1036243,"distance":1206,"elevation_gain":7,"elevation_loss":10},
{"version":1,"timestamp":"2015-12-30 12:46:02 UTC","elevation":135,"source_type":11,"duration":1042231,"distance":1213,"elevation_gain":7,"elevation_loss":10},
{"version":1,"timestamp":"2015-12-30 12:46:08 UTC","elevation":135,"source_type":11,"duration":1048235,"distance":1216,"elevation_gain":7,"elevation_loss":10},
{"version":1,"timestamp":"2015-12-30 12:46:12 UTC","elevation":135,"source_type":11,"duration":1052238,"distance":1221,"elevation_gain":7,"elevation_loss":10},
{"version":1,"timestamp":"2015-12-30 12:46:14 UTC","elevation":135,"source_type":11,"duration":1054241,"distance":1224,"elevation_gain":7,"elevation_loss":10},
{"version":1,"timestamp":"2015-12-30 12:46:18 UTC","elevation":135,"source_type":11,"duration":1058250,"distance":1228,"elevation_gain":7,"elevation_loss":10},
{"version":1,"timestamp":"2015-12-30 12:46:22 UTC","elevation":135,"source_type":11,"duration":1062244,"distance":1232,"elevation_gain":7,"elevation_loss":10},
{"version":1,"timestamp":"2015-12-30 12:46:26 UTC","elevation":135,"source_type":11,"duration":1066245,"distance":1236,"elevation_gain":7,"elevation_loss":10},
{"version":1,"timestamp":"2015-12-30 12:46:30 UTC","elevation":135,"source_type":11,"duration":1070242,"distance":1240,"elevation_gain":7,"elevation_loss":10},
{"version":1,"timestamp":"2015-12-30 12:46:34 UTC","elevation":135,"source_type":11,"duration":1074238,"distance":1243,"elevation_gain":7,"elevation_loss":10},
{"version":1,"timestamp":"2015-12-30 12:46:38 UTC","elevation":135,"source_type":11,"duration":1078232,"distance":1246,"elevation_gain":7,"elevation_loss":10},
{"version":1,"timestamp":"2015-12-30 12:46:40 UTC","elevation":135,"source_type":11,"duration":1080243,"distance":1250,"elevation_gain":7,"elevation_loss":10},
{"version":1,"timestamp":"2015-12-30 12:46:44 UTC","elevation":135,"source_type":11,"duration":1084231,"distance":1254,"elevation_gain":7,"elevation_loss":10},
{"version":1,"timestamp":"2015-12-30 12:46:48 UTC","elevation":135,"source_type":11,"duration":1088253,"distance":1257,"elevation_gain":7,"elevation_loss":10},
{"version":1,"timestamp":"2015-12-30 12:46:50 UTC","elevation":135,"source_type":11,"duration":1090248,"distance":1261,"elevation_gain":7,"elevation_loss":10},
{"version":1,"timestamp":"2015-12-30 12:46:54 UTC","elevation":135,"source_type":11,"duration":1094230,"distance":1265,"elevation_gain":7,"elevation_loss":10},
{"version":1,"timestamp":"2015-12-30 12:46:56 UTC","elevation":135,"source_type":11,"duration":1096242,"distance":1268,"elevation_gain":7,"elevation_loss":10},
{"version":1,"timestamp":"2015-12-30 12:46:58 UTC","elevation":135,"source_type":11,"duration":1098252,"distance":1272,"elevation_gain":7,"elevation_loss":10},
{"version":1,"timestamp":"2015-12-30 12:47:02 UTC","elevation":135,"source_type":11,"duration":1102244,"distance":1276,"elevation_gain":7,"elevation_loss":10},
{"version":1,"timestamp":"2015-12-30 12:47:04 UTC","elevation":135,"source_type":11,"duration":1104230,"distance":1279,"elevation_gain":7,"elevation_loss":10},
{"version":1,"timestamp":"2015-12-30 12:47:08 UTC","elevation":135,"source_type":11,"duration":1108257,"distance":1284,"elevation_gain":7,"elevation_loss":10},
{"version":1,"timestamp":"2015-12-30 12:47:10 UTC","elevation":135,"source_type":11,"duration":1110249,"distance":1287,"elevation_gain":7,"elevation_loss":10},
{"version":1,"timestamp":"2015-12-30 12:47:12 UTC","elevation":135,"source_type":11,"duration":1112249,"distance":1287,"elevation_gain":7,"elevation_loss":10},
{"version":1,"timestamp":"2015-12-30 12:47:14 UTC","elevation":135,"source_type":11,"duration":1114252,"distance":1291,"elevation_gain":7,"elevation_loss":10},
{"version":1,"timestamp":"2015-12-30 12:47:18 UTC","elevation":135,"source_type":11,"duration":1118258,"distance":1295,"elevation_gain":7,"elevation_loss":10},
{"version":1,"timestamp":"2015-12-30 12:47:22 UTC","elevation":135,"source_type":11,"duration":1122255,"distance":1299,"elevation_gain":7,"elevation_loss":10},
{"version":1,"timestamp":"2015-12-30 12:47:24 UTC","elevation":135,"source_type":11,"duration":1124230,"distance":1303,"elevation_gain":7,"elevation_loss":10},
{"version":1,"timestamp":"2015-12-30 12:47:28 UTC","elevation":135,"source_type":11,"duration":1128230,"distance":1307,"elevation_gain":7,"elevation_loss":10},
{"version":1,"timestamp":"2015-12-30 12:47:30 UTC","elevation":135,"source_type":11,"duration":1130229,"distance":1310,"elevation_gain":7,"elevation_loss":10},
{"version":1,"timestamp":"2015-12-30 12:47:34 UTC","elevation":135,"source_type":11,"duration":1134240,"distance":1314,"elevation_gain":7,"elevation_loss":10},
{"version":1,"timestamp":"2015-12-30 12:47:38 UTC","elevation":135,"source_type":11,"duration":1138237,"distance":1318,"elevation_gain":7,"elevation_loss":10},
{"version":1,"timestamp":"2015-12-30 12:47:40 UTC","elevation":135,"source_type":11,"duration":1140237,"distance":1321,"elevation_gain":7,"elevation_loss":10},
{"version":1,"timestamp":"2015-12-30 12:47:44 UTC","elevation":135,"source_type":11,"duration":1144239,"distance":1325,"elevation_gain":7,"elevation_loss":10},
{"version":1,"timestamp":"2015-12-30 12:47:46 UTC","elevation":135,"source_type":11,"duration":1146236,"distance":1328,"elevation_gain":7,"elevation_loss":10},
{"version":1,"timestamp":"2015-12-30 12:47:50 UTC","elevation":135,"source_type":11,"duration":1150243,"distance":1331,"elevation_gain":7,"elevation_loss":10},
{"version":1,"timestamp":"2015-12-30 12:47:54 UTC","elevation":135,"source_type":11,"duration":1154229,"distance":1334,"elevation_gain":7,"elevation_loss":10},
{"version":1,"timestamp":"2015-12-30 12:47:58 UTC","elevation":135,"source_type":11,"duration":1158230,"distance":1338,"elevation_gain":7,"elevation_loss":10},
{"version":1,"timestamp":"2015-12-30 12:48:02 UTC","elevation":135,"source_type":11,"duration":1162243,"distance":1341,"elevation_gain":7,"elevation_loss":10},
{"version":1,"timestamp":"2015-12-30 12:48:06 UTC","elevation":135,"source_type":11,"duration":1166240,"distance":1341,"elevation_gain":7,"elevation_loss":10},
{"version":1,"timestamp":"2015-12-30 12:48:08 UTC","elevation":135,"source_type":11,"duration":1168343,"distance":1341,"elevation_gain":7,"elevation_loss":10},
{"version":1,"timestamp":"2015-12-30 12:48:28 UTC","elevation":135,"source_type":11,"duration":1171234,"distance":1354,"elevation_gain":7,"elevation_loss":10},
{"version":1,"timestamp":"2015-12-30 12:48:34 UTC","elevation":135,"source_type":11,"duration":1177225,"distance":1361,"elevation_gain":7,"elevation_loss":10},
{"version":1,"timestamp":"2015-12-30 12:48:40 UTC","elevation":135,"source_type":11,"duration":1183236,"distance":1368,"elevation_gain":7,"elevation_loss":10},
{"version":1,"timestamp":"2015-12-30 12:48:48 UTC","elevation":135,"source_type":11,"duration":1191239,"distance":1368,"elevation_gain":7,"elevation_loss":10},
{"version":1,"timestamp":"2015-12-30 12:48:50 UTC","elevation":135,"source_type":11,"duration":1193238,"distance":1368,"elevation_gain":7,"elevation_loss":10},
{"version":1,"timestamp":"2015-12-30 12:48:57 UTC","elevation":135,"source_type":11,"duration":1195192,"distance":1381,"elevation_gain":7,"elevation_loss":10},
{"version":1,"timestamp":"2015-12-30 12:49:03 UTC","elevation":135,"source_type":11,"duration":1201181,"distance":1389,"elevation_gain":7,"elevation_loss":10},
{"version":1,"timestamp":"2015-12-30 12:49:09 UTC","elevation":135,"source_type":11,"duration":1207194,"distance":1395,"elevation_gain":7,"elevation_loss":10},
{"version":1,"timestamp":"2015-12-30 12:49:13 UTC","elevation":135,"source_type":11,"duration":1211186,"distance":1395,"elevation_gain":7,"elevation_loss":10},
{"version":1,"timestamp":"2015-12-30 12:49:15 UTC","elevation":135,"source_type":11,"duration":1213194,"distance":1395,"elevation_gain":7,"elevation_loss":10},
{"version":1,"timestamp":"2015-12-30 12:49:17 UTC","elevation":135,"source_type":11,"duration":1215191,"distance":1395,"elevation_gain":7,"elevation_loss":10},
{"version":1,"timestamp":"2015-12-30 12:49:29 UTC","elevation":135,"source_type":11,"duration":1227185,"distance":1413,"elevation_gain":7,"elevation_loss":10},
{"version":1,"timestamp":"2015-12-30 12:49:35 UTC","elevation":135,"source_type":11,"duration":1233203,"distance":1420,"elevation_gain":7,"elevation_loss":10},
{"version":1,"timestamp":"2015-12-30 12:49:43 UTC","elevation":135,"source_type":11,"duration":1241192,"distance":1427,"elevation_gain":7,"elevation_loss":10},
{"version":1,"timestamp":"2015-12-30 12:49:51 UTC","elevation":135,"source_type":11,"duration":1249198,"distance":1435,"elevation_gain":7,"elevation_loss":10},
{"version":1,"timestamp":"2015-12-30 12:49:59 UTC","elevation":135,"source_type":11,"duration":1257183,"distance":1443,"elevation_gain":7,"elevation_loss":10},
{"version":1,"timestamp":"2015-12-30 12:50:07 UTC","elevation":135,"source_type":11,"duration":1265202,"distance":1451,"elevation_gain":7,"elevation_loss":10},
{"version":1,"timestamp":"2015-12-30 12:50:15 UTC","elevation":135,"source_type":11,"duration":1273224,"distance":1455,"elevation_gain":7,"elevation_loss":10},
{"version":1,"timestamp":"2015-12-30 12:50:19 UTC","elevation":135,"source_type":11,"duration":1277196,"distance":1459,"elevation_gain":7,"elevation_loss":10},
{"version":1,"timestamp":"2015-12-30 12:50:23 UTC","elevation":135,"source_type":11,"duration":1281185,"distance":1463,"elevation_gain":7,"elevation_loss":10},
{"version":1,"timestamp":"2015-12-30 12:50:25 UTC","elevation":135,"source_type":11,"duration":1283194,"distance":1467,"elevation_gain":7,"elevation_loss":10},
{"version":1,"timestamp":"2015-12-30 12:50:29 UTC","elevation":135,"source_type":11,"duration":1287194,"distance":1471,"elevation_gain":7,"elevation_loss":10},
{"version":1,"timestamp":"2015-12-30 12:50:33 UTC","elevation":135,"source_type":11,"duration":1291212,"distance":1475,"elevation_gain":7,"elevation_loss":10},
{"version":1,"timestamp":"2015-12-30 12:50:37 UTC","elevation":135,"source_type":11,"duration":1295198,"distance":1478,"elevation_gain":7,"elevation_loss":10},
{"version":1,"timestamp":"2015-12-30 12:50:41 UTC","elevation":135,"source_type":11,"duration":1299185,"distance":1482,"elevation_gain":7,"elevation_loss":10},
{"version":1,"timestamp":"2015-12-30 12:50:45 UTC","elevation":135,"source_type":11,"duration":1303194,"distance":1482,"elevation_gain":7,"elevation_loss":10},
{"version":1,"timestamp":"2015-12-30 12:50:47 UTC","elevation":135,"source_type":11,"duration":1305196,"distance":1482,"elevation_gain":7,"elevation_loss":10},
{"version":1,"timestamp":"2015-12-30 12:50:59 UTC","elevation":135,"source_type":11,"duration":1317182,"distance":1492,"elevation_gain":7,"elevation_loss":10},
{"version":1,"timestamp":"2015-12-30 12:51:01 UTC","elevation":135,"source_type":11,"duration":1319187,"distance":1498,"elevation_gain":7,"elevation_loss":10},
{"version":1,"timestamp":"2015-12-30 12:51:03 UTC","elevation":135,"source_type":11,"duration":1321190,"distance":1501,"elevation_gain":7,"elevation_loss":10},
{"version":1,"timestamp":"2015-12-30 12:51:07 UTC","elevation":135,"source_type":11,"duration":1325208,"distance":1501,"elevation_gain":7,"elevation_loss":10},
{"version":1,"timestamp":"2015-12-30 12:51:09 UTC","elevation":135,"source_type":11,"duration":1327188,"distance":1501,"elevation_gain":7,"elevation_loss":10},
{"version":1,"timestamp":"2015-12-30 12:51:21 UTC","elevation":135,"source_type":11,"duration":1329178,"distance":1519,"elevation_gain":7,"elevation_loss":10},
{"version":1,"timestamp":"2015-12-30 12:51:25 UTC","elevation":135,"source_type":11,"duration":1333174,"distance":1519,"elevation_gain":7,"elevation_loss":10},
{"version":1,"timestamp":"2015-12-30 12:51:27 UTC","elevation":135,"source_type":11,"duration":1335166,"distance":1528,"elevation_gain":7,"elevation_loss":10},
{"version":1,"timestamp":"2015-12-30 12:51:29 UTC","elevation":135,"source_type":11,"duration":1337174,"distance":1528,"elevation_gain":7,"elevation_loss":10},
{"version":1,"timestamp":"2015-12-30 12:51:31 UTC","elevation":135,"source_type":11,"duration":1339176,"distance":1528,"elevation_gain":7,"elevation_loss":10},
{"version":1,"timestamp":"2015-12-30 12:51:33 UTC","elevation":135,"source_type":11,"duration":1341170,"distance":1528,"elevation_gain":7,"elevation_loss":10},
{"version":1,"timestamp":"2015-12-30 12:51:35 UTC","elevation":135,"source_type":11,"duration":1343176,"distance":1528,"elevation_gain":7,"elevation_loss":10},
{"version":1,"timestamp":"2015-12-30 12:51:44 UTC","elevation":135,"source_type":11,"duration":1345178,"distance":1543,"elevation_gain":7,"elevation_loss":10},
{"version":1,"timestamp":"2015-12-30 12:51:50 UTC","elevation":135,"source_type":11,"duration":1351180,"distance":1551,"elevation_gain":7,"elevation_loss":10},
{"version":1,"timestamp":"2015-12-30 12:51:56 UTC","elevation":135,"source_type":11,"duration":1357182,"distance":1558,"elevation_gain":7,"elevation_loss":10},
{"version":1,"timestamp":"2015-12-30 12:51:58 UTC","elevation":135,"source_type":11,"duration":1359192,"distance":1558,"elevation_gain":7,"elevation_loss":10},
{"version":1,"timestamp":"2015-12-30 12:52:02 UTC","elevation":136,"source_type":11,"duration":1363182,"distance":1567,"elevation_gain":7,"elevation_loss":10},
{"version":1,"timestamp":"2015-12-30 12:52:08 UTC","elevation":136,"source_type":11,"duration":1369180,"distance":1575,"elevation_gain":7,"elevation_loss":10},
{"version":1,"timestamp":"2015-12-30 12:52:14 UTC","elevation":136,"source_type":11,"duration":1375171,"distance":1582,"elevation_gain":7,"elevation_loss":10},
{"version":1,"timestamp":"2015-12-30 12:52:20 UTC","elevation":136,"source_type":11,"duration":1381183,"distance":1588,"elevation_gain":7,"elevation_loss":10},
{"version":1,"timestamp":"2015-12-30 12:52:26 UTC","elevation":136,"source_type":11,"duration":1387183,"distance":1595,"elevation_gain":7,"elevation_loss":10},
{"version":1,"timestamp":"2015-12-30 12:52:32 UTC","elevation":136,"source_type":11,"duration":1393185,"distance":1602,"elevation_gain":7,"elevation_loss":10},
{"version":1,"timestamp":"2015-12-30 12:52:38 UTC","elevation":136,"source_type":11,"duration":1399190,"distance":1609,"elevation_gain":7,"elevation_loss":10},
{"version":1,"timestamp":"2015-12-30 12:52:40 UTC","elevation":136,"source_type":11,"duration":1401181,"distance":1609,"elevation_gain":7,"elevation_loss":10},
{"version":1,"timestamp":"2015-12-30 12:52:42 UTC","elevation":136,"source_type":11,"duration":1403181,"distance":1609,"elevation_gain":7,"elevation_loss":10},
{"version":1,"timestamp":"2015-12-30 12:52:44 UTC","elevation":136,"source_type":11,"duration":1405170,"distance":1609,"elevation_gain":7,"elevation_loss":10},
{"version":1,"timestamp":"2015-12-30 12:52:46 UTC","elevation":136,"source_type":11,"duration":1407180,"distance":1617,"elevation_gain":7,"elevation_loss":10},
{"version":1,"timestamp":"2015-12-30 12:52:52 UTC","elevation":136,"source_type":11,"duration":1413187,"distance":1623,"elevation_gain":7,"elevation_loss":10},
{"version":1,"timestamp":"2015-12-30 12:53:00 UTC","elevation":136,"source_type":11,"duration":1421180,"distance":1631,"elevation_gain":7,"elevation_loss":10},
{"version":1,"timestamp":"2015-12-30 12:53:06 UTC","elevation":136,"source_type":11,"duration":1427184,"distance":1638,"elevation_gain":7,"elevation_loss":10},
{"version":1,"timestamp":"2015-12-30 12:53:12 UTC","elevation":136,"source_type":11,"duration":1433190,"distance":1641,"elevation_gain":7,"elevation_loss":10},
{"version":1,"timestamp":"2015-12-30 12:53:14 UTC","elevation":136,"source_type":11,"duration":1435292,"distance":1641,"elevation_gain":7,"elevation_loss":10},
{"version":1,"timestamp":"2015-12-30 12:53:16 UTC","elevation":136,"source_type":11,"duration":1437189,"distance":1641,"elevation_gain":7,"elevation_loss":10},
{"version":1,"timestamp":"2015-12-30 12:53:23 UTC","elevation":136,"source_type":11,"duration":1439180,"distance":1651,"elevation_gain":7,"elevation_loss":10},
{"version":1,"timestamp":"2015-12-30 12:53:29 UTC","elevation":136,"source_type":11,"duration":1445181,"distance":1658,"elevation_gain":7,"elevation_loss":10},
{"version":1,"timestamp":"2015-12-30 12:53:35 UTC","elevation":136,"source_type":11,"duration":1451188,"distance":1665,"elevation_gain":7,"elevation_loss":10},
{"version":1,"timestamp":"2015-12-30 12:53:41 UTC","elevation":136,"source_type":11,"duration":1457189,"distance":1671,"elevation_gain":7,"elevation_loss":10},
{"version":1,"timestamp":"2015-12-30 12:53:45 UTC","elevation":136,"source_type":11,"duration":1461197,"distance":1671,"elevation_gain":7,"elevation_loss":10},
{"version":1,"timestamp":"2015-12-30 12:53:47 UTC","elevation":136,"source_type":11,"duration":1463194,"distance":1671,"elevation_gain":7,"elevation_loss":10},
{"version":1,"timestamp":"2015-12-30 12:53:59 UTC","elevation":136,"source_type":11,"duration":1475199,"distance":1684,"elevation_gain":7,"elevation_loss":10},
{"version":1,"timestamp":"2015-12-30 12:54:05 UTC","elevation":136,"source_type":11,"duration":1481190,"distance":1692,"elevation_gain":7,"elevation_loss":10},
{"version":1,"timestamp":"2015-12-30 12:54:11 UTC","elevation":136,"source_type":11,"duration":1487194,"distance":1698,"elevation_gain":7,"elevation_loss":10},
{"version":1,"timestamp":"2015-12-30 12:54:17 UTC","elevation":137,"source_type":11,"duration":1493185,"distance":1706,"elevation_gain":7,"elevation_loss":10},
{"version":1,"timestamp":"2015-12-30 12:54:23 UTC","elevation":137,"source_type":11,"duration":1499185,"distance":1712,"elevation_gain":7,"elevation_loss":10},
{"version":1,"timestamp":"2015-12-30 12:54:29 UTC","elevation":137,"source_type":11,"duration":1505195,"distance":1719,"elevation_gain":7,"elevation_loss":10},
{"version":1,"timestamp":"2015-12-30 12:54:31 UTC","elevation":137,"source_type":11,"duration":1507197,"distance":1719,"elevation_gain":7,"elevation_loss":10},
{"version":1,"timestamp":"2015-12-30 12:54:33 UTC","elevation":137,"source_type":11,"duration":1509185,"distance":1719,"elevation_gain":7,"elevation_loss":10},
{"version":1,"timestamp":"2015-12-30 12:54:35 UTC","elevation":137,"source_type":11,"duration":1511288,"distance":1719,"elevation_gain":7,"elevation_loss":10},
{"version":1,"timestamp":"2015-12-30 12:54:37 UTC","elevation":137,"source_type":11,"duration":1513189,"distance":1727,"elevation_gain":7,"elevation_loss":10},
{"version":1,"timestamp":"2015-12-30 12:54:41 UTC","elevation":137,"source_type":11,"duration":1517219,"distance":1733,"elevation_gain":7,"elevation_loss":10},
{"version":1,"timestamp":"2015-12-30 12:54:43 UTC","elevation":137,"source_type":11,"duration":1519177,"distance":1733,"elevation_gain":7,"elevation_loss":10},
{"version":1,"timestamp":"2015-12-30 12:54:45 UTC","elevation":137,"source_type":11,"duration":1521192,"distance":1733,"elevation_gain":7,"elevation_loss":10},
{"version":1,"timestamp":"2015-12-30 12:54:47 UTC","elevation":137,"source_type":11,"duration":1523192,"distance":1733,"elevation_gain":7,"elevation_loss":10},
{"version":1,"timestamp":"2015-12-30 12:54:49 UTC","elevation":137,"source_type":11,"duration":1525181,"distance":1737,"elevation_gain":7,"elevation_loss":10},
{"version":1,"timestamp":"2015-12-30 12:54:53 UTC","elevation":137,"source_type":11,"duration":1529213,"distance":1741,"elevation_gain":7,"elevation_loss":10},
{"version":1,"timestamp":"2015-12-30 12:54:57 UTC","elevation":137,"source_type":11,"duration":1533191,"distance":1745,"elevation_gain":7,"elevation_loss":10},
{"version":1,"timestamp":"2015-12-30 12:54:59 UTC","elevation":137,"source_type":11,"duration":1535186,"distance":1748,"elevation_gain":7,"elevation_loss":10},
{"version":1,"timestamp":"2015-12-30 12:55:03 UTC","elevation":137,"source_type":11,"duration":1539197,"distance":1752,"elevation_gain":7,"elevation_loss":10},
{"version":1,"timestamp":"2015-12-30 12:55:05 UTC","elevation":137,"source_type":11,"duration":1541187,"distance":1755,"elevation_gain":7,"elevation_loss":10},
{"version":1,"timestamp":"2015-12-30 12:55:09 UTC","elevation":137,"source_type":11,"duration":1545180,"distance":1759,"elevation_gain":7,"elevation_loss":10},
{"version":1,"timestamp":"2015-12-30 12:55:13 UTC","elevation":137,"source_type":11,"duration":1549181,"distance":1763,"elevation_gain":7,"elevation_loss":10},
{"version":1,"timestamp":"2015-12-30 12:55:15 UTC","elevation":137,"source_type":11,"duration":1551191,"distance":1766,"elevation_gain":7,"elevation_loss":10},
{"version":1,"timestamp":"2015-12-30 12:55:19 UTC","elevation":137,"source_type":11,"duration":1555188,"distance":1770,"elevation_gain":7,"elevation_loss":10},
{"version":1,"timestamp":"2015-12-30 12:55:21 UTC","elevation":137,"source_type":11,"duration":1557189,"distance":1773,"elevation_gain":7,"elevation_loss":10},
{"version":1,"timestamp":"2015-12-30 12:55:25 UTC","elevation":137,"source_type":11,"duration":1561188,"distance":1778,"elevation_gain":7,"elevation_loss":10},
{"version":1,"timestamp":"2015-12-30 12:55:27 UTC","elevation":137,"source_type":11,"duration":1563194,"distance":1781,"elevation_gain":7,"elevation_loss":10},
{"version":1,"timestamp":"2015-12-30 12:55:31 UTC","elevation":137,"source_type":11,"duration":1567384,"distance":1785,"elevation_gain":7,"elevation_loss":10},
{"version":1,"timestamp":"2015-12-30 12:55:33 UTC","elevation":137,"source_type":11,"duration":1569190,"distance":1785,"elevation_gain":7,"elevation_loss":10},
{"version":1,"timestamp":"2015-12-30 12:55:35 UTC","elevation":137,"source_type":11,"duration":1571193,"distance":1788,"elevation_gain":7,"elevation_loss":10},
{"version":1,"timestamp":"2015-12-30 12:55:37 UTC","elevation":137,"source_type":11,"duration":1573187,"distance":1788,"elevation_gain":7,"elevation_loss":10},
{"version":1,"timestamp":"2015-12-30 12:55:41 UTC","elevation":137,"source_type":11,"duration":1577193,"distance":1793,"elevation_gain":7,"elevation_loss":10},
{"version":1,"timestamp":"2015-12-30 12:55:43 UTC","elevation":137,"source_type":11,"duration":1579193,"distance":1797,"elevation_gain":7,"elevation_loss":10},
{"version":1,"timestamp":"2015-12-30 12:55:45 UTC","elevation":137,"source_type":11,"duration":1581183,"distance":1800,"elevation_gain":7,"elevation_loss":10},
{"version":1,"timestamp":"2015-12-30 12:55:49 UTC","elevation":137,"source_type":11,"duration":1585181,"distance":1804,"elevation_gain":7,"elevation_loss":10},
{"version":1,"timestamp":"2015-12-30 12:55:51 UTC","elevation":137,"source_type":11,"duration":1587192,"distance":1807,"elevation_gain":7,"elevation_loss":10},
{"version":1,"timestamp":"2015-12-30 12:55:55 UTC","elevation":137,"source_type":11,"duration":1591198,"distance":1811,"elevation_gain":7,"elevation_loss":10},
{"version":1,"timestamp":"2015-12-30 12:55:57 UTC","elevation":137,"source_type":11,"duration":1593196,"distance":1814,"elevation_gain":7,"elevation_loss":10},
{"version":1,"timestamp":"2015-12-30 12:56:01 UTC","elevation":137,"source_type":11,"duration":1597193,"distance":1818,"elevation_gain":7,"elevation_loss":10},
{"version":1,"timestamp":"2015-12-30 12:56:03 UTC","elevation":137,"source_type":11,"duration":1599183,"distance":1821,"elevation_gain":7,"elevation_loss":10},
{"version":1,"timestamp":"2015-12-30 12:56:07 UTC","elevation":137,"source_type":11,"duration":1603184,"distance":1825,"elevation_gain":7,"elevation_loss":10},
{"version":1,"timestamp":"2015-12-30 12:56:11 UTC","elevation":137,"source_type":11,"duration":1607193,"distance":1828,"elevation_gain":7,"elevation_loss":10},
{"version":1,"timestamp":"2015-12-30 12:56:15 UTC","elevation":137,"source_type":11,"duration":1611197,"distance":1832,"elevation_gain":7,"elevation_loss":10},
{"version":1,"timestamp":"2015-12-30 12:56:17 UTC","elevation":137,"source_type":11,"duration":1613190,"distance":1836,"elevation_gain":7,"elevation_loss":10},
{"version":1,"timestamp":"2015-12-30 12:56:21 UTC","elevation":137,"source_type":11,"duration":1617194,"distance":1839,"elevation_gain":7,"elevation_loss":10},
{"version":1,"timestamp":"2015-12-30 12:56:25 UTC","elevation":137,"source_type":11,"duration":1621194,"distance":1843,"elevation_gain":7,"elevation_loss":10},
{"version":1,"timestamp":"2015-12-30 12:56:27 UTC","elevation":137,"source_type":11,"duration":1623191,"distance":1843,"elevation_gain":7,"elevation_loss":10},
{"version":1,"timestamp":"2015-12-30 12:56:29 UTC","elevation":137,"source_type":11,"duration":1625180,"distance":1843,"elevation_gain":7,"elevation_loss":10},
{"version":1,"timestamp":"2015-12-30 12:56:31 UTC","elevation":137,"source_type":11,"duration":1627197,"distance":1846,"elevation_gain":7,"elevation_loss":10},
{"version":1,"timestamp":"2015-12-30 12:56:39 UTC","elevation":138,"source_type":11,"duration":1635183,"distance":1852,"elevation_gain":7,"elevation_loss":10},
{"version":1,"timestamp":"2015-12-30 12:56:41 UTC","elevation":138,"source_type":11,"duration":1637193,"distance":1856,"elevation_gain":7,"elevation_loss":10},
{"version":1,"timestamp":"2015-12-30 12:56:43 UTC","elevation":138,"source_type":11,"duration":1639188,"distance":1859,"elevation_gain":7,"elevation_loss":10},
{"version":1,"timestamp":"2015-12-30 12:56:47 UTC","elevation":138,"source_type":11,"duration":1643191,"distance":1863,"elevation_gain":7,"elevation_loss":10},
{"version":1,"timestamp":"2015-12-30 12:56:49 UTC","elevation":138,"source_type":11,"duration":1645181,"distance":1866,"elevation_gain":7,"elevation_loss":10},
{"version":1,"timestamp":"2015-12-30 12:56:53 UTC","elevation":138,"source_type":11,"duration":1649184,"distance":1870,"elevation_gain":7,"elevation_loss":10},
{"version":1,"timestamp":"2015-12-30 12:56:55 UTC","elevation":138,"source_type":11,"duration":1651198,"distance":1870,"elevation_gain":7,"elevation_loss":10},
{"version":1,"timestamp":"2015-12-30 12:56:57 UTC","elevation":138,"source_type":11,"duration":1653187,"distance":1874,"elevation_gain":7,"elevation_loss":10},
{"version":1,"timestamp":"2015-12-30 12:56:59 UTC","elevation":138,"source_type":11,"duration":1655179,"distance":1877,"elevation_gain":7,"elevation_loss":10},
{"version":1,"timestamp":"2015-12-30 12:57:03 UTC","elevation":138,"source_type":11,"duration":1659185,"distance":1881,"elevation_gain":7,"elevation_loss":10},
{"version":1,"timestamp":"2015-12-30 12:57:07 UTC","elevation":139,"source_type":11,"duration":1663196,"distance":1885,"elevation_gain":7,"elevation_loss":10},
{"version":1,"timestamp":"2015-12-30 12:57:09 UTC","elevation":139,"source_type":11,"duration":1665187,"distance":1888,"elevation_gain":7,"elevation_loss":10},
{"version":1,"timestamp":"2015-12-30 12:57:13 UTC","elevation":139,"source_type":11,"duration":1669180,"distance":1892,"elevation_gain":7,"elevation_loss":10},
{"version":1,"timestamp":"2015-12-30 12:57:17 UTC","elevation":139,"source_type":11,"duration":1673193,"distance":1896,"elevation_gain":7,"elevation_loss":10},
{"version":1,"timestamp":"2015-12-30 12:57:19 UTC","elevation":139,"source_type":11,"duration":1675199,"distance":1899,"elevation_gain":7,"elevation_loss":10},
{"version":1,"timestamp":"2015-12-30 12:57:23 UTC","elevation":139,"source_type":11,"duration":1679179,"distance":1903,"elevation_gain":7,"elevation_loss":10},
{"version":1,"timestamp":"2015-12-30 12:57:25 UTC","elevation":139,"source_type":11,"duration":1681187,"distance":1906,"elevation_gain":7,"elevation_loss":10},
{"version":1,"timestamp":"2015-12-30 12:57:29 UTC","elevation":139,"source_type":11,"duration":1685190,"distance":1910,"elevation_gain":7,"elevation_loss":10},
{"version":1,"timestamp":"2015-12-30 12:57:31 UTC","elevation":140,"source_type":11,"duration":1687193,"distance":1914,"elevation_gain":7,"elevation_loss":10},
{"version":1,"timestamp":"2015-12-30 12:57:35 UTC","elevation":140,"source_type":11,"duration":1691190,"distance":1918,"elevation_gain":7,"elevation_loss":10},
{"version":1,"timestamp":"2015-12-30 12:57:37 UTC","elevation":140,"source_type":11,"duration":1693194,"distance":1921,"elevation_gain":7,"elevation_loss":10},
{"version":1,"timestamp":"2015-12-30 12:57:39 UTC","elevation":140,"source_type":11,"duration":1695181,"distance":1921,"elevation_gain":7,"elevation_loss":10},
{"version":1,"timestamp":"2015-12-30 12:57:41 UTC","elevation":140,"source_type":11,"duration":1697193,"distance":1924,"elevation_gain":7,"elevation_loss":10},
{"version":1,"timestamp":"2015-12-30 12:57:43 UTC","elevation":140,"source_type":11,"duration":1699186,"distance":1927,"elevation_gain":12,"elevation_loss":10},
{"version":1,"timestamp":"2015-12-30 12:57:47 UTC","elevation":140,"source_type":11,"duration":1703195,"distance":1931,"elevation_gain":12,"elevation_loss":10},
{"version":1,"timestamp":"2015-12-30 12:57:49 UTC","elevation":140,"source_type":11,"duration":1705180,"distance":1934,"elevation_gain":12,"elevation_loss":10},
{"version":1,"timestamp":"2015-12-30 12:57:53 UTC","elevation":140,"source_type":11,"duration":1709190,"distance":1938,"elevation_gain":12,"elevation_loss":10},
{"version":1,"timestamp":"2015-12-30 12:57:55 UTC","elevation":140,"source_type":11,"duration":1711200,"distance":1941,"elevation_gain":12,"elevation_loss":10},
{"version":1,"timestamp":"2015-12-30 12:57:59 UTC","elevation":140,"source_type":11,"duration":1715186,"distance":1945,"elevation_gain":12,"elevation_loss":10},
{"version":1,"timestamp":"2015-12-30 12:58:01 UTC","elevation":140,"source_type":11,"duration":1717189,"distance":1948,"elevation_gain":12,"elevation_loss":10},
{"version":1,"timestamp":"2015-12-30 12:58:05 UTC","elevation":140,"source_type":11,"duration":1721192,"distance":1951,"elevation_gain":12,"elevation_loss":10},
{"version":1,"timestamp":"2015-12-30 12:58:09 UTC","elevation":140,"source_type":11,"duration":1725191,"distance":1955,"elevation_gain":12,"elevation_loss":10},
{"version":1,"timestamp":"2015-12-30 12:58:13 UTC","elevation":140,"source_type":11,"duration":1729191,"distance":1959,"elevation_gain":12,"elevation_loss":10},
{"version":1,"timestamp":"2015-12-30 12:58:17 UTC","elevation":140,"source_type":11,"duration":1733191,"distance":1959,"elevation_gain":12,"elevation_loss":10},
{"version":1,"timestamp":"2015-12-30 12:58:19 UTC","elevation":140,"source_type":11,"duration":1735190,"distance":1959,"elevation_gain":12,"elevation_loss":10},
{"version":1,"timestamp":"2015-12-30 12:58:29 UTC","elevation":140,"source_type":11,"duration":1738215,"distance":1975,"elevation_gain":12,"elevation_loss":10},
{"version":1,"timestamp":"2015-12-30 12:58:33 UTC","elevation":140,"source_type":11,"duration":1742224,"distance":1981,"elevation_gain":12,"elevation_loss":10},
{"version":1,"timestamp":"2015-12-30 12:58:39 UTC","elevation":140,"source_type":11,"duration":1748229,"distance":1988,"elevation_gain":12,"elevation_loss":10},
{"version":1,"timestamp":"2015-12-30 12:58:45 UTC","elevation":140,"source_type":11,"duration":1754219,"distance":1995,"elevation_gain":12,"elevation_loss":10},
{"version":1,"timestamp":"2015-12-30 12:58:51 UTC","elevation":140,"source_type":11,"duration":1760222,"distance":2001,"elevation_gain":12,"elevation_loss":10},
{"version":1,"timestamp":"2015-12-30 12:58:59 UTC","elevation":140,"source_type":11,"duration":1768222,"distance":2010,"elevation_gain":12,"elevation_loss":10},
{"version":1,"timestamp":"2015-12-30 12:59:07 UTC","elevation":140,"source_type":11,"duration":1776223,"distance":2019,"elevation_gain":12,"elevation_loss":10},
{"version":1,"timestamp":"2015-12-30 12:59:13 UTC","elevation":140,"source_type":11,"duration":1782227,"distance":2019,"elevation_gain":12,"elevation_loss":10},
{"version":1,"timestamp":"2015-12-30 12:59:15 UTC","elevation":140,"source_type":11,"duration":1784228,"distance":2026,"elevation_gain":12,"elevation_loss":10},
{"version":1,"timestamp":"2015-12-30 12:59:17 UTC","elevation":140,"source_type":11,"duration":1786220,"distance":2026,"elevation_gain":12,"elevation_loss":10},
{"version":1,"timestamp":"2015-12-30 12:59:21 UTC","elevation":140,"source_type":11,"duration":1790210,"distance":2033,"elevation_gain":12,"elevation_loss":10},
{"version":1,"timestamp":"2015-12-30 12:59:27 UTC","elevation":140,"source_type":11,"duration":1796216,"distance":2040,"elevation_gain":12,"elevation_loss":10},
{"version":1,"timestamp":"2015-12-30 12:59:33 UTC","elevation":140,"source_type":11,"duration":1802224,"distance":2048,"elevation_gain":12,"elevation_loss":10}]