[{"version":1,"timestamp":"2015-12-30 13:00:32 UTC","elevation":140,"source_type":11,"duration":404,"distance":0,"elevation_gain":0,"elevation_loss":0},
{"version":1,"timestamp":"2015-12-30 13:00:33 UTC","elevation":140,"source_type":11,"duration":1365,"distance":1,"elevation_gain":0,"elevation_loss":0},
{"version":1,"timestamp":"2015-12-30 13:00:37 UTC","elevation":140,"source_type":11,"duration":5364,"distance":9,"elevation_gain":0,"elevation_loss":0},
{"version":1,"timestamp":"2015-12-30 13:00:43 UTC","elevation":140,"source_type":11,"duration":11373,"distance":20,"elevation_gain":0,"elevation_loss":0},
{"version":1,"timestamp":"2015-12-30 13:00:47 UTC","elevation":140,"source_type":11,"duration":15364,"distance":27,"elevation_gain":0,"elevation_loss":0},
{"version":1,"timestamp":"2015-12-30 13:00:53 UTC","elevation":140,"source_type":11,"duration":21365,"distance":35,"elevation_gain":0,"elevation_loss":0},
{"version":1,"timestamp":"2015-12-30 13:00:59 UTC","elevation":141,"source_type":11,"duration":27363,"distance":43,"elevation_gain":0,"elevation_loss":0},
{"version":1,"timestamp":"2015-12-30 13:01:01 UTC","elevation":141,"source_type":11,"duration":29374,"distance":43,"elevation_gain":0,"elevation_loss":0},
{"version":1,"timestamp":"2015-12-30 13:01:03 UTC","elevation":141,"source_type":11,"duration":31367,"distance":43,"elevation_gain":0,"elevation_loss":0},
{"version":1,"timestamp":"2015-12-30 13:01:05 UTC","elevation":141,"source_type":11,"duration":33373,"distance":43,"elevation_gain":0,"elevation_loss":0},
{"version":1,"timestamp":"2015-12-30 13:01:39 UTC","elevation":141,"source_type":11,"duration":35364,"distance":54,"elevation_gain":0,"elevation_loss":0},
{"version":1,"timestamp":"2015-12-30 13:01:49 UTC","elevation":142,"source_type":11,"duration":45360,"distance":66,"elevation_gain":0,"elevation_loss":0},
{"version":1,"timestamp":"2015-12-30 13:01:53 UTC","elevation":142,"source_type":11,"duration":49362,"distance":66,"elevation_gain":0,"elevation_loss":0},
{"version":1,"timestamp":"2015-12-30 13:01:55 UTC","elevation":142,"source_type":11,"duration":51362,"distance":66,"elevation_gain":0,"elevation_loss":0},
{"version":1,"timestamp":"2015-12-30 13:02:03 UTC","elevation":142,"source_type":11,"duration":53357,"distance":75,"elevation_gain":0,"elevation_loss":0},
{"version":1,"timestamp":"2015-12-30 13:02:09 UTC","elevation":142,"source_type":11,"duration":59357,"distance":84,"elevation_gain":0,"elevation_loss":0},
{"version":1,"timestamp":"2015-12-30 13:02:15 UTC","elevation":143,"source_type":11,"duration":65358,"distance":92,"elevation_gain":0,"elevation_loss":0},
{"version":1,"timestamp":"2015-12-30 13:02:21 UTC","elevation":143,"source_type":11,"duration":71370,"distance":99,"elevation_gain":0,"elevation_loss":0},
{"version":1,"timestamp":"2015-12-30 13:02:29 UTC","elevation":143,"source_type":11,"duration":79359,"distance":107,"elevation_gain":0,"elevation_loss":0},
{"version":1,"timestamp":"2015-12-30 13:02:37 UTC","elevation":144,"source_type":11,"duration":87358,"distance":116,"elevation_gain":0,"elevation_loss":0},
{"version":1,"timestamp":"2015-12-30 13:02:43 UTC","elevation":144,"source_type":11,"duration":93358,"distance":116,"elevation_gain":0,"elevation_loss":0},
{"version":1,"timestamp":"2015-12-30 13:02:45 UTC","elevation":144,"source_type":11,"duration":95360,"distance":116,"elevation_gain":0,"elevation_loss":0},
{"version":1,"timestamp":"2015-12-30 13:02:47 UTC","elevation":144,"source_type":11,"duration":97360,"distance":116,"elevation_gain":0,"elevation_loss":0},
{"version":1,"timestamp":"2015-12-30 13:02:49 UTC","elevation":144,"source_type":11,"duration":99359,"distance":127,"elevation_gain":0,"elevation_loss":0},
{"version":1,"timestamp":"2015-12-30 13:02:55 UTC","elevation":145,"source_type":11,"duration":105357,"distance":134,"elevation_gain":0,"elevation_loss":0},
{"version":1,"timestamp":"2015-12-30 13:03:03 UTC","elevation":145,"source_type":11,"duration":113356,"distance":143,"elevation_gain":0,"elevation_loss":0},
{"version":1,"timestamp":"2015-12-30 13:03:11 UTC","elevation":145,"source_type":11,"duration":121363,"distance":151,"elevation_gain":5,"elevation_loss":0},
{"version":1,"timestamp":"2015-12-30 13:03:19 UTC","elevation":145,"source_type":11,"duration":129368,"distance":158,"elevation_gain":5,"elevation_loss":0},
{"version":1,"timestamp":"2015-12-30 13:03:25 UTC","elevation":145,"source_type":11,"duration":135359,"distance":160,"elevation_gain":5,"elevation_loss":0},
{"version":1,"timestamp":"2015-12-30 13:03:29 UTC","elevation":145,"source_type":11,"duration":139357,"distance":164,"elevation_gain":5,"elevation_loss":0},
{"version":1,"timestamp":"2015-12-30 13:03:33 UTC","elevation":145,"source_type":11,"duration":143356,"distance":168,"elevation_gain":5,"elevation_loss":0},
{"version":1,"timestamp":"2015-12-30 13:03:37 UTC","elevation":145,"source_type":11,"duration":147361,"distance":172,"elevation_gain":5,"elevation_loss":0},
{"version":1,"timestamp":"2015-12-30 13:03:39 UTC","elevation":145,"source_type":11,"duration":149361,"distance":175,"elevation_gain":5,"elevation_loss":0},
{"version":1,"timestamp":"2015-12-30 13:03:43 UTC","elevation":145,"source_type":11,"duration":153358,"distance":179,"elevation_gain":5,"elevation_loss":0},
{"version":1,"timestamp":"2015-12-30 13:03:45 UTC","elevation":145,"source_type":11,"duration":155357,"distance":182,"elevation_gain":5,"elevation_loss":0},
{"version":1,"timestamp":"2015-12-30 13:03:49 UTC","elevation":145,"source_type":11,"duration":159365,"distance":186,"elevation_gain":5,"elevation_loss":0},
{"version":1,"timestamp":"2015-12-30 13:03:53 UTC","elevation":145,"source_type":11,"duration":163374,"distance":190,"elevation_gain":5,"elevation_loss":0},
{"version":1,"timestamp":"2015-12-30 13:03:57 UTC","elevation":145,"source_type":11,"duration":167357,"distance":194,"elevation_gain":5,"elevation_loss":0},
{"version":1,"timestamp":"2015-12-30 13:03:59 UTC","elevation":145,"source_type":11,"duration":169359,"distance":197,"elevation_gain":5,"elevation_loss":0},
{"version":1,"timestamp":"2015-12-30 13:04:01 UTC","elevation":145,"source_type":11,"duration":171368,"distance":200,"elevation_gain":5,"elevation_loss":0},
{"version":1,"timestamp":"2015-12-30 13:04:05 UTC","elevation":145,"source_type":11,"duration":175373,"distance":204,"elevation_gain":5,"elevation_loss":0},
{"version":1,"timestamp":"2015-12-30 13:04:09 UTC","elevation":145,"source_type":11,"duration":179357,"distance":208,"elevation_gain":5,"elevation_loss":0},
{"version":1,"timestamp":"2015-12-30 13:04:11 UTC","elevation":145,"source_type":11,"duration":181360,"distance":211,"elevation_gain":5,"elevation_loss":0},
{"version":1,"timestamp":"2015-12-30 13:04:15 UTC","elevation":144,"source_type":11,"duration":185360,"distance":215,"elevation_gain":5,"elevation_loss":0},
{"version":1,"timestamp":"2015-12-30 13:04:17 UTC","elevation":144,"source_type":11,"duration":187356,"distance":218,"elevation_gain":5,"elevation_loss":0},
{"version":1,"timestamp":"2015-12-30 13:04:21 UTC","elevation":144,"source_type":11,"duration":191366,"distance":222,"elevation_gain":5,"elevation_loss":0},
{"version":1,"timestamp":"2015-12-30 13:04:23 UTC","elevation":144,"source_type":11,"duration":193357,"distance":226,"elevation_gain":5,"elevation_loss":0},
{"version":1,"timestamp":"2015-12-30 13:04:25 UTC","elevation":144,"source_type":11,"duration":195359,"distance":229,"elevation_gain":5,"elevation_loss":0},
{"version":1,"timestamp":"2015-12-30 13:04:29 UTC","elevation":144,"source_type":11,"duration":199367,"distance":232,"elevation_gain":5,"elevation_loss":0},
{"version":1,"timestamp":"2015-12-30 13:04:33 UTC","elevation":143,"source_type":11,"duration":203357,"distance":236,"elevation_gain":5,"elevation_loss":0},
{"version":1,"timestamp":"2015-12-30 13:04:35 UTC","elevation":143,"source_type":11,"duration":205358,"distance":239,"elevation_gain":5,"elevation_loss":0},
{"version":1,"timestamp":"2015-12-30 13:04:39 UTC","elevation":143,"source_type":11,"duration":209363,"distance":243,"elevation_gain":5,"elevation_loss":0},
{"version":1,"timestamp":"2015-12-30 13:04:41 UTC","elevation":143,"source_type":11,"duration":211367,"distance":246,"elevation_gain":5,"elevation_loss":0},
{"version":1,"timestamp":"2015-12-30 13:04:45 UTC","elevation":143,"source_type":11,"duration":215357,"distance":250,"elevation_gain":5,"elevation_loss":0},
{"version":1,"timestamp":"2015-12-30 13:04:47 UTC","elevation":143,"source_type":11,"duration":217357,"distance":253,"elevation_gain":5,"elevation_loss":0},
{"version":1,"timestamp":"2015-12-30 13:04:51 UTC","elevation":142,"source_type":11,"duration":221358,"distance":257,"elevation_gain":5,"elevation_loss":0},
{"version":1,"timestamp":"2015-12-30 13:04:53 UTC","elevation":142,"source_type":11,"duration":223358,"distance":260,"elevation_gain":5,"elevation_loss":0},
{"version":1,"timestamp":"2015-12-30 13:04:57 UTC","elevation":142,"source_type":11,"duration":227358,"distance":264,"elevation_gain":5,"elevation_loss":0},
{"version":1,"timestamp":"2015-12-30 13:05:01 UTC","elevation":142,"source_type":11,"duration":231373,"distance":268,"elevation_gain":5,"elevation_loss":0},
{"version":1,"timestamp":"2015-12-30 13:05:03 UTC","elevation":142,"source_type":11,"duration":233361,"distance":271,"elevation_gain":5,"elevation_loss":0},
{"version":1,"timestamp":"2015-12-30 13:05:07 UTC","elevation":142,"source_type":11,"duration":237357,"distance":274,"elevation_gain":5,"elevation_loss":0},
{"version":1,"timestamp":"2015-12-30 13:05:09 UTC","elevation":142,"source_type":11,"duration":239357,"distance":277,"elevation_gain":5,"elevation_loss":0},
{"version":1,"timestamp":"2015-12-30 13:05:13 UTC","elevation":142,"source_type":11,"duration":243374,"distance":281,"elevation_gain":5,"elevation_loss":0},
{"version":1,"timestamp":"2015-12-30 13:05:15 UTC","elevation":142,"source_type":11,"duration":245361,"distance":284,"elevation_gain":5,"elevation_loss":0},
{"version":1,"timestamp":"2015-12-30 13:05:19 UTC","elevation":142,"source_type":11,"duration":249358,"distance":284,"elevation_gain":5,"elevation_loss":0},
{"version":1,"timestamp":"2015-12-30 13:05:21 UTC","elevation":142,"source_type":11,"duration":251367,"distance":284,"elevation_gain":5,"elevation_loss":0},
{"version":1,"timestamp":"2015-12-30 13:05:30 UTC","elevation":141,"source_type":11,"duration":254359,"distance":297,"elevation_gain":5,"elevation_loss":0},
{"version":1,"timestamp":"2015-12-30 13:05:36 UTC","elevation":141,"source_type":11,"duration":260357,"distance":303,"elevation_gain":5,"elevation_loss":0},
{"version":1,"timestamp":"2015-12-30 13:05:42 UTC","elevation":141,"source_type":11,"duration":266356,"distance":310,"elevation_gain":5,"elevation_loss":0},
{"version":1,"timestamp":"2015-12-30 13:05:48 UTC","elevation":141,"source_type":11,"duration":272086,"distance":316,"elevation_gain":5,"elevation_loss":0},
{"version":1,"timestamp":"2015-12-30 13:05:54 UTC","elevation":141,"source_type":11,"duration":278090,"distance":322,"elevation_gain":5,"elevation_loss":0},
{"version":1,"timestamp":"2015-12-30 13:05:59 UTC","elevation":140,"source_type":11,"duration":283820,"distance":328,"elevation_gain":5,"elevation_loss":5},
{"version":1,"timestamp":"2015-12-30 13:06:01 UTC","elevation":140,"source_type":11,"duration":285820,"distance":328,"elevation_gain":5,"elevation_loss":5},
{"version":1,"timestamp":"2015-12-30 13:06:03 UTC","elevation":140,"source_type":11,"duration":287821,"distance":328,"elevation_gain":5,"elevation_loss":5},
{"version":1,"timestamp":"2015-12-30 13:06:17 UTC","elevation":140,"source_type":11,"duration":301822,"distance":341,"elevation_gain":5,"elevation_loss":5},
{"version":1,"timestamp":"2015-12-30 13:06:23 UTC","elevation":140,"source_type":11,"duration":307823,"distance":348,"elevation_gain":5,"elevation_loss":5},
{"version":1,"timestamp":"2015-12-30 13:06:29 UTC","elevation":139,"source_type":11,"duration":313822,"distance":355,"elevation_gain":5,"elevation_loss":6},
{"version":1,"timestamp":"2015-12-30 13:06:35 UTC","elevation":139,"source_type":11,"duration":319824,"distance":362,"elevation_gain":5,"elevation_loss":6},
{"version":1,"timestamp":"2015-12-30 13:06:41 UTC","elevation":139,"source_type":11,"duration":325818,"distance":369,"elevation_gain":5,"elevation_loss":6},
{"version":1,"timestamp":"2015-12-30 13:06:47 UTC","elevation":139,"source_type":11,"duration":331824,"distance":376,"elevation_gain":5,"elevation_loss":6},
{"version":1,"timestamp":"2015-12-30 13:06:53 UTC","elevation":139,"source_type":11,"duration":337821,"distance":380,"elevation_gain":5,"elevation_loss":6},
{"version":1,"timestamp":"2015-12-30 13:06:55 UTC","elevation":138,"source_type":11,"duration":339829,"distance":384,"elevation_gain":5,"elevation_loss":7},
{"version":1,"timestamp":"2015-12-30 13:06:59 UTC","elevation":138,"source_type":11,"duration":343824,"distance":388,"elevation_gain":5,"elevation_loss":7},
{"version":1,"timestamp":"2015-12-30 13:07:01 UTC","elevation":138,"source_type":11,"duration":345819,"distance":391,"elevation_gain":5,"elevation_loss":7},
{"version":1,"timestamp":"2015-12-30 13:07:05 UTC","elevation":138,"source_type":11,"duration":349822,"distance":395,"elevation_gain":5,"elevation_loss":7},
{"version":1,"timestamp":"2015-12-30 13:07:07 UTC","elevation":137,"source_type":11,"duration":351824,"distance":398,"elevation_gain":5,"elevation_loss":8},
{"version":1,"timestamp":"2015-12-30 13:07:11 UTC","elevation":137,"source_type":11,"duration":355823,"distance":402,"elevation_gain":5,"elevation_loss":8},
{"version":1,"timestamp":"2015-12-30 13:07:13 UTC","elevation":137,"source_type":11,"duration":357824,"distance":405,"elevation_gain":5,"elevation_loss":8},
{"version":1,"timestamp":"2015-12-30 13:07:17 UTC","elevation":137,"source_type":11,"duration":361820,"distance":409,"elevation_gain":5,"elevation_loss":8},
{"version":1,"timestamp":"2015-12-30 13:07:21 UTC","elevation":136,"source_type":11,"duration":365820,"distance":413,"elevation_gain":5,"elevation_loss":9},
{"version":1,"timestamp":"2015-12-30 13:07:23 UTC","elevation":136,"source_type":11,"duration":367822,"distance":416,"elevation_gain":5,"elevation_loss":9},
{"version":1,"timestamp":"2015-12-30 13:07:27 UTC","elevation":136,"source_type":11,"duration":371818,"distance":420,"elevation_gain":5,"elevation_loss":9},
{"version":1,"timestamp":"2015-12-30 13:07:29 UTC","elevation":136,"source_type":11,"duration":373820,"distance":423,"elevation_gain":5,"elevation_loss":9},
{"version":1,"timestamp":"2015-12-30 13:07:33 UTC","elevation":135,"source_type":11,"duration":377823,"distance":427,"elevation_gain":5,"elevation_loss":10},
{"version":1,"timestamp":"2015-12-30 13:07:37 UTC","elevation":135,"source_type":11,"duration":381821,"distance":431,"elevation_gain":5,"elevation_loss":10},
{"version":1,"timestamp":"2015-12-30 13:07:39 UTC","elevation":135,"source_type":11,"duration":383820,"distance":434,"elevation_gain":5,"elevation_loss":10},
{"version":1,"timestamp":"2015-12-30 13:07:43 UTC","elevation":135,"source_type":11,"duration":387823,"distance":437,"elevation_gain":5,"elevation_loss":10},
{"version":1,"timestamp":"2015-12-30 13:07:47 UTC","elevation":135,"source_type":11,"duration":391822,"distance":437,"elevation_gain":5,"elevation_loss":10},
{"version":1,"timestamp":"2015-12-30 13:07:49 UTC","elevation":135,"source_type":11,"duration":393842,"distance":437,"elevation_gain":5,"elevation_loss":10},
{"version":1,"timestamp":"2015-12-30 13:07:57 UTC","elevation":136,"source_type":11,"duration":395822,"distance":447,"elevation_gain":5,"elevation_loss":10},
{"version":1,"timestamp":"2015-12-30 13:08:01 UTC","elevation":136,"source_type":11,"duration":399819,"distance":447,"elevation_gain":5,"elevation_loss":10},
{"version":1,"timestamp":"2015-12-30 13:08:03 UTC","elevation":136,"source_type":11,"duration":401823,"distance":455,"elevation_gain":5,"elevation_loss":10},
{"version":1,"timestamp":"2015-12-30 13:08:09 UTC","elevation":136,"source_type":11,"duration":407821,"distance":462,"elevation_gain":5,"elevation_loss":10},
{"version":1,"timestamp":"2015-12-30 13:08:15 UTC","elevation":136,"source_type":11,"duration":413826,"distance":471,"elevation_gain":5,"elevation_loss":10},
{"version":1,"timestamp":"2015-12-30 13:08:21 UTC","elevation":136,"source_type":11,"duration":419821,"distance":478,"elevation_gain":5,"elevation_loss":10},
{"version":1,"timestamp":"2015-12-30 13:08:27 UTC","elevation":137,"source_type":11,"duration":425825,"distance":485,"elevation_gain":5,"elevation_loss":10},
{"version":1,"timestamp":"2015-12-30 13:08:33 UTC","elevation":137,"source_type":11,"duration":431820,"distance":492,"elevation_gain":5,"elevation_loss":10},
{"version":1,"timestamp":"2015-12-30 13:08:39 UTC","elevation":137,"source_type":11,"duration":437825,"distance":499,"elevation_gain":5,"elevation_loss":10},
{"version":1,"timestamp":"2015-12-30 13:08:41 UTC","elevation":137,"source_type":11,"duration":439822,"distance":499,"elevation_gain":5,"elevation_loss":10},
{"version":1,"timestamp":"2015-12-30 13:08:43 UTC","elevation":137,"source_type":11,"duration":441822,"distance":499,"elevation_gain":5,"elevation_loss":10},
{"version":1,"timestamp":"2015-12-30 13:08:45 UTC","elevation":137,"source_type":11,"duration":443820,"distance":507,"elevation_gain":5,"elevation_loss":10},
{"version":1,"timestamp":"2015-12-30 13:08:49 UTC","elevation":137,"source_type":11,"duration":447822,"distance":507,"elevation_gain":5,"elevation_loss":10},
{"version":1,"timestamp":"2015-12-30 13:08:51 UTC","elevation":137,"source_type":11,"duration":449828,"distance":507,"elevation_gain":5,"elevation_loss":10},
{"version":1,"timestamp":"2015-12-30 13:09:04 UTC","elevation":137,"source_type":11,"duration":452829,"distance":516,"elevation_gain":5,"elevation_loss":10},
{"version":1,"timestamp":"2015-12-30 13:09:10 UTC","elevation":137,"source_type":11,"duration":458825,"distance":523,"elevation_gain":5,"elevation_loss":10},
{"version":1,"timestamp":"2015-12-30 13:09:16 UTC","elevation":137,"source_type":11,"duration":464828,"distance":531,"elevation_gain":5,"elevation_loss":10},
{"version":1,"timestamp":"2015-12-30 13:09:22 UTC","elevation":138,"source_type":11,"duration":470815,"distance":539,"elevation_gain":5,"elevation_loss":10},
{"version":1,"timestamp":"2015-12-30 13:09:28 UTC","elevation":138,"source_type":11,"duration":476821,"distance":547,"elevation_gain":5,"elevation_loss":10},
{"version":1,"timestamp":"2015-12-30 13:09:32 UTC","elevation":138,"source_type":11,"duration":480823,"distance":547,"elevation_gain":5,"elevation_loss":10},
{"version":1,"timestamp":"2015-12-30 13:09:34 UTC","elevation":138,"source_type":11,"duration":482820,"distance":547,"elevation_gain":5,"elevation_loss":10},
{"version":1,"timestamp":"2015-12-30 13:09:47 UTC","elevation":138,"source_type":11,"duration":485815,"distance":559,"elevation_gain":5,"elevation_loss":10},
{"version":1,"timestamp":"2015-12-30 13:09:53 UTC","elevation":138,"source_type":11,"duration":491814,"distance":567,"elevation_gain":5,"elevation_loss":10},
{"version":1,"timestamp":"2015-12-30 13:10:01 UTC","elevation":138,"source_type":11,"duration":499813,"distance":575,"elevation_gain":5,"elevation_loss":10},
{"version":1,"timestamp":"2015-12-30 13:10:07 UTC","elevation":138,"source_type":11,"duration":505813,"distance":584,"elevation_gain":5,"elevation_loss":10},
{"version":1,"timestamp":"2015-12-30 13:10:13 UTC","elevation":138,"source_type":11,"duration":511814,"distance":592,"elevation_gain":5,"elevation_loss":10},
{"version":1,"timestamp":"2015-12-30 13:10:15 UTC","elevation":138,"source_type":11,"duration":513817,"distance":592,"elevation_gain":5,"elevation_loss":10},
{"version":1,"timestamp":"2015-12-30 13:10:19 UTC","elevation":138,"source_type":11,"duration":517813,"distance":600,"elevation_gain":5,"elevation_loss":10},
{"version":1,"timestamp":"2015-12-30 13:10:25 UTC","elevation":137,"source_type":11,"duration":523814,"distance":608,"elevation_gain":5,"elevation_loss":10},
{"version":1,"timestamp":"2015-12-30 13:10:27 UTC","elevation":137,"source_type":11,"duration":525820,"distance":608,"elevation_gain":5,"elevation_loss":10},
{"version":1,"timestamp":"2015-12-30 13:10:31 UTC","elevation":137,"source_type":11,"duration":529814,"distance":616,"elevation_gain":5,"elevation_loss":10},
{"version":1,"timestamp":"2015-12-30 13:10:37 UTC","elevation":137,"source_type":11,"duration":535815,"distance":625,"elevation_gain":5,"elevation_loss":10},
{"version":1,"timestamp":"2015-12-30 13:10:43 UTC","elevation":137,"source_type":11,"duration":541814,"distance":632,"elevation_gain":5,"elevation_loss":10},
{"version":1,"timestamp":"2015-12-30 13:10:49 UTC","elevation":137,"source_type":11,"duration":547813,"distance":639,"elevation_gain":5,"elevation_loss":10},
{"version":1,"timestamp":"2015-12-30 13:10:55 UTC","elevation":137,"source_type":11,"duration":553815,"distance":639,"elevation_gain":5,"elevation_loss":10},
{"version":1,"timestamp":"2015-12-30 13:10:57 UTC","elevation":137,"source_type":11,"duration":555813,"distance":647,"elevation_gain":5,"elevation_loss":10},
{"version":1,"timestamp":"2015-12-30 13:11:03 UTC","elevation":137,"source_type":11,"duration":561807,"distance":647,"elevation_gain":5,"elevation_loss":10},
{"version":1,"timestamp":"2015-12-30 13:11:05 UTC","elevation":137,"source_type":11,"duration":563813,"distance":647,"elevation_gain":5,"elevation_loss":10},
{"version":1,"timestamp":"2015-12-30 13:11:12 UTC","elevation":136,"source_type":11,"duration":565823,"distance":661,"elevation_gain":5,"elevation_loss":10},
{"version":1,"timestamp":"2015-12-30 13:11:18 UTC","elevation":136,"source_type":11,"duration":571825,"distance":669,"elevation_gain":5,"elevation_loss":10},
{"version":1,"timestamp":"2015-12-30 13:11:24 UTC","elevation":136,"source_type":11,"duration":577823,"distance":676,"elevation_gain":5,"elevation_loss":10},
{"version":1,"timestamp":"2015-12-30 13:11:30 UTC","elevation":136,"source_type":11,"duration":583826,"distance":683,"elevation_gain":5,"elevation_loss":10},
{"version":1,"timestamp":"2015-12-30 13:11:42 UTC","elevation":136,"source_type":11,"duration":595832,"distance":690,"elevation_gain":5,"elevation_loss":10},
{"version":1,"timestamp":"2015-12-30 13:11:48 UTC","elevation":136,"source_type":11,"duration":601826,"distance":697,"elevation_gain":5,"elevation_loss":10},
{"version":1,"timestamp":"2015-12-30 13:11:54 UTC","elevation":136,"source_type":11,"duration":607826,"distance":697,"elevation_gain":5,"elevation_loss":10},
{"version":1,"timestamp":"2015-12-30 13:11:56 UTC","elevation":136,"source_type":11,"duration":609827,"distance":697,"elevation_gain":5,"elevation_loss":10},
{"version":1,"timestamp":"2015-12-30 13:11:58 UTC","elevation":136,"source_type":11,"duration":611825,"distance":704,"elevation_gain":5,"elevation_loss":10},
{"version":1,"timestamp":"2015-12-30 13:12:04 UTC","elevation":136,"source_type":11,"duration":617823,"distance":711,"elevation_gain":5,"elevation_loss":10},
{"version":1,"timestamp":"2015-12-30 13:12:08 UTC","elevation":136,"source_type":11,"duration":621825,"distance":711,"elevation_gain":5,"elevation_loss":10},
{"version":1,"timestamp":"2015-12-30 13:12:10 UTC","elevation":136,"source_type":11,"duration":623825,"distance":718,"elevation_gain":5,"elevation_loss":10},
{"version":1,"timestamp":"2015-12-30 13:12:12 UTC","elevation":136,"source_type":11,"duration":625822,"distance":718,"elevation_gain":5,"elevation_loss":10},
{"version":1,"timestamp":"2015-12-30 13:12:16 UTC","elevation":136,"source_type":11,"duration":629822,"distance":725,"elevation_gain":5,"elevation_loss":10},
{"version":1,"timestamp":"2015-12-30 13:12:20 UTC","elevation":136,"source_type":11,"duration":633827,"distance":725,"elevation_gain":5,"elevation_loss":10},
{"version":1,"timestamp":"2015-12-30 13:12:22 UTC","elevation":136,"source_type":11,"duration":635827,"distance":725,"elevation_gain":5,"elevation_loss":10},
{"version":1,"timestamp":"2015-12-30 13:12:24 UTC","elevation":136,"source_type":11,"duration":637826,"distance":725,"elevation_gain":5,"elevation_loss":10},
{"version":1,"timestamp":"2015-12-30 13:12:36 UTC","elevation":136,"source_type":11,"duration":649824,"distance":735,"elevation_gain":5,"elevation_loss":10},
{"version":1,"timestamp":"2015-12-30 13:12:38 UTC","elevation":136,"source_type":11,"duration":651823,"distance":741,"elevation_gain":5,"elevation_loss":10},
{"version":1,"timestamp":"2015-12-30 13:12:40 UTC","elevation":136,"source_type":11,"duration":653824,"distance":741,"elevation_gain":5,"elevation_loss":10},
{"version":1,"timestamp":"2015-12-30 13:12:42 UTC","elevation":136,"source_type":11,"duration":655822,"distance":741,"elevation_gain":5,"elevation_loss":10},
{"version":1,"timestamp":"2015-12-30 13:12:44 UTC","elevation":136,"source_type":11,"duration":657826,"distance":747,"elevation_gain":5,"elevation_loss":10},
{"version":1,"timestamp":"2015-12-30 13:12:46 UTC","elevation":136,"source_type":11,"duration":659826,"distance":752,"elevation_gain":5,"elevation_loss":10},
{"version":1,"timestamp":"2015-12-30 13:12:48 UTC","elevation":136,"source_type":11,"duration":661824,"distance":755,"elevation_gain":5,"elevation_loss":10},
{"version":1,"timestamp":"2015-12-30 13:12:52 UTC","elevation":135,"source_type":11,"duration":665822,"distance":760,"elevation_gain":5,"elevation_loss":10},
{"version":1,"timestamp":"2015-12-30 13:12:54 UTC","elevation":135,"source_type":11,"duration":667826,"distance":763,"elevation_gain":5,"elevation_loss":10},
{"version":1,"timestamp":"2015-12-30 13:12:56 UTC","elevation":135,"source_type":11,"duration":669822,"distance":763,"elevation_gain":5,"elevation_loss":10},
{"version":1,"timestamp":"2015-12-30 13:12:58 UTC","elevation":135,"source_type":11,"duration":671826,"distance":763,"elevation_gain":5,"elevation_loss":10},
{"version":1,"timestamp":"2015-12-30 13:13:22 UTC","elevation":135,"source_type":11,"duration":695825,"distance":778,"elevation_gain":5,"elevation_loss":10},
{"version":1,"timestamp":"2015-12-30 13:13:24 UTC","elevation":135,"source_type":11,"duration":697842,"distance":778,"elevation_gain":5,"elevation_loss":10},
{"version":1,"timestamp":"2015-12-30 13:13:26 UTC","elevation":135,"source_type":11,"duration":699845,"distance":778,"elevation_gain":5,"elevation_loss":10},
{"version":1,"timestamp":"2015-12-30 13:13:40 UTC","elevation":135,"source_type":11,"duration":713823,"distance":795,"elevation_gain":5,"elevation_loss":10},
{"version":1,"timestamp":"2015-12-30 13:13:42 UTC","elevation":135,"source_type":11,"duration":715823,"distance":805,"elevation_gain":5,"elevation_loss":10},
{"version":1,"timestamp":"2015-12-30 13:13:44 UTC","elevation":135,"source_type":11,"duration":717824,"distance":811,"elevation_gain":5,"elevation_loss":10},
{"version":1,"timestamp":"2015-12-30 13:13:46 UTC","elevation":135,"source_type":11,"duration":719827,"distance":815,"elevation_gain":5,"elevation_loss":10},
{"version":1,"timestamp":"2015-12-30 13:13:50 UTC","elevation":135,"source_type":11,"duration":723846,"distance":820,"elevation_gain":5,"elevation_loss":10},
{"version":1,"timestamp":"2015-12-30 13:13:52 UTC","elevation":135,"source_type":11,"duration":725823,"distance":824,"elevation_gain":5,"elevation_loss":10},
{"version":1,"timestamp":"2015-12-30 13:13:54 UTC","elevation":135,"source_type":11,"duration":727823,"distance":827,"elevation_gain":5,"elevation_loss":10},
{"version":1,"timestamp":"2015-12-30 13:13:58 UTC","elevation":135,"source_type":11,"duration":731822,"distance":832,"elevation_gain":5,"elevation_loss":10},
{"version":1,"timestamp":"2015-12-30 13:14:00 UTC","elevation":135,"source_type":11,"duration":733832,"distance":835,"elevation_gain":5,"elevation_loss":10},
{"version":1,"timestamp":"2015-12-30 13:14:04 UTC","elevation":135,"source_type":11,"duration":737823,"distance":840,"elevation_gain":5,"elevation_loss":10},
{"version":1,"timestamp":"2015-12-30 13:14:06 UTC","elevation":135,"source_type":11,"duration":739826,"distance":843,"elevation_gain":5,"elevation_loss":10},
{"version":1,"timestamp":"2015-12-30 13:14:10 UTC","elevation":135,"source_type":11,"duration":743823,"distance":847,"elevation_gain":5,"elevation_loss":10},
{"version":1,"timestamp":"2015-12-30 13:14:14 UTC","elevation":135,"source_type":11,"duration":747830,"distance":851,"elevation_gain":5,"elevation_loss":10},
{"version":1,"timestamp":"2015-12-30 13:14:16 UTC","elevation":135,"source_type":11,"duration":749824,"distance":854,"elevation_gain":5,"elevation_loss":10},
{"version":1,"timestamp":"2015-12-30 13:14:20 UTC","elevation":135,"source_type":11,"duration":753821,"distance":858,"elevation_gain":5,"elevation_loss":10},
{"version":1,"timestamp":"2015-12-30 13:14:24 UTC","elevation":135,"source_type":11,"duration":757824,"distance":863,"elevation_gain":5,"elevation_loss":10},
{"version":1,"timestamp":"2015-12-30 13:14:26 UTC","elevation":135,"source_type":11,"duration":759822,"distance":866,"elevation_gain":5,"elevation_loss":10},
{"version":1,"timestamp":"2015-12-30 13:14:30 UTC","elevation":135,"source_type":11,"duration":763822,"distance":870,"elevation_gain":5,"elevation_loss":10},
{"version":1,"timestamp":"2015-12-30 13:14:32 UTC","elevation":135,"source_type":11,"duration":765822,"distance":873,"elevation_gain":5,"elevation_loss":10},
{"version":1,"timestamp":"2015-12-30 13:14:36 UTC","elevation":135,"source_type":11,"duration":769823,"distance":877,"elevation_gain":5,"elevation_loss":10},
{"version":1,"timestamp":"2015-12-30 13:14:40 UTC","elevation":135,"source_type":11,"duration":773830,"distance":881,"elevation_gain":5,"elevation_loss":10},
{"version":1,"timestamp":"2015-12-30 13:14:44 UTC","elevation":135,"source_type":11,"duration":777823,"distance":885,"elevation_gain":5,"elevation_loss":10},
{"version":1,"timestamp":"2015-12-30 13:14:48 UTC","elevation":135,"source_type":11,"duration":781825,"distance":889,"elevation_gain":5,"elevation_loss":10},
{"version":1,"timestamp":"2015-12-30 13:14:52 UTC","elevation":135,"source_type":11,"duration":785822,"distance":893,"elevation_gain":5,"elevation_loss":10},
{"version":1,"timestamp":"2015-12-30 13:14:56 UTC","elevation":135,"source_type":11,"duration":789823,"distance":897,"elevation_gain":5,"elevation_loss":10},
{"version":1,"timestamp":"2015-12-30 13:14:58 UTC","elevation":135,"source_type":11,"duration":791823,"distance":900,"elevation_gain":5,"elevation_loss":10},
{"version":1,"timestamp":"2015-12-30 13:15:02 UTC","elevation":135,"source_type":11,"duration":795823,"distance":900,"elevation_gain":5,"elevation_loss":10},
{"version":1,"timestamp":"2015-12-30 13:15:04 UTC","elevation":135,"source_type":11,"duration":797834,"distance":900,"elevation_gain":5,"elevation_loss":10},
{"version":1,"timestamp":"2015-12-30 13:15:16 UTC","elevation":135,"source_type":11,"duration":809827,"distance":911,"elevation_gain":5,"elevation_loss":10},
{"version":1,"timestamp":"2015-12-30 13:15:18 UTC","elevation":135,"source_type":11,"duration":811827,"distance":917,"elevation_gain":5,"elevation_loss":10},
{"version":1,"timestamp":"2015-12-30 13:15:20 UTC","elevation":135,"source_type":11,"duration":813830,"distance":921,"elevation_gain":5,"elevation_loss":10},
{"version":1,"timestamp":"2015-12-30 13:15:24 UTC","elevation":135,"source_type":11,"duration":817824,"distance":925,"elevation_gain":5,"elevation_loss":10},
{"version":1,"timestamp":"2015-12-30 13:15:28 UTC","elevation":135,"source_type":11,"duration":821824,"distance":929,"elevation_gain":5,"elevation_loss":10},
{"version":1,"timestamp":"2015-12-30 13:15:30 UTC","elevation":135,"source_type":11,"duration":823829,"distance":933,"elevation_gain":5,"elevation_loss":10},
{"version":1,"timestamp":"2015-12-30 13:15:34 UTC","elevation":135,"source_type":11,"duration":827824,"distance":937,"elevation_gain":5,"elevation_loss":10},
{"version":1,"timestamp":"2015-12-30 13:15:36 UTC","elevation":135,"source_type":11,"duration":829823,"distance":941,"elevation_gain":5,"elevation_loss":10},
{"version":1,"timestamp":"2015-12-30 13:15:40 UTC","elevation":135,"source_type":11,"duration":833822,"distance":945,"elevation_gain":5,"elevation_loss":10},
{"version":1,"timestamp":"2015-12-30 13:15:42 UTC","elevation":135,"source_type":11,"duration":835823,"distance":949,"elevation_gain":5,"elevation_loss":10},
{"version":1,"timestamp":"2015-12-30 13:15:44 UTC","elevation":135,"source_type":11,"duration":837828,"distance":952,"elevation_gain":5,"elevation_loss":10},
{"version":1,"timestamp":"2015-12-30 13:15:48 UTC","elevation":135,"source_type":11,"duration":841828,"distance":956,"elevation_gain":5,"elevation_loss":10},
{"version":1,"timestamp":"2015-12-30 13:15:50 UTC","elevation":135,"source_type":11,"duration":843823,"distance":960,"elevation_gain":5,"elevation_loss":10},
{"version":1,"timestamp":"2015-12-30 13:15:54 UTC","elevation":135,"source_type":11,"duration":847823,"distance":964,"elevation_gain":5,"elevation_loss":10},
{"version":1,"timestamp":"2015-12-30 13:15:56 UTC","elevation":135,"source_type":11,"duration":849831,"distance":968,"elevation_gain":5,"elevation_loss":10},
{"version":1,"timestamp":"2015-12-30 13:16:00 UTC","elevation":135,"source_type":11,"duration":853825,"distance":972,"elevation_gain":5,"elevation_loss":10},
{"version":1,"timestamp":"2015-12-30 13:16:04 UTC","elevation":135,"source_type":11,"duration":857824,"distance":976,"elevation_gain":5,"elevation_loss":10},
{"version":1,"timestamp":"2015-12-30 13:16:06 UTC","elevation":135,"source_type":11,"duration":859823,"distance":979,"elevation_gain":5,"elevation_loss":10},
{"version":1,"timestamp":"2015-12-30 13:16:10 UTC","elevation":135,"source_type":11,"duration":863829,"distance":983,"elevation_gain":5,"elevation_loss":10},
{"version":1,"timestamp":"2015-12-30 13:16:14 UTC","elevation":135,"source_type":11,"duration":867823,"distance":987,"elevation_gain":5,"elevation_loss":10},
{"version":1,"timestamp":"2015-12-30 13:16:16 UTC","elevation":135,"source_type":11,"duration":869825,"distance":990,"elevation_gain":5,"elevation_loss":10},
{"version":1,"timestamp":"2015-12-30 13:16:20 UTC","elevation":135,"source_type":11,"duration":873823,"distance":994,"elevation_gain":5,"elevation_loss":10},
{"version":1,"timestamp":"2015-12-30 13:16:24 UTC","elevation":135,"source_type":11,"duration":877823,"distance":998,"elevation_gain":5,"elevation_loss":10},
{"version":1,"timestamp":"2015-12-30 13:16:26 UTC","elevation":135,"source_type":11,"duration":879824,"distance":1001,"elevation_gain":5,"elevation_loss":10},
{"version":1,"timestamp":"2015-12-30 13:16:30 UTC","elevation":135,"source_type":11,"duration":883902,"distance":1005,"elevation_gain":5,"elevation_loss":10},
{"version":1,"timestamp":"2015-12-30 13:16:32 UTC","elevation":135,"source_type":11,"duration":885909,"distance":1008,"elevation_gain":5,"elevation_loss":10},
{"version":1,"timestamp":"2015-12-30 13:16:36 UTC","elevation":135,"source_type":11,"duration":889833,"distance":1012,"elevation_gain":5,"elevation_loss":10},
{"version":1,"timestamp":"2015-12-30 13:16:38 UTC","elevation":135,"source_type":11,"duration":891829,"distance":1016,"elevation_gain":5,"elevation_loss":10},
{"version":1,"timestamp":"2015-12-30 13:16:42 UTC","elevation":135,"source_type":11,"duration":895952,"distance":1020,"elevation_gain":5,"elevation_loss":10},
{"version":1,"timestamp":"2015-12-30 13:16:44 UTC","elevation":135,"source_type":11,"duration":897815,"distance":1023,"elevation_gain":5,"elevation_loss":10},
{"version":1,"timestamp":"2015-12-30 13:16:48 UTC","elevation":135,"source_type":11,"duration":901825,"distance":1027,"elevation_gain":5,"elevation_loss":10},
{"version":1,"timestamp":"2015-12-30 13:16:52 UTC","elevation":135,"source_type":11,"duration":905822,"distance":1031,"elevation_gain":5,"elevation_loss":10},
{"version":1,"timestamp":"2015-12-30 13:16:54 UTC","elevation":135,"source_type":11,"duration":907823,"distance":1034,"elevation_gain":5,"elevation_loss":10},
{"version":1,"timestamp":"2015-12-30 13:16:58 UTC","elevation":135,"source_type":11,"duration":911825,"distance":1038,"elevation_gain":5,"elevation_loss":10},
{"version":1,"timestamp":"2015-12-30 13:17:00 UTC","elevation":135,"source_type":11,"duration":913824,"distance":1042,"elevation_gain":5,"elevation_loss":10},
{"version":1,"timestamp":"2015-12-30 13:17:04 UTC","elevation":135,"source_type":11,"duration":917868,"distance":1046,"elevation_gain":5,"elevation_loss":10},
{"version":1,"timestamp":"2015-12-30 13:17:06 UTC","elevation":135,"source_type":11,"duration":919829,"distance":1050,"elevation_gain":5,"elevation_loss":10},
{"version":1,"timestamp":"2015-12-30 13:17:08 UTC","elevation":135,"source_type":11,"duration":921831,"distance":1053,"elevation_gain":5,"elevation_loss":10},
{"version":1,"timestamp":"2015-12-30 13:17:12 UTC","elevation":135,"source_type":11,"duration":925823,"distance":1057,"elevation_gain":5,"elevation_loss":10},
{"version":1,"timestamp":"2015-12-30 13:17:14 UTC","elevation":135,"source_type":11,"duration":927823,"distance":1060,"elevation_gain":5,"elevation_loss":10},
{"version":1,"timestamp":"2015-12-30 13:17:18 UTC","elevation":135,"source_type":11,"duration":931826,"distance":1064,"elevation_gain":5,"elevation_loss":10},
{"version":1,"timestamp":"2015-12-30 13:17:22 UTC","elevation":135,"source_type":11,"duration":935824,"distance":1068,"elevation_gain":5,"elevation_loss":10},
{"version":1,"timestamp":"2015-12-30 13:17:24 UTC","elevation":135,"source_type":11,"duration":937841,"distance":1072,"elevation_gain":5,"elevation_loss":10},
{"version":1,"timestamp":"2015-12-30 13:17:28 UTC","elevation":135,"source_type":11,"duration":941823,"distance":1076,"elevation_gain":5,"elevation_loss":10},
{"version":1,"timestamp":"2015-12-30 13:17:30 UTC","elevation":136,"source_type":11,"duration":943822,"distance":1079,"elevation_gain":5,"elevation_loss":10},
{"version":1,"timestamp":"2015-12-30 13:17:34 UTC","elevation":136,"source_type":11,"duration":947829,"distance":1083,"elevation_gain":5,"elevation_loss":10},
{"version":1,"timestamp":"2015-12-30 13:17:36 UTC","elevation":136,"source_type":11,"duration":949823,"distance":1087,"elevation_gain":5,"elevation_loss":10},
{"version":1,"timestamp":"2015-12-30 13:17:40 UTC","elevation":136,"source_type":11,"duration":953824,"distance":1091,"elevation_gain":5,"elevation_loss":10},
{"version":1,"timestamp":"2015-12-30 13:17:42 UTC","elevation":136,"source_type":11,"duration":955822,"distance":1094,"elevation_gain":5,"elevation_loss":10},
{"version":1,"timestamp":"2015-12-30 13:17:46 UTC","elevation":136,"source_type":11,"duration":959822,"distance":1098,"elevation_gain":5,"elevation_loss":10},
{"version":1,"timestamp":"2015-12-30 13:17:48 UTC","elevation":136,"source_type":11,"duration":961824,"distance":1101,"elevation_gain":5,"elevation_loss":10},
{"version":1,"timestamp":"2015-12-30 13:17:52 UTC","elevation":136,"source_type":11,"duration":965824,"distance":1105,"elevation_gain":5,"elevation_loss":10},
{"version":1,"timestamp":"2015-12-30 13:17:56 UTC","elevation":136,"source_type":11,"duration":969830,"distance":1109,"elevation_gain":5,"elevation_loss":10},
{"version":1,"timestamp":"2015-12-30 13:17:58 UTC","elevation":136,"source_type":11,"duration":971834,"distance":1113,"elevation_gain":5,"elevation_loss":10},
{"version":1,"timestamp":"2015-12-30 13:18:02 UTC","elevation":136,"source_type":11,"duration":975831,"distance":1118,"elevation_gain":5,"elevation_loss":10},
{"version":1,"timestamp":"2015-12-30 13:18:04 UTC","elevation":136,"source_type":11,"duration":977824,"distance":1121,"elevation_gain":5,"elevation_loss":10},
{"version":1,"timestamp":"2015-12-30 13:18:08 UTC","elevation":137,"source_type":11,"duration":981824,"distance":1125,"elevation_gain":5,"elevation_loss":10},
{"version":1,"timestamp":"2015-12-30 13:18:10 UTC","elevation":137,"source_type":11,"duration":983828,"distance":1129,"elevation_gain":5,"elevation_loss":10},
{"version":1,"timestamp":"2015-12-30 13:18:14 UTC","elevation":137,"source_type":11,"duration":987824,"distance":1133,"elevation_gain":5,"elevation_loss":10},
{"version":1,"timestamp":"2015-12-30 13:18:16 UTC","elevation":137,"source_type":11,"duration":989823,"distance":1136,"elevation_gain":5,"elevation_loss":10},
{"version":1,"timestamp":"2015-12-30 13:18:20 UTC","elevation":137,"source_type":11,"duration":993823,"distance":1140,"elevation_gain":5,"elevation_loss":10},
{"version":1,"timestamp":"2015-12-30 13:18:22 UTC","elevation":137,"source_type":11,"duration":995825,"distance":1143,"elevation_gain":5,"elevation_loss":10},
{"version":1,"timestamp":"2015-12-30 13:18:26 UTC","elevation":137,"source_type":11,"duration":999824,"distance":1147,"elevation_gain":5,"elevation_loss":10},
{"version":1,"timestamp":"2015-12-30 13:18:30 UTC","elevation":137,"source_type":11,"duration":1003825,"distance":1151,"elevation_gain":5,"elevation_loss":10},
{"version":1,"timestamp":"2015-12-30 13:18:34 UTC","elevation":137,"source_type":11,"duration":1007824,"distance":1151,"elevation_gain":5,"elevation_loss":10},
{"version":1,"timestamp":"2015-12-30 13:18:36 UTC","elevation":137,"source_type":11,"duration":1009841,"distance":1151,"elevation_gain":5,"elevation_loss":10},
{"version":1,"timestamp":"2015-12-30 13:18:45 UTC","elevation":137,"source_type":11,"duration":1012822,"distance":1164,"elevation_gain":5,"elevation_loss":10},
{"version":1,"timestamp":"2015-12-30 13:18:49 UTC","elevation":137,"source_type":11,"duration":1016818,"distance":1170,"elevation_gain":5,"elevation_loss":10},
{"version":1,"timestamp":"2015-12-30 13:18:55 UTC","elevation":137,"source_type":11,"duration":1022819,"distance":1178,"elevation_gain":5,"elevation_loss":10},
{"version":1,"timestamp":"2015-12-30 13:19:01 UTC","elevation":137,"source_type":11,"duration":1028820,"distance":1187,"elevation_gain":5,"elevation_loss":10},
{"version":1,"timestamp":"2015-12-30 13:19:07 UTC","elevation":137,"source_type":11,"duration":1034822,"distance":1194,"elevation_gain":5,"elevation_loss":10},
{"version":1,"timestamp":"2015-12-30 13:19:09 UTC","elevation":137,"source_type":11,"duration":1036821,"distance":1194,"elevation_gain":5,"elevation_loss":10},
{"version":1,"timestamp":"2015-12-30 13:19:11 UTC","elevation":137,"source_type":11,"duration":1038819,"distance":1194,"elevation_gain":5,"elevation_loss":10},
{"version":1,"timestamp":"2015-12-30 13:19:26 UTC","elevation":137,"source_type":11,"duration":1040817,"distance":1201,"elevation_gain":5,"elevation_loss":10},
{"version":1,"timestamp":"2015-12-30 13:19:32 UTC","elevation":137,"source_type":11,"duration":1046818,"distance":1201,"elevation_gain":5,"elevation_loss":10},
{"version":1,"timestamp":"2015-12-30 13:19:34 UTC","elevation":137,"source_type":11,"duration":1048817,"distance":1201,"elevation_gain":5,"elevation_loss":10},
{"version":1,"timestamp":"2015-12-30 13:19:36 UTC","elevation":137,"source_type":11,"duration":1050809,"distance":1211,"elevation_gain":5,"elevation_loss":10},
{"version":1,"timestamp":"2015-12-30 13:19:44 UTC","elevation":138,"source_type":11,"duration":1058809,"distance":1220,"elevation_gain":5,"elevation_loss":10},
{"version":1,"timestamp":"2015-12-30 13:19:50 UTC","elevation":138,"source_type":11,"duration":1064822,"distance":1228,"elevation_gain":5,"elevation_loss":10},
{"version":1,"timestamp":"2015-12-30 13:19:56 UTC","elevation":138,"source_type":11,"duration":1070817,"distance":1237,"elevation_gain":5,"elevation_loss":10},
{"version":1,"timestamp":"2015-12-30 13:20:00 UTC","elevation":138,"source_type":11,"duration":1074816,"distance":1243,"elevation_gain":5,"elevation_loss":10},
{"version":1,"timestamp":"2015-12-30 13:20:02 UTC","elevation":138,"source_type":11,"duration":1076817,"distance":1243,"elevation_gain":5,"elevation_loss":10},
{"version":1,"timestamp":"2015-12-30 13:20:04 UTC","elevation":138,"source_type":11,"duration":1078817,"distance":1243,"elevation_gain":5,"elevation_loss":10},
{"version":1,"timestamp":"2015-12-30 13:20:06 UTC","elevation":138,"source_type":11,"duration":1080807,"distance":1252,"elevation_gain":5,"elevation_loss":10},
{"version":1,"timestamp":"2015-12-30 13:20:10 UTC","elevation":138,"source_type":11,"duration":1084816,"distance":1259,"elevation_gain":5,"elevation_loss":10},
{"version":1,"timestamp":"2015-12-30 13:20:14 UTC","elevation":138,"source_type":11,"duration":1088822,"distance":1265,"elevation_gain":5,"elevation_loss":10},
{"version":1,"timestamp":"2015-12-30 13:20:20 UTC","elevation":139,"source_type":11,"duration":1094819,"distance":1274,"elevation_gain":5,"elevation_loss":10},
{"version":1,"timestamp":"2015-12-30 13:20:22 UTC","elevation":139,"source_type":11,"duration":1096817,"distance":1274,"elevation_gain":5,"elevation_loss":10},
{"version":1,"timestamp":"2015-12-30 13:20:24 UTC","elevation":139,"source_type":11,"duration":1098824,"distance":1274,"elevation_gain":5,"elevation_loss":10},
{"version":1,"timestamp":"2015-12-30 13:20:26 UTC","elevation":139,"source_type":11,"duration":1100818,"distance":1274,"elevation_gain":5,"elevation_loss":10},
{"version":1,"timestamp":"2015-12-30 13:20:28 UTC","elevation":139,"source_type":11,"duration":1102839,"distance":1280,"elevation_gain":5,"elevation_loss":10},
{"version":1,"timestamp":"2015-12-30 13:20:36 UTC","elevation":139,"source_type":11,"duration":1110822,"distance":1289,"elevation_gain":5,"elevation_loss":10},
{"version":1,"timestamp":"2015-12-30 13:20:38 UTC","elevation":139,"source_type":11,"duration":1112823,"distance":1289,"elevation_gain":5,"elevation_loss":10},
{"version":1,"timestamp":"2015-12-30 13:20:40 UTC","elevation":139,"source_type":11,"duration":1114823,"distance":1289,"elevation_gain":5,"elevation_loss":10},
{"version":1,"timestamp":"2015-12-30 13:20:52 UTC","elevation":139,"source_type":11,"duration":1126821,"distance":1296,"elevation_gain":5,"elevation_loss":10},
{"version":1,"timestamp":"2015-12-30 13:20:54 UTC","elevation":139,"source_type":11,"duration":1128822,"distance":1300,"elevation_gain":5,"elevation_loss":10},
{"version":1,"timestamp":"2015-12-30 13:20:58 UTC","elevation":139,"source_type":11,"duration":1132817,"distance":1304,"elevation_gain":5,"elevation_loss":10},
{"version":1,"timestamp":"2015-12-30 13:21:02 UTC","elevation":139,"source_type":11,"duration":1136818,"distance":1308,"elevation_gain":5,"elevation_loss":10},
{"version":1,"timestamp":"2015-12-30 13:21:04 UTC","elevation":139,"source_type":11,"duration":1138820,"distance":1312,"elevation_gain":5,"elevation_loss":10},
{"version":1,"timestamp":"2015-12-30 13:21:08 UTC","elevation":139,"source_type":11,"duration":1142820,"distance":1316,"elevation_gain":5,"elevation_loss":10},
{"version":1,"timestamp":"2015-12-30 13:21:10 UTC","elevation":139,"source_type":11,"duration":1144818,"distance":1319,"elevation_gain":5,"elevation_loss":10},
{"version":1,"timestamp":"2015-12-30 13:21:14 UTC","elevation":139,"source_type":11,"duration":1148818,"distance":1323,"elevation_gain":5,"elevation_loss":10},
{"version":1,"timestamp":"2015-12-30 13:21:18 UTC","elevation":139,"source_type":11,"duration":1152823,"distance":1327,"elevation_gain":5,"elevation_loss":10},
{"version":1,"timestamp":"2015-12-30 13:21:20 UTC","elevation":139,"source_type":11,"duration":1154822,"distance":1330,"elevation_gain":5,"elevation_loss":10},
{"version":1,"timestamp":"2015-12-30 13:21:24 UTC","elevation":139,"source_type":11,"duration":1158828,"distance":1335,"elevation_gain":5,"elevation_loss":10},
{"version":1,"timestamp":"2015-12-30 13:21:26 UTC","elevation":138,"source_type":11,"duration":1160818,"distance":1338,"elevation_gain":5,"elevation_loss":10},
{"version":1,"timestamp":"2015-12-30 13:21:30 UTC","elevation":138,"source_type":11,"duration":1164819,"distance":1342,"elevation_gain":5,"elevation_loss":10},
{"version":1,"timestamp":"2015-12-30 13:21:32 UTC","elevation":138,"source_type":11,"duration":1166824,"distance":1346,"elevation_gain":5,"elevation_loss":10},
{"version":1,"timestamp":"2015-12-30 13:21:36 UTC","elevation":138,"source_type":11,"duration":1170820,"distance":1350,"elevation_gain":5,"elevation_loss":10},
{"version":1,"timestamp":"2015-12-30 13:21:38 UTC","elevation":138,"source_type":11,"duration":1172817,"distance":1353,"elevation_gain":5,"elevation_loss":10},
{"version":1,"timestamp":"2015-12-30 13:21:42 UTC","elevation":138,"source_type":11,"duration":1176818,"distance":1357,"elevation_gain":5,"elevation_loss":10},
{"version":1,"timestamp":"2015-12-30 13:21:46 UTC","elevation":138,"source_type":11,"duration":1180821,"distance":1361,"elevation_gain":5,"elevation_loss":10},
{"version":1,"timestamp":"2015-12-30 13:21:48 UTC","elevation":138,"source_type":11,"duration":1182820,"distance":1364,"elevation_gain":5,"elevation_loss":10},
{"version":1,"timestamp":"2015-12-30 13:21:52 UTC","elevation":138,"source_type":11,"duration":1186819,"distance":1368,"elevation_gain":5,"elevation_loss":10},
{"version":1,"timestamp":"2015-12-30 13:21:54 UTC","elevation":138,"source_type":11,"duration":1188818,"distance":1371,"elevation_gain":5,"elevation_loss":10},
{"version":1,"timestamp":"2015-12-30 13:21:58 UTC","elevation":138,"source_type":11,"duration":1192822,"distance":1375,"elevation_gain":5,"elevation_loss":10},
{"version":1,"timestamp":"2015-12-30 13:22:00 UTC","elevation":138,"source_type":11,"duration":1194823,"distance":1375,"elevation_gain":5,"elevation_loss":10},
{"version":1,"timestamp":"2015-12-30 13:22:02 UTC","elevation":137,"source_type":11,"duration":1196820,"distance":1379,"elevation_gain":5,"elevation_loss":10},
{"version":1,"timestamp":"2015-12-30 13:22:06 UTC","elevation":137,"source_type":11,"duration":1200817,"distance":1383,"elevation_gain":5,"elevation_loss":10},
{"version":1,"timestamp":"2015-12-30 13:22:08 UTC","elevation":137,"source_type":11,"duration":1202818,"distance":1386,"elevation_gain":5,"elevation_loss":10},
{"version":1,"timestamp":"2015-12-30 13:22:12 UTC","elevation":137,"source_type":11,"duration":1206823,"distance":1389,"elevation_gain":5,"elevation_loss":10},
{"version":1,"timestamp":"2015-12-30 13:22:14 UTC","elevation":137,"source_type":11,"duration":1208820,"distance":1389,"elevation_gain":5,"elevation_loss":10},
{"version":1,"timestamp":"2015-12-30 13:22:16 UTC","elevation":137,"source_type":11,"duration":1210821,"distance":1393,"elevation_gain":5,"elevation_loss":10},
{"version":1,"timestamp":"2015-12-30 13:22:20 UTC","elevation":137,"source_type":11,"duration":1214817,"distance":1397,"elevation_gain":5,"elevation_loss":10},
{"version":1,"timestamp":"2015-12-30 13:22:24 UTC","elevation":137,"source_type":11,"duration":1218822,"distance":1401,"elevation_gain":5,"elevation_loss":10},
{"version":1,"timestamp":"2015-12-30 13:22:28 UTC","elevation":137,"source_type":11,"duration":1222821,"distance":1405,"elevation_gain":5,"elevation_loss":10},
{"version":1,"timestamp":"2015-12-30 13:22:32 UTC","elevation":136,"source_type":11,"duration":1226817,"distance":1409,"elevation_gain":5,"elevation_loss":10},
{"version":1,"timestamp":"2015-12-30 13:22:36 UTC","elevation":136,"source_type":11,"duration":1230822,"distance":1414,"elevation_gain":5,"elevation_loss":10},
{"version":1,"timestamp":"2015-12-30 13:22:40 UTC","elevation":136,"source_type":11,"duration":1234819,"distance":1418,"elevation_gain":5,"elevation_loss":10},
{"version":1,"timestamp":"2015-12-30 13:22:42 UTC","elevation":136,"source_type":11,"duration":1236819,"distance":1421,"elevation_gain":5,"elevation_loss":10},
{"version":1,"timestamp":"2015-12-30 13:22:46 UTC","elevation":136,"source_type":11,"duration":1240818,"distance":1425,"elevation_gain":5,"elevation_loss":10},
{"version":1,"timestamp":"2015-12-30 13:22:52 UTC","elevation":136,"source_type":11,"duration":1246820,"distance":1429,"elevation_gain":5,"elevation_loss":10},
{"version":1,"timestamp":"2015-12-30 13:22:56 UTC","elevation":136,"source_type":11,"duration":1250820,"distance":1433,"elevation_gain":5,"elevation_loss":10},
{"version":1,"timestamp":"2015-12-30 13:23:00 UTC","elevation":136,"source_type":11,"duration":1254818,"distance":1437,"elevation_gain":5,"elevation_loss":10},
{"version":1,"timestamp":"2015-12-30 13:23:02 UTC","elevation":136,"source_type":11,"duration":1256818,"distance":1441,"elevation_gain":5,"elevation_loss":10},
{"version":1,"timestamp":"2015-12-30 13:23:06 UTC","elevation":136,"source_type":11,"duration":1260816,"distance":1445,"elevation_gain":5,"elevation_loss":10},
{"version":1,"timestamp":"2015-12-30 13:23:10 UTC","elevation":136,"source_type":11,"duration":1264819,"distance":1449,"elevation_gain":5,"elevation_loss":10},
{"version":1,"timestamp":"2015-12-30 13:23:14 UTC","elevation":136,"source_type":11,"duration":1268819,"distance":1453,"elevation_gain":5,"elevation_loss":10},
{"version":1,"timestamp":"2015-12-30 13:23:16 UTC","elevation":136,"source_type":11,"duration":1270823,"distance":1457,"elevation_gain":5,"elevation_loss":10},
{"version":1,"timestamp":"2015-12-30 13:23:18 UTC","elevation":135,"source_type":11,"duration":1272819,"distance":1460,"elevation_gain":5,"elevation_loss":10},
{"version":1,"timestamp":"2015-12-30 13:23:22 UTC","elevation":135,"source_type":11,"duration":1276819,"distance":1464,"elevation_gain":5,"elevation_loss":10},
{"version":1,"timestamp":"2015-12-30 13:23:24 UTC","elevation":135,"source_type":11,"duration":1278820,"distance":1468,"elevation_gain":5,"elevation_loss":10},
{"version":1,"timestamp":"2015-12-30 13:23:28 UTC","elevation":135,"source_type":11,"duration":1282818,"distance":1472,"elevation_gain":5,"elevation_loss":10},
{"version":1,"timestamp":"2015-12-30 13:23:30 UTC","elevation":135,"source_type":11,"duration":1284819,"distance":1475,"elevation_gain":5,"elevation_loss":10},
{"version":1,"timestamp":"2015-12-30 13:23:34 UTC","elevation":135,"source_type":11,"duration":1288820,"distance":1479,"elevation_gain":5,"elevation_loss":10},
{"version":1,"timestamp":"2015-12-30 13:23:38 UTC","elevation":135,"source_type":11,"duration":1292819,"distance":1483,"elevation_gain":5,"elevation_loss":10},
{"version":1,"timestamp":"2015-12-30 13:23:40 UTC","elevation":135,"source_type":11,"duration":1294818,"distance":1487,"elevation_gain":5,"elevation_loss":10},
{"version":1,"timestamp":"2015-12-30 13:23:44 UTC","elevation":135,"source_type":11,"duration":1298819,"distance":1491,"elevation_gain":5,"elevation_loss":10},
{"version":1,"timestamp":"2015-12-30 13:23:46 UTC","elevation":135,"source_type":11,"duration":1300811,"distance":1494,"elevation_gain":5,"elevation_loss":10},
{"version":1,"timestamp":"2015-12-30 13:23:52 UTC","elevation":135,"source_type":11,"duration":1306819,"distance":1499,"elevation_gain":5,"elevation_loss":10},
{"version":1,"timestamp":"2015-12-30 13:23:56 UTC","elevation":135,"source_type":11,"duration":1310821,"distance":1502,"elevation_gain":5,"elevation_loss":10},
{"version":1,"timestamp":"2015-12-30 13:24:00 UTC","elevation":136,"source_type":11,"duration":1314820,"distance":1506,"elevation_gain":5,"elevation_loss":10},
{"version":1,"timestamp":"2015-12-30 13:24:04 UTC","elevation":136,"source_type":11,"duration":1318819,"distance":1510,"elevation_gain":5,"elevation_loss":10},
{"version":1,"timestamp":"2015-12-30 13:24:08 UTC","elevation":136,"source_type":11,"duration":1322820,"distance":1514,"elevation_gain":5,"elevation_loss":10},
{"version":1,"timestamp":"2015-12-30 13:24:12 UTC","elevation":136,"source_type":11,"duration":1326819,"distance":1518,"elevation_gain":5,"elevation_loss":10},
{"version":1,"timestamp":"2015-12-30 13:24:14 UTC","elevation":136,"source_type":11,"duration":1328895,"distance":1521,"elevation_gain":5,"elevation_loss":10},
{"version":1,"timestamp":"2015-12-30 13:24:16 UTC","elevation":136,"source_type":11,"duration":1330823,"distance":1525,"elevation_gain":5,"elevation_loss":10},
{"version":1,"timestamp":"2015-12-30 13:24:20 UTC","elevation":136,"source_type":11,"duration":1334819,"distance":1529,"elevation_gain":5,"elevation_loss":10},
{"version":1,"timestamp":"2015-12-30 13:24:22 UTC","elevation":136,"source_type":11,"duration":1336818,"distance":1532,"elevation_gain":5,"elevation_loss":10},
{"version":1,"timestamp":"2015-12-30 13:24:24 UTC","elevation":136,"source_type":11,"duration":1338819,"distance":1536,"elevation_gain":5,"elevation_loss":10},
{"version":1,"timestamp":"2015-12-30 13:24:28 UTC","elevation":136,"source_type":11,"duration":1342832,"distance":1540,"elevation_gain":5,"elevation_loss":10},
{"version":1,"timestamp":"2015-12-30 13:24:30 UTC","elevation":136,"source_type":11,"duration":1344813,"distance":1544,"elevation_gain":5,"elevation_loss":10},
{"version":1,"timestamp":"2015-12-30 13:24:34 UTC","elevation":136,"source_type":11,"duration":1348818,"distance":1548,"elevation_gain":5,"elevation_loss":10},
{"version":1,"timestamp":"2015-12-30 13:24:36 UTC","elevation":136,"source_type":11,"duration":1350818,"distance":1551,"elevation_gain":5,"elevation_loss":10},
{"version":1,"timestamp":"2015-12-30 13:24:40 UTC","elevation":136,"source_type":11,"duration":1354822,"distance":1555,"elevation_gain":5,"elevation_loss":10},
{"version":1,"timestamp":"2015-12-30 13:24:44 UTC","elevation":136,"source_type":11,"duration":1358817,"distance":1559,"elevation_gain":5,"elevation_loss":10},
{"version":1,"timestamp":"2015-12-30 13:24:48 UTC","elevation":137,"source_type":11,"duration":1362823,"distance":1563,"elevation_gain":5,"elevation_loss":10},
{"version":1,"timestamp":"2015-12-30 13:24:50 UTC","elevation":137,"source_type":11,"duration":1364824,"distance":1567,"elevation_gain":5,"elevation_loss":10},
{"version":1,"timestamp":"2015-12-30 13:24:54 UTC","elevation":137,"source_type":11,"duration":1368817,"distance":1571,"elevation_gain":5,"elevation_loss":10},
{"version":1,"timestamp":"2015-12-30 13:24:56 UTC","elevation":137,"source_type":11,"duration":1370818,"distance":1575,"elevation_gain":5,"elevation_loss":10},
{"version":1,"timestamp":"2015-12-30 13:25:00 UTC","elevation":137,"source_type":11,"duration":1374819,"distance":1579,"elevation_gain":5,"elevation_loss":10},
{"version":1,"timestamp":"2015-12-30 13:25:04 UTC","elevation":137,"source_type":11,"duration":1378825,"distance":1583,"elevation_gain":5,"elevation_loss":10},
{"version":1,"timestamp":"2015-12-30 13:25:10 UTC","elevation":137,"source_type":11,"duration":1384822,"distance":1587,"elevation_gain":5,"elevation_loss":10},
{"version":1,"timestamp":"2015-12-30 13:25:12 UTC","elevation":137,"source_type":11,"duration":1386820,"distance":1590,"elevation_gain":5,"elevation_loss":10},
{"version":1,"timestamp":"2015-12-30 13:25:14 UTC","elevation":137,"source_type":11,"duration":1388823,"distance":1593,"elevation_gain":5,"elevation_loss":10},
{"version":1,"timestamp":"2015-12-30 13:25:18 UTC","elevation":137,"source_type":11,"duration":1392822,"distance":1597,"elevation_gain":5,"elevation_loss":10},
{"version":1,"timestamp":"2015-12-30 13:25:20 UTC","elevation":137,"source_type":11,"duration":1394818,"distance":1600,"elevation_gain":5,"elevation_loss":10},
{"version":1,"timestamp":"2015-12-30 13:25:24 UTC","elevation":137,"source_type":11,"duration":1398818,"distance":1604,"elevation_gain":5,"elevation_loss":10},
{"version":1,"timestamp":"2015-12-30 13:25:26 UTC","elevation":137,"source_type":11,"duration":1400823,"distance":1607,"elevation_gain":5,"elevation_loss":10},
{"version":1,"timestamp":"2015-12-30 13:25:30 UTC","elevation":137,"source_type":11,"duration":1404822,"distance":1611,"elevation_gain":5,"elevation_loss":10},
{"version":1,"timestamp":"2015-12-30 13:25:32 UTC","elevation":137,"source_type":11,"duration":1406818,"distance":1615,"elevation_gain":5,"elevation_loss":10},
{"version":1,"timestamp":"2015-12-30 13:25:34 UTC","elevation":137,"source_type":11,"duration":1408819,"distance":1618,"elevation_gain":5,"elevation_loss":10},
{"version":1,"timestamp":"2015-12-30 13:25:38 UTC","elevation":137,"source_type":11,"duration":1412822,"distance":1622,"elevation_gain":5,"elevation_loss":10},
{"version":1,"timestamp":"2015-12-30 13:25:42 UTC","elevation":137,"source_type":11,"duration":1416819,"distance":1626,"elevation_gain":5,"elevation_loss":10},
{"version":1,"timestamp":"2015-12-30 13:25:46 UTC","elevation":137,"source_type":11,"duration":1420834,"distance":1630,"elevation_gain":5,"elevation_loss":10},
{"version":1,"timestamp":"2015-12-30 13:25:50 UTC","elevation":137,"source_type":11,"duration":1424823,"distance":1634,"elevation_gain":5,"elevation_loss":10},
{"version":1,"timestamp":"2015-12-30 13:25:52 UTC","elevation":137,"source_type":11,"duration":1426823,"distance":1634,"elevation_gain":5,"elevation_loss":10},
{"version":1,"timestamp":"2015-12-30 13:25:54 UTC","elevation":137,"source_type":11,"duration":1428821,"distance":1638,"elevation_gain":5,"elevation_loss":10},
{"version":1,"timestamp":"2015-12-30 13:25:56 UTC","elevation":137,"source_type":11,"duration":1430821,"distance":1638,"elevation_gain":5,"elevation_loss":10},
{"version":1,"timestamp":"2015-12-30 13:25:58 UTC","elevation":137,"source_type":11,"duration":1432819,"distance":1641,"elevation_gain":5,"elevation_loss":10},
{"version":1,"timestamp":"2015-12-30 13:26:00 UTC","elevation":137,"source_type":11,"duration":1434819,"distance":1645,"elevation_gain":5,"elevation_loss":10},
{"version":1,"timestamp":"2015-12-30 13:26:04 UTC","elevation":137,"source_type":11,"duration":1438820,"distance":1648,"elevation_gain":5,"elevation_loss":10},
{"version":1,"timestamp":"2015-12-30 13:26:08 UTC","elevation":137,"source_type":11,"duration":1442819,"distance":1653,"elevation_gain":5,"elevation_loss":10},
{"version":1,"timestamp":"2015-12-30 13:26:10 UTC","elevation":137,"source_type":11,"duration":1444819,"distance":1656,"elevation_gain":5,"elevation_loss":10},
{"version":1,"timestamp":"2015-12-30 13:26:14 UTC","elevation":137,"source_type":11,"duration":1448826,"distance":1660,"elevation_gain":5,"elevation_loss":10},
{"version":1,"timestamp":"2015-12-30 13:26:16 UTC","elevation":137,"source_type":11,"duration":1450821,"distance":1663,"elevation_gain":5,"elevation_loss":10},
{"version":1,"timestamp":"2015-12-30 13:26:20 UTC","elevation":137,"source_type":11,"duration":1454822,"distance":1668,"elevation_gain":5,"elevation_loss":10},
{"version":1,"timestamp":"2015-12-30 13:26:22 UTC","elevation":137,"source_type":11,"duration":1456819,"distance":1671,"elevation_gain":5,"elevation_loss":10},
{"version":1,"timestamp":"2015-12-30 13:26:26 UTC","elevation":137,"source_type":11,"duration":1460822,"distance":1675,"elevation_gain":5,"elevation_loss":10},
{"version":1,"timestamp":"2015-12-30 13:26:28 UTC","elevation":137,"source_type":11,"duration":1462825,"distance":1678,"elevation_gain":5,"elevation_loss":10},
{"version":1,"timestamp":"2015-12-30 13:26:32 UTC","elevation":137,"source_type":11,"duration":1466819,"distance":1682,"elevation_gain":5,"elevation_loss":10},
{"version":1,"timestamp":"2015-12-30 13:26:34 UTC","elevation":137,"source_type":11,"duration":1468819,"distance":1685,"elevation_gain":5,"elevation_loss":10},
{"version":1,"timestamp":"2015-12-30 13:26:38 UTC","elevation":137,"source_type":11,"duration":1472818,"distance":1689,"elevation_gain":5,"elevation_loss":10},
{"version":1,"timestamp":"2015-12-30 13:26:42 UTC","elevation":137,"source_type":11,"duration":1476822,"distance":1693,"elevation_gain":5,"elevation_loss":10},
{"version":1,"timestamp":"2015-12-30 13:26:44 UTC","elevation":137,"source_type":11,"duration":1478820,"distance":1696,"elevation_gain":5,"elevation_loss":10},
{"version":1,"timestamp":"2015-12-30 13:26:48 UTC","elevation":137,"source_type":11,"duration":1482819,"distance":1700,"elevation_gain":5,"elevation_loss":10},
{"version":1,"timestamp":"2015-12-30 13:26:52 UTC","elevation":137,"source_type":11,"duration":1486815,"distance":1704,"elevation_gain":5,"elevation_loss":10},
{"version":1,"timestamp":"2015-12-30 13:26:56 UTC","elevation":136,"source_type":11,"duration":1490825,"distance":1708,"elevation_gain":5,"elevation_loss":10},
{"version":1,"timestamp":"2015-12-30 13:26:58 UTC","elevation":136,"source_type":11,"duration":1492822,"distance":1711,"elevation_gain":5,"elevation_loss":10},
{"version":1,"timestamp":"2015-12-30 13:27:00 UTC","elevation":136,"source_type":11,"duration":1494818,"distance":1711,"elevation_gain":5,"elevation_loss":10},
{"version":1,"timestamp":"2015-12-30 13:27:02 UTC","elevation":136,"source_type":11,"duration":1496819,"distance":1715,"elevation_gain":5,"elevation_loss":10},
{"version":1,"timestamp":"2015-12-30 13:27:04 UTC","elevation":136,"source_type":11,"duration":1498829,"distance":1718,"elevation_gain":5,"elevation_loss":10},
{"version":1,"timestamp":"2015-12-30 13:27:08 UTC","elevation":136,"source_type":11,"duration":1502818,"distance":1722,"elevation_gain":5,"elevation_loss":10},
{"version":1,"timestamp":"2015-12-30 13:27:10 UTC","elevation":136,"source_type":11,"duration":1504819,"distance":1726,"elevation_gain":5,"elevation_loss":10},
{"version":1,"timestamp":"2015-12-30 13:27:14 UTC","elevation":136,"source_type":11,"duration":1508817,"distance":1730,"elevation_gain":5,"elevation_loss":10},
{"version":1,"timestamp":"2015-12-30 13:27:18 UTC","elevation":136,"source_type":11,"duration":1512826,"distance":1730,"elevation_gain":5,"elevation_loss":10},
{"version":1,"timestamp":"2015-12-30 13:27:20 UTC","elevation":136,"source_type":11,"duration":1514821,"distance":1730,"elevation_gain":5,"elevation_loss":10},
{"version":1,"timestamp":"2015-12-30 13:27:40 UTC","elevation":137,"source_type":11,"duration":1516816,"distance":1745,"elevation_gain":5,"elevation_loss":10},
{"version":1,"timestamp":"2015-12-30 13:27:44 UTC","elevation":137,"source_type":11,"duration":1520821,"distance":1753,"elevation_gain":5,"elevation_loss":10},
{"version":1,"timestamp":"2015-12-30 13:27:48 UTC","elevation":137,"source_type":11,"duration":1524819,"distance":1760,"elevation_gain":5,"elevation_loss":10},
{"version":1,"timestamp":"2015-12-30 13:27:52 UTC","elevation":137,"source_type":11,"duration":1528816,"distance":1766,"elevation_gain":5,"elevation_loss":10},
{"version":1,"timestamp":"2015-12-30 13:27:58 UTC","elevation":137,"source_type":11,"duration":1534822,"distance":1774,"elevation_gain":5,"elevation_loss":10},
{"version":1,"timestamp":"2015-12-30 13:28:04 UTC","elevation":137,"source_type":11,"duration":1540817,"distance":1781,"elevation_gain":5,"elevation_loss":10},
{"version":1,"timestamp":"2015-12-30 13:28:10 UTC","elevation":138,"source_type":11,"duration":1546821,"distance":1789,"elevation_gain":5,"elevation_loss":10},
{"version":1,"timestamp":"2015-12-30 13:28:16 UTC","elevation":138,"source_type":11,"duration":1552816,"distance":1797,"elevation_gain":5,"elevation_loss":10},
{"version":1,"timestamp":"2015-12-30 13:28:20 UTC","elevation":138,"source_type":11,"duration":1556814,"distance":1804,"elevation_gain":5,"elevation_loss":10},
{"version":1,"timestamp":"2015-12-30 13:28:26 UTC","elevation":138,"source_type":11,"duration":1562817,"distance":1813,"elevation_gain":5,"elevation_loss":10},
{"version":1,"timestamp":"2015-12-30 13:28:32 UTC","elevation":138,"source_type":11,"duration":1568816,"distance":1821,"elevation_gain":5,"elevation_loss":10},
{"version":1,"timestamp":"2015-12-30 13:28:38 UTC","elevation":138,"source_type":11,"duration":1574817,"distance":1830,"elevation_gain":5,"elevation_loss":10},
{"version":1,"timestamp":"2015-12-30 13:28:44 UTC","elevation":138,"source_type":11,"duration":1580818,"distance":1838,"elevation_gain":5,"elevation_loss":10},
{"version":1,"timestamp":"2015-12-30 13:28:46 UTC","elevation":138,"source_type":11,"duration":1582819,"distance":1838,"elevation_gain":5,"elevation_loss":10},
{"version":1,"timestamp":"2015-12-30 13:28:48 UTC","elevation":138,"source_type":11,"duration":1584817,"distance":1838,"elevation_gain":5,"elevation_loss":10},
{"version":1,"timestamp":"2015-12-30 13:28:50 UTC","elevation":138,"source_type":11,"duration":1586816,"distance":1846,"elevation_gain":5,"elevation_loss":10},
{"version":1,"timestamp":"2015-12-30 13:28:52 UTC","elevation":138,"source_type":11,"duration":1588817,"distance":1846,"elevation_gain":5,"elevation_loss":10},
{"version":1,"timestamp":"2015-12-30 13:28:56 UTC","elevation":138,"source_type":11,"duration":1592819,"distance":1852,"elevation_gain":5,"elevation_loss":10},
{"version":1,"timestamp":"2015-12-30 13:29:00 UTC","elevation":138,"source_type":11,"duration":1596816,"distance":1860,"elevation_gain":5,"elevation_loss":10},
{"version":1,"timestamp":"2015-12-30 13:29:04 UTC","elevation":138,"source_type":11,"duration":1600816,"distance":1866,"elevation_gain":5,"elevation_loss":10},
{"version":1,"timestamp":"2015-12-30 13:29:06 UTC","elevation":138,"source_type":11,"duration":1602815,"distance":1866,"elevation_gain":5,"elevation_loss":10},
{"version":1,"timestamp":"2015-12-30 13:29:08 UTC","elevation":138,"source_type":11,"duration":1604817,"distance":1866,"elevation_gain":5,"elevation_loss":10},
{"version":1,"timestamp":"2015-12-30 13:29:10 UTC","elevation":138,"source_type":11,"duration":1606817,"distance":1866,"elevation_gain":5,"elevation_loss":10},
{"version":1,"timestamp":"2015-12-30 13:29:12 UTC","elevation":138,"source_type":11,"duration":1608819,"distance":1874,"elevation_gain":5,"elevation_loss":10},
{"version":1,"timestamp":"2015-12-30 13:29:14 UTC","elevation":138,"source_type":11,"duration":1610911,"distance":1874,"elevation_gain":5,"elevation_loss":10},
{"version":1,"timestamp":"2015-12-30 13:29:16 UTC","elevation":138,"source_type":11,"duration":1612817,"distance":1874,"elevation_gain":5,"elevation_loss":10},
{"version":1,"timestamp":"2015-12-30 13:29:18 UTC","elevation":138,"source_type":11,"duration":1614817,"distance":1874,"elevation_gain":5,"elevation_loss":10},
{"version":1,"timestamp":"2015-12-30 13:29:20 UTC","elevation":138,"source_type":11,"duration":1616818,"distance":1877,"elevation_gain":5,"elevation_loss":10},
{"version":1,"timestamp":"2015-12-30 13:29:24 UTC","elevation":138,"source_type":11,"duration":1620820,"distance":1881,"elevation_gain":5,"elevation_loss":10},
{"version":1,"timestamp":"2015-12-30 13:29:26 UTC","elevation":138,"source_type":11,"duration":1622819,"distance":1885,"elevation_gain":5,"elevation_loss":10},
{"version":1,"timestamp":"2015-12-30 13:29:28 UTC","elevation":138,"source_type":11,"duration":1624829,"distance":1888,"elevation_gain":5,"elevation_loss":10},
{"version":1,"timestamp":"2015-12-30 13:29:32 UTC","elevation":138,"source_type":11,"duration":1628816,"distance":1892,"elevation_gain":5,"elevation_loss":10},
{"version":1,"timestamp":"2015-12-30 13:29:34 UTC","elevation":138,"source_type":11,"duration":1630819,"distance":1896,"elevation_gain":5,"elevation_loss":10},
{"version":1,"timestamp":"2015-12-30 13:29:36 UTC","elevation":138,"source_type":11,"duration":1632816,"distance":1899,"elevation_gain":5,"elevation_loss":10},
{"version":1,"timestamp":"2015-12-30 13:29:40 UTC","elevation":138,"source_type":11,"duration":1636818,"distance":1903,"elevation_gain":5,"elevation_loss":10},
{"version":1,"timestamp":"2015-12-30 13:29:42 UTC","elevation":138,"source_type":11,"duration":1638818,"distance":1906,"elevation_gain":5,"elevation_loss":10},
{"version":1,"timestamp":"2015-12-30 13:29:46 UTC","elevation":138,"source_type":11,"duration":1642817,"distance":1909,"elevation_gain":5,"elevation_loss":10},
{"version":1,"timestamp":"2015-12-30 13:29:48 UTC","elevation":138,"source_type":11,"duration":1644820,"distance":1909,"elevation_gain":5,"elevation_loss":10},
{"version":1,"timestamp":"2015-12-30 13:29:50 UTC","elevation":138,"source_type":11,"duration":1646821,"distance":1909,"elevation_gain":5,"elevation_loss":10},
{"version":1,"timestamp":"2015-12-30 13:29:52 UTC","elevation":138,"source_type":11,"duration":1648818,"distance":1909,"elevation_gain":5,"elevation_loss":10},
{"version":1,"timestamp":"2015-12-30 13:29:54 UTC","elevation":138,"source_type":11,"duration":1650824,"distance":1909,"elevation_gain":5,"elevation_loss":10}]