[{"version":1,"timestamp":1473804000000,"precision":15,"offset":0,"value":0},
{"version":1,"timestamp":1473804000000,"precision":15,"offset":15,"value":0},
{"version":1,"timestamp":1473804000000,"precision":15,"offset":30,"value":0},
{"version":1,"timestamp":1473804000000,"precision":15,"offset":45,"value":0},
{"version":1,"timestamp":1473804000000,"precision":15,"offset":60,"value":0},
{"version":1,"timestamp":1473804000000,"precision":15,"offset":75,"value":0},
{"version":1,"timestamp":1473804000000,"precision":15,"offset":90,"value":0},
{"version":1,"timestamp":1473804000000,"precision":15,"offset":105,"value":0},
{"version":1,"timestamp":1473804000000,"precision":15,"offset":120,"value":0},
{"version":1,"timestamp":1473804000000,"precision":15,"offset":135,"value":0},
{"version":1,"timestamp":1473804000000,"precision":15,"offset":150,"value":0},
{"version":1,"timestamp":1473804000000,"precision":15,"offset":165,"value":0},
{"version":1,"timestamp":1473804000000,"precision":15,"offset":180,"value":0},
{"version":1,"timestamp":1473804000000,"precision":15,"offset":195,"value":0},
{"version":1,"timestamp":1473804000000,"precision":15,"offset":210,"value":0},
{"version":1,"timestamp":1473804000000,"precision":15,"offset":225,"value":0},
{"version":1,"timestamp":1473804000000,"precision":15,"offset":240,"value":0},
{"version":1,"timestamp":1473804000000,"precision":15,"offset":255,"value":0},
{"version":1,"timestamp":1473804000000,"precision":15,"offset":270,"value":0},
{"version":1,"timestamp":1473804000000,"precision":15,"offset":285,"value":0},
{"version":1,"timestamp":1473804000000,"precision":15,"offset":300,"value":0},
{"version":1,"timestamp":1473804000000,"precision":15,"offset":315,"value":0},
{"version":1,"timestamp":1473804000000,"precision":15,"offset":330,"value":0},
{"version":1,"timestamp":1473804000000,"precision":15,"offset":345,"value":0},
{"version":1,"timestamp":1473804000000,"precision":15,"offset":360,"value":0},
{"version":1,"timestamp":1473804000000,"precision":15,"offset":375,"value":0},
{"version":1,"timestamp":1473804000000,"precision":15,"offset":390,"value":0},
{"version":1,"timestamp":1473804000000,"precision":15,"offset":405,"value":0},
{"version":1,"timestamp":1473804000000,"precision":15,"offset":420,"value":0},
{"version":1,"timestamp":1473804000000,"precision":15,"offset":435,"value":0},
{"version":1,"timestamp":1473804000000,"precision":15,"offset":450,"value":0},
{"version":1,"timestamp":1473804000000,"precision":15,"offset":465,"value":0},
{"version":1,"timestamp":1473804000000,"precision":15,"offset":480,"value":0},
{"version":1,"timestamp":1473804000000,"precision":15,"offset":495,"value":0},
{"version":1,"timestamp":1473804000000,"precision":15,"offset":510,"value":0},
{"version":1,"timestamp":1473804000000,"precision":15,"offset":525,"value":0},
{"version":1,"timestamp":1473804000000,"precision":15,"offset":540,"value":0},
{"version":1,"timestamp":1473804000000,"precision":15,"offset":555,"value":0},
{"version":1,"timestamp":1473804000000,"precision":15,"offset":570,"value":0},
{"version":1,"timestamp":1473804000000,"precision":15,"offset":585,"value":0},
{"version":1,"timestamp":1473804000000,"precision":15,"offset":600,"value":0},
{"version":1,"timestamp":1473804000000,"precision":15,"offset":615,"value":0},
{"version":1,"timestamp":1473804000000,"precision":15,"offset":630,"value":0},
{"version":1,"timestamp":1473804000000,"precision":15,"offset":645,"value":0},
{"version":1,"timestamp":1473804000000,"precision":15,"offset":660,"value":0},
{"version":1,"timestamp":1473804000000,"precision":15,"offset":675,"value":0},
{"version":1,"timestamp":1473804000000,"precision":15,"offset":690,"value":0},
{"version":1,"timestamp":1473804000000,"precision":15,"offset":705,"value":0},
{"version":1,"timestamp":1473804000000,"precision":15,"offset":720,"value":0},
{"version":1,"timestamp":1473804000000,"precision":15,"offset":735,"value":0},
{"version":1,"timestamp":1473804000000,"precision":15,"offset":750,"value":0},
{"version":1,"timestamp":1473804000000,"precision":15,"offset":765,"value":0},
{"version":1,"timestamp":1473804000000,"precision":15,"offset":780,"value":0},
{"version":1,"timestamp":1473804000000,"precision":15,"offset":795,"value":0},
{"version":1,"timestamp":1473804000000,"precision":15,"offset":810,"value":0},
{"version":1,"timestamp":1473804000000,"precision":15,"offset":825,"value":0},
{"version":1,"timestamp":1473804000000,"precision":15,"offset":840,"value":0},
{"version":1,"timestamp":1473804000000,"precision":15,"offset":855,"value":0},
{"version":1,"timestamp":1473804000000,"precision":15,"offset":870,"value":0},
{"version":1,"timestamp":1473804000000,"precision":15,"offset":885,"value":0},
{"version":1,"timestamp":1473804000000,"precision":15,"offset":900,"value":0},
{"version":1,"timestamp":1473804000000,"precision":15,"offset":915,"value":0},
{"version":1,"timestamp":1473804000000,"precision":15,"offset":930,"value":0},
{"version":1,"timestamp":1473804000000,"precision":15,"offset":945,"value":0},
{"version":1,"timestamp":1473804000000,"precision":15,"offset":960,"value":0},
{"version":1,"timestamp":1473804000000,"precision":15,"offset":975,"value":0}]